col_1,Vehicle,Repair Description,Start,End,Site,Remarks,col_8,Major-MJ  Minor-MR
2023/3/R/27,LO-5981,Replaced fuel filters 135198Km,2023-03-13,2023-03-13,Badalgama,,,
2023/3/R/28,AC-38,change filters,2023-03-14,2023-03-20,Muthur plant,,,
2023/3/R/29,GE-82,change filters,2023-03-14,2023-03-20,Muthur plant,,,
2023/3/R/30,LA-9208,Gear box repair,2023-03-14,2023-09-10,Muthur plant,,,
2023/3/R/31,LJ-5559,Starter motor repair-katana,2023-03-14,2023-03-31,Muthur plant,,,
2023/3/R/32,police power generator,,2023-02-02,2023-03-20,Badalgama,,,
2023/3/R/33,HU-5097,adjusted hand brakes,2023-03-14,2023-03-14,Badalgama,,,
2023/3/R/34,ZA-2963,"hy. leak, alternator leak",2023-03-14,2023-03-16,Katana,,,
2023/3/R/35,TM-20,Hy.sys. Defect,2023-03-14,2023-03-23,Badalgama,,,
2023/3/R/36,LK-5041,Radiator core water leak,2023-03-11,2023-03-17,Badalgama,,,
2023/3/R/37,49-2288,"service , steering seal leak",2023-03-12,2023-03-23,Badalgama,,,
2023/3/R/38,PD-6917,"starting defect, hand brake repair",2023-03-14,2023-03-14,Badalgama,,,
2023/3/R/39,LN-1867,Engine minor repair,2023-02-13,2023-06-23,Badalgama,,,
2023/3/R/40,ZA-2963,U-joint bolt replacing,2023-03-15,2023-03-15,Katana,,,
2023/3/R/41,ZA-6069,"replaced outriger & loader lift jack seal, multi bucket repair",2023-03-15,2023-03-20,Galenbidunuwewa,,,
2023/3/R/42,PA-6398,"starter key cuttng,wheel alignment",2023-03-15,2023-03-16,chilaw,,,
2023/3/R/43,RA-3051,"servie, tyre ,battery, elec. Repair",2023-03-15,2023-05-25,Mundalama Estate,,,
2023/3/R/44,SL-11,Travelling motor repair,2023-03-18,2023-03-28,Badalgama,,,
2023/3/R/45,AC-32,"Replaced water jacket, inspection machine condition",2023-03-17,2023-03-20,Badalgama,,,
2023/3/R/46,ZA-2964,"Alternator repair, backhoe clamp housing oil leak",2023-03-17,2023-03-24,Katana,,,
2023/3/R/47,ASC-13,Starting defect,2023-03-20,2023-03-31,Katana,,,
2023/3/R/48,48-4849,clutch repair,2023-03-18,2023-03-24,Badalgama,,,
2023/3/R/49,RD-3536,"Elec. Repair, fan pulley",2023-06-15,2023-07-04,Badalgama,,,
2023/3/R/50,LB-4824,brake repair,2023-03-22,2023-05-08,solution,,,
2023/3/R/51,DAH-2491,"check brake pads, spring blade bushing",2023-03-22,2023-03-23,Katana,,,
2023/3/R/52,LY-4524,low bed tailor brake repair,2023-03-13,2023-03-20,Badalgama,,,
2023/3/R/53,HEX-22,"silensor repair, fix main switch, battery post rpair, jack seal replace, check track adjustment, elec. Repair",2023-03-22,2023-04-23,Kottukachchi,,,
2023/3/R/54,LO-7855,"cltch slave pump oil leak, boom accelerator check , wheel alignment",2023-03-22,2023-03-22,solution,,,
2023/3/R/55,PTR-06,steering seal,2023-03-21,2023-03-24,Badalgama,,,
2023/3/R/56,SR-04,"service, fan belt",2023-03-21,2023-03-23,Badalgama,,,
2023/3/R/57,LK-5586,"spring blade repair,runing repair",2023-03-22,2023-05-12,Badalgama,,,
2023/3/R/58,Bar bender,electric motor re-winding,2023-03-22,,Maggona,,,
2023/3/R/59,ZA-8373,replaced jack seal,2023-03-21,2023-04-25,Badalgama,,,
2023/3/R/60,LK-5047,"service , running repair, spring blade repair",2023-03-23,2023-03-28,Badalgama,,,
2023/3/R/61,ZA-6255,"service , running repair",2023-03-23,,Badalgama,Not done,,
2023/3/R/62,SL-03,Bucket pin bush repair,,,Badalgama,Not done,,
2023/3/R/63,HEX-24,"dozer jack oil leak, check starter motor",2023-03-27,2023-04-28,Badalgama,,,
2023/3/R/64,PH-6747,"seat cushion,fuel sys. Reapir",2023-03-23,2023-04-27,Badalgama,,,
2023/3/R/65,PA-6398,"brake repair, check hub bearing, service",2023-04-01,2023-04-05,Badalgama,,,
2023/3/R/66,RS-0483,Backhoe clamp seal,2023-03-23,2023-03-24,Katana,,,
2023/3/R/67,LD-05,External repair,2023-03-24,2023-03-25,Badalgama,,,
2023/3/R/68,3 phase motor,winding,2023-03-23,,Badalgama,A/plant,,
2023/3/R/69,PA-4193,"3rd gear cant engage, LHS door glass cant operate by switch, fix reverse lamp",2023-03-25,2023-03-31,H/O,,,
2023/3/R/70,325-5120,"alternator repair, starter motor repair, check lights",2023-07-01,2023-07-10,Badalgama,,,
2023/3/R/71,ZA-2963,Rear RHS wheel not rotate,2023-03-25,2023-03-31,Katana,,,
2023/3/R/72,HU-5097,Elec repair,2023-03-18,2023-03-18,Badalgama,,,
2023/3/R/73,ASC-23,starting defect,2023-03-25,2023-03-31,Katana,,,
2023/3/R/74,LK-4061,"Elec .repair,service",2023-03-28,2023-03-28,Badalgama,,,
2023/3/R/75,AP-08,hy.jack repair,2023-03-27,2023-03-27,Mihinthale ,,,
2023/3/R/76,LC-0434,"fuel sys. Repair,boom stabilizer repair",2023-03-29,2023-09-24,Badalgama,,,
2023/3/R/77,LI-2427,"Air sys. Repair,battery not charging, MNW",2023-03-30,2023-04-04,Badalgama,,,
2023/3/R/78,LN-8277,"hy. & E/oil leak, Comp. air leak, dash board indicators not work",2023-03-30,2023-04-10,Badalgama,,,
2023/3/R/79,LN-8278,"F/LH side mirror doesnot turn,adjusted clutch, dash board meter repair",2023-03-30,2023-03-31,Badalgama,,,
2023/3/R/80,LK-5041,"compressed air leak,RHS side lamp",2023-03-31,2023-03-31,Badalgama,,,
2023/3/R/81,LN-8279,"Service,F/bumper repair",2023-03-31,2023-04-01,Badalgama,,,
2023/3/R/82,HEX-22,"silensor repair, jack seal, battery post filling, tappet cover oil leak, arm end bushing & pin filling",2023-03-31,2023-04-23,Badalgama,,,
2023/3/R/83,LH-5586,"kin pin repair, silensor repair, s/motor repair",2023-03-31,2023-04-07,Badalgama,,,
2023/3/R/84,RS-0483,hy. cooler & trans. Oil cooler repair,2023-03-31,2023-04-07,Katana,,,
2023/4/R/85,HD-9005,"air brake line joining, elec. Wire line joining, hy. jack repair(stabilizer)",2023-04-01,2023-04-05,Badalgama,,,
2023/4/R/86,DAH-2231,fuel sys. Repair,2023-04-06,2023-04-22,Galenbidunuwewa,,,
2023/4/R/87,PR-1469,Gear lever sys.repair,2023-04-03,2023-04-03,Katana,,,
2023/4/R/88,ZA-7092,"service, tyre change & light repair, hy. leak from breaker line, backhoe arm can't operate",2023-05-24,2023-05-27,Puttlam,,,
2023/4/R/89,LD-8875,"service & parking brake repair, check lights,horn, signal ,wiper, service",2023-04-05,2023-06-19,Puttlam,,,
2023/4/R/90,59-5421,"Abnormal sound from rear wheels, brake repair, door winder repair, fix rear buffer",2023-04-04,2023-04-06,Badalgama,,,
2023/4/R/91,BFR-4276,"service, change brake pad, rear tyre change, check & replace chain sprocket",2023-04-04,2023-04-20,Katana,,,
2023/4/R/92,PH-6747,Check & replace u-joint,2023-04-05,2023-04-08,Badalgama,,,
2023/4/R/93,DAH-2228,"Replace R-spring bushes, check F/spring blade & forming, tyre change, check alignment, check tie rod, side glass can't lift",2023-04-05,2023-04-28,chilaw,,,
2023/4/R/94,LD-03,"Loader bucket repair, replaced loader bucket jack seal, check & repair starter motor, battery not charging",2023-04-04,2023-04-05,Mihinthale ,,,
2023/4/R/95,PA-4879,"check & repair starter motor, battery not charging",2023-04-20,2023-07-13,Muthur plant,,,
2023/4/R/96,SR-04,Starter motor repair,2023-04-05,2023-04-08,Mihinthale ,,,
2023/4/R/97,LO-7181,"Replaced F/air brake hose, lubricated accelerator cable, ",2023-04-06,2023-04-07,Badalgama,,,
2023/4/R/98,LP-1578,"check service, Fix f/mud cover, replaced R/RHS tail light lence, F/RHS signal light repair, check head light",2023-04-06,,Badalgama,Not done,,
2023/4/R/99,LP-1582,"R/LH tail light lence, spring blade braket both side, check R/brake drum, service & grease, diesel leak from tank, F/RH park light",2023-04-06,,Badalgama,Not done,,
2023/4/R/100,DAH-2231,"check diesel pump, service",2023-04-06,2023-04-22,Galenbidunuwewa,,,
2023/4/R/101,SL-04,"Travelling sys. Repair, machine slow of operation",,,Galenbidunuwewa,Not done,,
2023/4/R/102,LI-3851,"Gear box oil leak, starting defect, replace tail lamp",2023-05-24,2023-05-27,Galenbidunuwewa,,,
2023/4/R/103,LY-4524,"Fix cabin baloon, check & repair ramp motor, alternator repair-sumith",2023-04-06,2023-04-06,Badalgama,,,
2023/4/R/104,LA-1359,"check & repair brake & park light, service brake, parking brake ",2023-04-06,2023-04-08,Badalgama,,,
2023/4/R/105,LB-02,Replace backhoe arm jack seal,2023-04-06,2023-04-07,Katana,,,
2023/4/R/106,LY-4524,Armature repair,2023-04-07,2023-04-21,Badalgama,,,
2023/4/R/107,SR-08,Hy. pump repair,2023-04-06,2023-08-10,Badalgama,,,
2023/4/R/108,PD-4739,Replaced brake master pump,2023-04-08,2023-04-08,Badalgama,,,
2023/4/R/109,PR-1469,"E/oil leak ,service, deck repair",2023-04-19,2023-05-09,Katana,,,
2023/4/R/110,PD-4739,Replaced F/hub bearings,2023-04-19,2023-04-19,Badalgama,,,
2023/4/R/111,RS-0483,Alternator repair(Sadasarana Motor),2023-04-20,,Katana,Cancel,,
2023/4/R/112,LL-1782,"Adjusted clutch, repaired h/brake cable, compressed air leak, steering cover, AC repair, Elec. Repair-lights, replaced ramp jack seal",2023-04-20,2023-04-21,Badalgama,,,
2023/4/R/113,RS-0748,Fix fan blade with flange,2023-04-22,2023-04-22,Mundalama Estate,,,
2023/4/R/114,59-5421,Replaced crank oil seal,2023-04-24,2023-04-30,Badalgama,4JB1,,
2023/4/R/115,SR-04,starter motor repair(sadasarana),2023-04-24,2023-04-26,Badalgama,,,
2023/4/R/116,ZA-7968,Replace jack seal,2023-05-14,2023-05-14,Mihinthale ,,,
2023/4/R/117,LN-8278,RHS door winder assy. Repair,2023-04-25,2023-05-11,Badalgama,,,
2023/4/R/118,49-2288,Replaced low link pin,2023-04-25,2023-05-08,Mundalama Estate,,,
2023/4/R/119,MG-07,Replaced guide rail,2023-06-01,2023-06-03,Galenbidunuwewa,,,
2023/4/R/120,LK-2366,Replace power steering box,2023-06-25,2023-06-28,Badalgama,,,
2023/4/R/121,HEX-24,starter motor repair(sadasarana),2023-04-26,2023-04-24,Badalgama,Komatsu PC-40,,
2023/4/R/122,LN-8277,Accident repair(boom),2023-04-19,2023-07-15,Badalgama,,,
2023/4/R/123,PH-6747,Injector pump check & repair(awishka-Kandawala),2023-04-27,2023-04-27,,263537Km,,
2023/4/R/124,PD-6917,"Check & repair alternator, signal lamp-sumith-Katana",2023-04-29,2023-04-29,Badalgama,,,
2023/4/R/125,LM-6653,Ramp jack shaft replace,2023-04-22,2023-04-22,Badalgama,,,
2023/4/R/126,ZA-7965,"Replace tie rods, f/axel oil seal, bucket jack seal, radiator cap, service, backhoe bucket repair, outtriger pads, adjust brakes, elec. Repair-sumith",2023-04-29,2023-05-12,Katana,,,
2023/4/R/127,HEX-07,"Brake repair, service",2023-04-29,,Chilaw,Cancel,,
2023/5/R/128,PH-0765,"wiper not work, service, replace balance bar bush, D-bush, bracket, abnormal noise from F/LH wheel",2023-05-02,2023-05-04,Katana,Bolero camper gold,,
2023/5/R/129,HU-5097,"Starter key cutting , tyre checking",2023-05-02,2023-05-02,Badalgama,,,
2023/5/R/130,HEX-23,"hy. leak, arm end bushing, pin repair",2023-05-01,2023-05-03,Badalgama,SK-200 long arm,,
2023/5/R/131,ZA-8511,"check wiper, vehicle moving left when apply brakes, ",2023-05-02,2023-05-18,Badalgama,,,
2023/5/R/132,HEX-39,condensor fan repair,2023-03-27,2023-04-22,chilaw,,,
2023/5/R/133,PR-1469,Elec. Repair-Sumith-Katana,2023-05-07,2023-05-08,Katana,,,
2023/5/R/134,VR-52,"servcie,check hy.",2023-05-07,2023-05-07,Maggona,CAT,,
2023/5/R/135,PJ-6376,Head light repair,2023-05-08,2023-05-08,Badalgama,,,
2023/5/R/136,PH-6747,"Brake , king pin, tie rod end, check alignment",2023-05-08,2023-05-14,Badalgama,,,
2023/5/R/137,40-2955,"diesel tank cap, chassis repair, hard starting, abnormal wear of tyre",2023-05-10,2023-06-15,chilaw,,,
2023/5/R/138,AC-38,"Injector pressure testing ,service",2023-04-20,2023-05-04,Muthur plant,,,
2023/5/R/139,LJ-5559,Injector pump repair,2023-04-20,2023-05-04,Muthur plant,,,
2023/5/R/140,59-5421,"Abnormal noise of u-joints & rear wheel, fix rear buffer, oil leak(engine), F/RH door winder,rear door repair, R/LH side glass can't operate",2023-05-08,2023-05-10,Badalgama,,,
2023/5/R/141,BDI-8556,"service, running repair",2023-04-04,2023-04-04,Puttlam,,,
2023/5/R/142,TM-17,Repaired by C-Com,2023-05-09,2023-05-09,Wellawaya,,,
2023/5/R/143,HEX-33,,2023-05-09,2023-06-05,W/S C-com,,,
2023/5/R/144,HEX-24,Replace armature,2023-05-11,2023-05-22,Katana,,,
2023/5/R/145,51-7158,"service, tail lamp, F/RH door glass & winder",2023-05-12,2023-05-16,Badalgama,,,
2023/5/R/146,LK-2276,"E/oil leak from oil filter, MNW, compressed air leak, heat meter NW, Engine stop repair",2023-05-13,2023-05-13,Nawagattegama,TATA 909,,
2023/5/R/147,HEX-19,Engine overheating,2023-05-13,2023-05-16,Gammirisgaswewa,PC-120,,
2023/5/R/148,SL-03,Check & repair,2023-06-15,2023-08-15,Badalgama,,,
2023/5/R/149,SL-10,"check & repair, replaced travelling motor seal kit",2023-06-01,2023-06-16,Badalgama,,,
2023/5/R/150,SL-12,Check & repair,,,Badalgama,Not done,,
2023/5/R/151,SL-16,Check & repair,2023-06-07,2023-06-16,Badalgama,,,
2023/5/R/152,SL-08,"Travelling motor oil leak, silensor repair",,,Galenbidunuwewa,Not done,,
2023/5/R/153,ZA-2964,"Alternator repair-Sumith, water leak from R/hose, R/cap",2023-05-13,2023-05-15,Katana,,,
2023/5/R/154,RS-0483,Replaced backhoe clamp seal,2023-05-15,2023-05-18,Katana,,,
2023/5/R/155,LO-7183,Replaced clutch pump - up,2023-05-16,2023-05-18,Katana,,,
2023/5/R/156,PA-6399,"Brake pedal lowering, B/oil leak low pump, check u-joint & propellar shaft, Elec. Repair(tail light, signal), F/body accident repair, gearbox repair",2023-05-16,2023-06-01,Mihinthale ,,,
2023/5/R/157,GE-145,Starter motor repair-sumith,2023-05-17,2023-05-26,Badalgama,,,
2023/5/R/158,PD-6917,"Alternator repair(E/oil leak)-sumith, Replaced",2023-05-18,2023-05-18,Badalgama,,,
2023/5/R/159,48-4849,"hub oil seal, air leak from hose, air leak from hose, MNW, light repair",2023-05-18,2023-05-18,Badalgama,,,
2023/5/R/160,LL-0920,"No Tipping, accelerator pedal repair, replaced air filter, cabin R galss repair, brake repair",2023-05-18,2023-07-09,Badalgama,,,
2023/5/R/161,LD-02,"HY. leak, E/oil burning, repace jack seal, R/tyre repair, loader bucket rtepair, hy. leak fron hoses",2023-05-20,2023-07-01,Chilaw,,,
2023/5/R/162,SR-06,"check drum mount, hy. hose repair, Fuel feed pump oil leak, steering wheel & silensor repair",2023-06-26,2023-08-08,Galenbidunuwewa,,,
2023/5/R/163,RF-0748,Chec k& repair tractor & slasher,2023-05-23,2023-05-30,Mundalama Estate,,,
2023/5/R/164,LL-0936,"Steering freepl ay, check brakes, elec. Repair-lights, F/RH door glass can't operate",2023-05-23,2023-06-11,Badalgama,,,
2023/5/R/165,Slasher,"Check & repair bush, blade, service-External work Negombo",2023-05-23,2023-05-30,Mundalama Estate,,,
2023/5/R/166,ZA-7968,Replace jack seal,2023-05-23,2023-05-24,Mihinthale ,,,
2023/5/R/167,LD-06,"Center pin repair, replaced steering seal",2023-05-23,2023-06-20,,,,
2023/5/R/168,HEX-40,Radiator cleaning & leak checking,2023-05-26,2023-05-30,Muthur plant,,,
2023/5/R/169,LI-3395,Gear lever rod end replacement,2023-05-26,2023-05-30,Muthur plant,,,
2023/5/R/170,ZA-7810,"E/stop cable, light repair, driving seat cushion, upholstery, side mirror",2023-05-26,2023-09-20,Badalgama,,,
2023/5/R/171,ZA-8445,"Elec. Repair(fog light, f/LH signal, tail lamp",2023-05-26,2023-06-20,Badalgama,,,
2023/5/R/172,ZA-6068,starter motot repair-sumith,2023-05-29,2023-06-01,Chilaw,,,
2023/5/R/173,PR-1469,"Gear box oil leak, fuel pump repair-Kawishka",2023-05-29,2023-05-31,Katana,,,
2023/5/R/174,RA-3052,"check & repair, RHS axel oil leak, hy. level side oil leak",2023-05-29,,Puttlam,TAFE,,
2023/5/R/175,ZA-7034,"Replaced loader bucket teeth, check & replaced F/hub bearings, F/ael seal, wiper motor, elec. Repair-lights, swing jack seal, backhoe bucket pin, boom end pin, bush repair, extradig pads, fuel filter ,fuel tank cap",2023-05-30,2023-06-15,Puttlam,,,
2023/5/R/176,LM-6653,"service,MNW, light repair",2023-05-30,2023-05-30,Badalgama,,,
2023/5/R/177,SR-11,"Fixed sheep foot, check all oil levels",2023-05-30,2023-06-10,Badalgama,,,
2023/5/R/178,SL-11,Check & repair,2023-05-31,2023-06-01,Badalgama,,,
2023/5/R/179,PD-6917,steering repair,2023-05-30,2023-05-31,Badalgama,,,
2023/5/R/180,LN-8279,"compressed air leak, gear engage defect, MNW",2023-05-30,2023-05-30,Badalgama,,,
2023/5/R/181,SL-06,Check & repair,,,chilaw,,,
2023/5/R/182,SL-05,Check & repair,2023-10-01,2023-10-25,Pulmude ,,,
2023/5/R/183,ZA-7291,Check & repair,,,TR-01,,,
2023/5/R/184,51-7158,"Rear brake oil leak, high fuel consumption",2023-06-01,2023-06-15,Badalgama,,,
2023/6/R/185,HEX-01,Fuel sys. Repair,2023-06-01,2023-06-12,Mihinthale ,,,
2023/6/R/186,HEX-22,"Elec. Repair, accelerator cable repair",2023-06-01,2023-06-15,Gammirisgaswewa,314C,,
2023/6/R/187,48-4849,Starter motor repair-sumith,2023-06-01,2023-06-01,Badalgama,401,,
2023/6/R/188,PR-1504,"check & repair clutch, E/oil reducing, wiper blade replacement, silensor mount, tinkering & painting, chk & repair LH head light",2023-06-01,2023-06-09,Puttlam,Dimo Batta,,
2023/6/R/189,PH-0765,"chk tire rod ends, u-joints, horn, wiper, R/RHS signal, parking brake cable repair",2023-06-05,2023-06-11,Katana,,,
2023/6/R/190,ZA-8511,chk lights,2023-06-05,2023-08-10,Puttlam,,,
2023/6/R/191,LK-6740,"Starter motor run with engine, 1st & reverse gear can't engage, clutch is very tight, bumper repair",2023-06-06,,Kadawatha,407,,
2023/6/R/192,ZA-0447,"Replace multi jack seal LH, accelerator cable not return, 4WD can't engage, trans. Oil leak, cabin glass repair",2023-06-06,,Badalgama,,,
2023/6/R/193,PV-6889,"Gear box repair, door winder handle, tail lamp, RH signal lamp repair",2023-06-08,2023-07-08,,290478Km,,
2023/6/R/194,ZA-2963,Replace alternator with 1 year warranty Upali Motor -colombo,2023-06-06,2023-06-09,Katana,09.06.2023,,
2023/6/R/195,XW-9222,"running repair, service",2023-06-06,,Chilaw,,,
2023/6/R/196,LD-05,"Replace bucket jack seal, service",2023-07-05,2023-07-05,Badalgama,,,
2023/6/R/197,HEX-40,"E/overheating, chk & repair accelerator, bucket repair, arm end bushing, service, change fuel & air filter",2023-06-07,2023-07-07,Badalgama,SHANTUI,,
2023/6/R/198,SL-16,"Bucket lock repair, MNW, starter motor repair, chk power supply for meter board",2023-06-07,2023-06-16,Badalgama,S-450,,
2023/6/R/199,ZB-1979,"Chk differential & hub oil levels, bucket pin bush repair",2023-06-06,2023-06-07,Badalgama,,,
2023/6/R/200,XW-9222,Running repair,2023-06-07,2023-06-07,Puttlam,Platina,,
2023/6/R/201,SL-09,"Battery not charging, wash & grease",2023-06-08,2023-06-09,Nawagattegama,,,
2023/6/R/202,MG-05,"steering jack seal, valve box oil leak, b/oil leak, replace side cutter,guide rail covering plate making, service, chk & replaced tie rods",2023-06-08,2023-09-03,Chilaw,,,
2023/6/R/203,ZA-6068,"Extradig pads, jack seal replace, loader bucket repair, rear hub seal, backhoe bucket repair, outtrigeer pads",2023-06-08,2023-06-30,Chilaw,,,
2023/6/R/204,PD-4739,clutch repair,2023-06-08,2023-06-08,Badalgama,,,
2023/6/R/205,BET-3772,Replace clutch cable,2023-06-08,2023-06-08,Badalgama,Platina,,
2023/6/R/206,HEX-18,replace grease jack seal,2023-06-08,2023-06-08,Mundalama Estate,,,
2023/6/R/207,LK-2276,"R/door repair, side door repair, F/LH foot board repair, silensor, number plate bulb",,,Katana,Cancel,,
2023/6/R/208,HEX-36,"center pin repair, tie rod repair",2023-06-13,2023-07-05,Kadawatha,E55W,,
2023/6/R/209,LK-4058,"Tipper bucket painting, bucket repair, silensor, door lock,",2023-06-09,2023-11-05,Muthur plant,Leyland,,
2023/6/R/210,PH-6747, Engine repair,2023-06-20,2023-07-28,Mihinthale ,JMC,,
2023/6/R/211,PH-3945,"Shockabsorber repair, chk & repair ball joint & tie rods, abnormal noise when reversing the vehicle turning LH & RH",2023-06-11,2023-06-29,H/O,Mahindra Impirio,,
2023/6/R/212,BET-3726,RHS side mirror repair,2023-07-01,2023-07-12,Badalgama,,,
2023/6/R/213,BHT-3482,Replace battery,2023-07-10,2023-07-12,Badalgama,,,
2023/6/R/214,XG-6801,chk & repair,2023-07-12,2023-07-12,Chilaw,,,
2023/6/R/215,BID-8756,"Elec. Repair, sheet repair",2023-06-11,2023-06-11,TR-03,,,
2023/6/R/216,PH-6744,"E/oil leak from crank seal, brake repair, fuel sys. Repair, Engine repair",,,Puttlam,Cancel,,
2023/6/R/217,325-3448,"chk & replaced tie rod, T-belt, F & R seat repair, brake repair, pinion oil leak, upholstery, door lock, tinkering & painting, fuel meter NW, elec. Repair, P\S oil leak, seat cushion, ",2023-06-21,2023-08-24,Puttlam,,,
2023/6/R/218,ZA-8395,Hy. hose repair,2023-06-13,2023-06-15,Badalgama,,,
2023/6/R/219,RD-6318,"Brake repair, hitch repair",2023-06-13,2023-06-15,Katana,,,
2023/6/R/220,LK-5041,starter motot repair,2023-06-13,2023-06-14,Badalgama,,,
2023/6/R/221,SL-13,E/oil & hy. oil leak repair,2023-10-18,2023-10-28,Nochchiyagama,,,
2023/6/R/222,LN-8277,A/C repair,,,Badalgama,No date of completion,,
2023/6/R/223,BGG-6941,"Accelerator cable, spark plug, plug top",2023-06-15,2023-06-17,Kottukachchi,Discover 125,,
2023/6/R/224,BGY-6445,"starter switch, main stand, running repair",2023-06-15,2023-06-16,Badalgama,,,
2023/6/R/225,LO-8349,"Horn repair, wiper blade",2023-06-16,2023-06-17,chilaw,1615TC,,
2023/6/R/226,HEX-33,Bucket jack,2023-06-16,2023-06-21,Badalgama,,,
2023/6/R/227,PD-4739,A/C repair,,,Badalgama,,,
2023/6/R/228,ZA-2963,Bucket repair,2023-06-16,2023-06-16,Katana,,,
2023/6/R/229,LP-1574,"Adblue tank cap, number plate lamp, wash & grease",2023-06-17,2023-06-18,chilaw,,,
2023/6/R/230,LP-1712,"LHS side mirror, RHS door winder handle",2023-06-17,2023-06-18,Nawagattegama,,,
2023/6/R/231,PR-1504,"diesel leak from injector pump, cabin door lock repair, fuel meter NW, silensor  bracket repair",2023-06-17,2023-06-17,Katana,,,
2023/6/R/232,48-4849,abnormal wear of tyre F/LHS,2023-07-03,2023-07-05,Badalgama,,,
2023/6/R/233,LO-4824,"wiper blades, LH/RH door winder repair, tail lamp lence, RHS door lock",2023-06-17,2023-07-10,Badalgama,,,
2023/6/R/234,LK-4056,"Wash & grease, chk & repair",2023-06-19,2023-06-19,Badalgama,,,
2023/6/R/235,LO-5986,"Wash & grease, service",2023-06-19,2023-06-19,Badalgama,,,
2023/6/R/236,LI-3395,"clutch repair, brake repair",2023-06-20,2023-06-30,Muthur plant,,,
2023/6/R/237,HEX-01,"Feed pump & crank sensor replace-Dax eng., replaced fuel pressure pump by Wsteam badalgama",2023-06-20,2023-06-27,Mihinthale ,,,
2023/6/R/238,PH-0765,"Brake repair, replaced R/brake washer, hand brake cable",2023-06-20,2023-06-21,Katana,,,
2023/6/R/239,HEX-04,Replaced sucker seal,2023-06-21,2023-06-28,Badalgama,PC-100,,
2023/6/R/240,253-2574,Elec. Repair-light,2023-06-22,2023-06-22,Mihinthale ,,,
2023/6/R/241,LN-8278,Blower motor repair,2023-06-23,2023-08-01,Badalgama,,,
2023/6/R/242,59-5421,"wiper sys.repair, chk brakes(vehicle move right side when apply brakes)",2023-06-23,2023-06-28,Badalgama,,,
2023/6/R/243,HU-5097,"accelerator, clutch brake pedal boot",,,Badalgama,Cancel,,
2023/6/R/244,LM-5720,"Radiator tank leak, brake light cup repair",2023-06-26,2023-07-01,Puttlam,152778Km,,
2023/6/R/245,LD-8875,"chk signal light F/RHS, chk wiper",2023-06-25,2023-06-25,Puttlam,,,
2023/6/R/246,47-5112,"tappet cover oil leak, fuel sys. Repair, chk lights",2023-06-27,2023-06-27,Badalgama,,,
2023/6/R/247,LX-1679,Tailer ramp can't lift,2023-06-27,2023-06-28,Badalgama,,,
2023/6/R/248,Heat Machine,Heater not working,2023-06-27,2023-07-23,Katana,,,
2023/6/R/249,ZA-6069,Replace arm & swing jack seal,2023-07-10,2023-07-12,Galenbidunuwewa,,,
2023/6/R/250,LN-1867,"chk clutch washer, head light, battery wire",2023-06-30,2023-07-06,Badalgama,,,
2023/6/R/251,PD-6917,"Abnornal noise from gear box, gear oil leak, chk light, hub bearing, propellar shaft u-joints",2023-06-30,,Badalgama,,,
2023/6/R/252,HEX-27,"Replace E/oil hose, steel hy. hose repair, filter change",2023-06-30,2023-07-05,wadakada,,,
2023/6/R/253,LK-5041,"compressed air leak, chk F/lh wheel, adjust brakes, chk gear lever assy, chk lights, RH door winder repair",2023-06-30,2023-07-01,Badalgama,LPT2516,,
2023/6/R/254,HEX-41,Steel hy. hose repair,2023-06-30,2023-07-05,wadakada,,,
2023/7/R/255,RA-3051,"E/oil leak,- chandana Tractor garage",2023-07-01,2023-08-26,alawwa,5118Hrs,,
2023/7/R/256,HEX-23,"injector repair-4nos, service",2023-06-25,2023-06-28,Maggona,,,
2023/7/R/257,LI-7618,"Radiator repair, replace fan blade, engine mount replace",2023-07-04,2023-07-11,Mihinthale ,,,
2023/7/R/258,47-5112,Fuel sys. Repair,2023-07-04,2023-07-05,Badalgama,,,
2023/7/R/259,BGG-6942,Fuel sys. Repair,2023-07-05,2023-07-05,Katana,,,
2023/7/R/260,PTR-10,brake repair,2023-07-05,2023-07-06,Mihinthale ,,,
2023/7/R/261,DAH-2229,service,2023-07-05,2023-07-05,Mihinthale ,,,
2023/7/R/262,AC-24,compressor tank filter change,2023-07-08,2023-07-13,alawwa,,,
2023/7/R/263,LM-5722,"Spring blade repair, F/RHS main blade",2023-07-08,2023-07-08,Mundalama Estate,,,
2023/7/R/264,HEX-41,"Elec. Repair, stop solenoid, solenoid coil & nut, starter switch",2023-07-08,2023-07-14,wadakada,,,
2023/7/R/265,LN-8279,steel hose repair,2023-07-08,2023-07-08,Badalgama,,,
2023/7/R/266,PJ-6376,Elec. Horn,2023-07-10,2023-07-10,Badalgama,,,
2023/7/R/267,HEX-40,Hy. hose repair,2023-07-10,2023-07-10,Muthur plant,,,
2023/7/R/268,LJ-5559,replace tipping jack seal,2023-07-10,2023-07-13,Muthur plant,,,
2023/7/R/269,HEX-27,"Track repair, sprocket wheel",2023-07-10,2023-07-13,wadakada,,,
2023/7/R/270,RD-6318,Fuel filter set,2023-07-10,2023-07-10,Katana,,,
2023/7/R/271,ZA-8373,Hy. sys. Repair,2023-07-10,2023-07-10,Maggona,,,
2023/7/R/272,MG-04,Brake repair,2023-07-10,2023-07-17,Badalgama,,,
2023/7/R/273,BDJ-2375,"service, S/meter cable, R/hub bearing, fork oil seal",2023-07-10,2023-07-10,Badalgama,,,
2023/7/R/274,PR-1504,"Door lock, upholstery repair, battery bracket, driving seat repair, tail light repair, abnormal noise, chk silensor",2023-07-10,2023-08-01,Katana,,,
2023/7/R/275,LM-7948,"chk battery charging, starting, lights, pinion oil leak",2023-07-10,2023-08-19,Galenbidunuwewa,,,
2023/7/R/276,LO-7184,"Gear engage defect, service, MNW",2023-07-10,2023-08-18,Galenbidunuwewa,,,
2023/7/R/277,DAH-2231,"starting defect, engine stop while running, chk fuel sys.",2023-07-10,2023-11-05,Muthur plant,,,
2023/7/R/278,LK-5041,clutch repair,2023-07-10,2023-07-14,Badalgama,,,
2023/7/R/279,HEX-21,"chk safety lever, boom jack seal, chk starting, hy. leak, ",2023-08-06,2023-08-08,Badalgama,,,
2023/7/R/280,LL-0936,brake repair,2023-08-13,2023-08-15,Badalgama,,,
2023/7/R/281,PH-6744,"F/crank seal oil leak, brake repair",2023-07-15,2023-07-25,Puttlam,,,
2023/7/R/282,LL-0920,wiper repair,2023-07-10,2023-07-17,Badalgama,,,
2023/7/R/283,PY-2408,chk lights,2023-07-18,2023-07-29,Badalgama,,,
2023/7/R/284,48-4849,starter motor repair,2023-07-12,2023-07-18,Badalgama,,,
2023/7/R/285,LN-8278,head light & number plate light chk & repair,2023-07-14,2023-07-14,Badalgama,,,
2023/7/R/286,BIE-8724,Speedo meter repair,2023-07-14,2023-08-02,Badalgama,,,
2023/7/R/287,LM-6653,chk & repair lights(body & parking),2023-07-14,2023-07-17,Badalgama,,,
2023/7/R/288,service bay,water pressure pum prepair,2023-07-14,2023-07-14,Badalgama,,,
2023/7/R/289,VR-03,starter motor repair,2023-07-15,2023-07-17,Maggona,,,
2023/7/R/290,LM-5721,starter motor repair,2023-07-15,2023-07-19,wadakada,,,
2023/7/R/291,LB-01,"alternator repair, fan belt, belt adjuster",2023-07-15,2023-07-19,alawwa,,,
2023/7/R/292,LM-2298,clutch repair,2023-07-15,2023-07-18,Galenbidunuwewa,,,
2023/7/R/293,PH-6742,starting deffect-autobacs,2023-07-20,2023-10-22,trinco,engine repair,,
2023/7/R/294,CR-02,engine mount repair,2023-07-15,2023-07-19,Maggona,,,
2023/7/R/295,51-8083,"replace axel, chk allignment, brake repair, light repair",2023-07-20,2023-08-04,Mihinthale ,,,
2023/7/R/296,LN-8278,"wheel alignment, chk brakes",2023-07-17,2023-07-17,Badalgama,,,
2023/7/R/297,PD-4739,water pipe repair,2023-07-17,2023-07-17,Badalgama,,,
2023/7/R/298,LO-7182,"hy. oil leak, starting defect, RHS side glass repair(Accident)",2023-07-20,2023-07-30,Mihinthale ,,,
2023/7/R/299,HEX-40,Track master pin repair,2023-07-18,2023-07-19,Badalgama,,,
2023/7/R/300,LL-1782,"replace jack seal, clutch repair",2023-07-24,2023-07-28,Badalgama,,,
2023/7/R/301,LP-1712,winder handle,2023-07-18,2023-07-18,Badalgama,,,
2023/7/R/302,LD-05,Hy. hose repair,2023-07-17,2023-07-17,Badalgama,,,
2023/7/R/303,LP-1569,"chk head light, water temp. meter",,,Badalgama,Not done,,
2023/7/R/304,BGG-6941,Elec .defect,2023-07-17,2023-07-17,Katana,,,
2023/7/R/305,SL-07,Alternator repair,2023-07-18,2023-07-18,Maggona,,,
2023/7/R/306,HEX-36,"service, hy. hose, hour meter, light repair",2023-07-18,2023-07-21,Kadawatha,,,
2023/7/R/307,BFR-4276,"service, sprocket wheel & timing chain chk & replace. ,starter key",2023-07-18,2023-07-27,Katana,,,
2023/7/R/308,LM-5719,"wiper repair, chk service",2023-08-01,2023-08-10,Muthur plant,,,
2023/7/R/309,57-3062,servcie,2023-07-25,2023-07-26,H/O,,,
2023/7/R/310,LO-5981,"wash & grease, RHS signal light, replace hub bolts",2023-07-18,2023-07-18,Mihinthale ,,,
2023/7/R/311,LP-1580,wash & grease,2023-07-18,2023-07-18,Mihinthale ,,,
2023/7/R/312,GL-0019,air hose repair,2023-07-18,2023-07-18,Badalgama,,,
2023/7/R/313,LP-1709,"Replaced head light bulb,wash & grease",2023-07-18,2023-07-18,Badalgama,,,
2023/7/R/314,VR-20,chk & repair,2023-07-18,2023-07-20,Badalgama,,,
2023/7/R/315,LK-5041,"pinion repair(R/middle), chk park light",2023-07-20,2023-07-29,Badalgama,,,
2023/7/R/316,BET-3772,"F/brake repair, adjust drive chain, lubricate cable",2023-07-21,2023-07-21,Badalgama,,,
2023/7/R/317,HD-9005,brake repair,2023-07-25,2023-07-29,Badalgama,,,
2023/7/R/318,59-5421,"R/spring blade repair, brake repair, chk T-belt, silensor",2023-09-10,2023-09-15,Badalgama,,,
2023/7/R/319,LM-7701,clutch repair,2023-07-22,2023-07-26,wadakada,,,
2023/7/R/320,LK-2276,starter motor repair,2023-07-22,2023-07-23,Katana,,,
2023/7/R/321,BDJ-2375,"side stand, brake repair, drive chain & carb adjust, chk E/oil & RHS fork oil seal",2023-07-23,2023-07-23,Katana,,,
2023/7/R/322,40-2955,starting defect,2023-07-25,2023-07-25,Badalgama,,,
2023/7/R/323,LD-8875,air tank repair,2023-07-24,2023-08-01,Galnewa,,,
2023/7/R/324,SR-04,starter motor repair,2023-07-24,2023-08-05,Galenbidunuwewa,,,
2023/7/R/325,LM-6653,Battery overcharging,2023-07-24,2023-07-24,Badalgama,,,
2023/7/R/326,LL-1782,Clutch repair,2023-07-24,2023-07-28,Badalgama,,,
2023/7/R/327,LN-8278,Replace wheel nut & bolt,2023-09-23,2023-09-23,Badalgama,,,
2023/7/R/328,PD-6917,"chk & repair fuel sys., starter motor",2023-07-24,2023-07-24,wadakada,,,
2023/7/R/329,BGY-6440,"petrol leak, repair starter switch fix ",2023-07-24,2023-07-24,Badalgama,,,
2023/7/R/330,SL-07,"Elecc. Repair, tyre punched",2023-07-24,2023-11-03,Maggona,,,
2023/7/R/331,TR-158,replace wacker boot,2023-07-24,2023-07-29,Maggona,,,
2023/7/R/332,HEX-17,"Bucket repair, chk & repair governor  & track adjuster, AC repair",2023-07-24,2023-07-27,Buttala,,,
2023/7/R/333,ZA-8033,"chk light & horn, greasing",2023-07-25,2023-07-29,Badalgama,,,
2023/7/R/334,SR-13,starter key cutting,2023-07-25,2023-08-10,Buttala,,,
2023/7/R/335,LI-3405,"Replaced gear box, fixed battery, Engine overhaul",2023-07-25,,wadakada,,,
2023/7/R/336,LL-0920,"No tipping, 2nd & 3rd gear engage problem, chk differential, brakes, battery charging",2023-07-26,2023-08-03,wadakada,,,
2023/7/R/337,DAH-2491,replaced alternator adjuster bearing,2023-07-25,2023-07-25,Katana,Yodha,,
2023/7/R/338,LN-8277,"chk dash board light, body light",2023-08-25,2023-08-25,Badalgama,,,
2023/7/R/339,47-5112,chk fuel sys.,2023-07-25,2023-07-25,Badalgama,,,
2023/7/R/340,CR-02,"A/C, brake repair, accelerator repair, wash & grease, Chk reverse camera, error codes, can't identify loads, pin turning out",2023-07-28,2023-08-05,Maggona,,,
2023/7/R/341,325-5120,"engine stop repair, brake repair, Fix fog lamps for deck, fan",2023-08-05,2023-08-08,Badalgama,,,
2023/7/R/342,PV-6889,"door winder, F/RH signal, chk wiper, driving seat",2023-07-26,2023-08-01,Badalgama,,,
2023/7/R/343,ZB-0050,"buffer repair, fixed tail lamp, replace wiper blades, light repair, water pipe line repair, replace u-joints",2023-07-26,2023-08-15,Muthur plant,,,
2023/7/R/344,LK-6738,starter motor repair,2023-07-28,2023-07-30,Katana,,,
2023/7/R/345,DAH-2229,Clutch repair,2023-07-28,2023-07-29,Mihinthale ,,,
2023/7/R/346,LN-8279,Rim repair,2023-07-28,2023-07-28,Badalgama,,,
2023/7/R/347,LD-05,starter relay,2023-07-28,2023-07-30,Badalgama,,,
2023/7/R/348,Fabrication WG,starting defect,2023-07-28,2023-07-30,Badalgama,,,
2023/8/R/349,LI-7701,starter motor repair,2023-08-01,2023-08-02,wadakada,,,
2023/8/R/350,LO-4816,"Door glass can't lift, chk lights, replace gear boot",2023-08-02,2023-08-02,Siyabalanduwa,,,
2023/8/R/351,GL-0019,"diesel leak from injector, wire harness repair",2023-08-01,2023-08-02,Badalgama,,,
2023/8/R/352,LP-1571,"Fuel meter NW, A/C repair, Adjust head light",2023-08-01,,Buttala,Not done,,
2023/8/R/353,LK-5041,LHS signal light repair,2023-08-01,2023-08-01,Badalgama,,,
2023/8/R/354,LN-8278,"R/coolant leak, replace wheel nut",2023-08-15,2023-08-16,Badalgama,,,
2023/8/R/355,LP-1720,replace tail lamp,2023-08-02,2023-08-08,Badalgama,,,
2023/8/R/356,LO-7183,E/oil leak,2023-08-02,2023-08-02,Badalgama,,,
2023/8/R/357,LY-4524,"Indicate ""check engine lamp""",2023-08-02,2023-08-07,Badalgama,,,
2023/8/R/358,LX-1679,"Replace torque arm bushes, chk lights",2023-08-02,2023-08-08,Badalgama,,,
2023/8/R/359,LK-2276,"starter motor repair, fuel sys. Repair. Change air filter, hy. oil leak, silensor repair",2023-08-02,2023-08-05,Katana,,,
2023/8/R/360,LM-6653,"alternator repair, chk lights, elec. Repair, chk engine starting",2023-08-03,2023-08-10,Badalgama,,,
2023/8/R/361,BAB-8828,chk & repair,2023-08-03,2023-08-16,Badalgama,,,
2023/8/R/362,BAB-8839,chk & repair,2023-08-03,2023-08-06,Badalgama,,,
2023/8/R/363,HEX-37,"Remove long arm & fixed short arm, top up hy. oil, wash & grease, make bucket pin 2, fix hy. braker",2023-08-03,2023-08-05,Maggona,,,
2023/8/R/364,LI-2427,"Electrical repair, chk & service, replace side mirror,",2023-08-03,2023-08-10,Badalgama,,,
2023/8/R/365,LP-1574,"Replace wiper blades, adjust brakes, replace tail light cups",2023-08-05,2023-08-05,Badalgama,,,
2023/8/R/366,RD-6318,fuel sys. Repair,2023-08-06,2023-08-07,Katana,,,
2023/8/R/367,48-4849,"air leak , oil leak from axel, fuel leak from feed pump",2023-08-07,2023-08-08,Badalgama,,,
2023/8/R/368,SL-10,"hy. oil leak, tyre change, elec. Repair-lights",2023-08-06,2023-08-06,Badalgama,,,
2023/8/R/369,ZA-2963,starter motor repair,2023-08-06,2023-08-12,Katana,,,
2023/8/R/370,LN-8279,"replace steering wheel cover, rim bolt hole repair",2023-08-07,2023-08-08,Badalgama,,,
2023/8/R/371,ZA-7965,Battery overcharging,2023-08-07,2023-08-17,Katana,,,
2023/8/R/372,RS-0483,Starter motor repair,2023-08-07,2023-08-16,Katana,,,
2023/8/R/373,ZA-2609,"Replace swing jack seal, service",2023-08-26,2023-08-26,alawwa,,,
2023/8/R/374,LO-9810,center lock repair,2023-08-07,2023-08-10,Badalgama,,,
2023/8/R/375,DAH-2491,Remove gear box & damaged starter motor clutch bearing parts & re asemble gear box & starter motor,2023-08-11,2023-08-11,Badalgama,,,
2023/8/R/376,LL-1782,starting defect,2023-08-11,2023-08-11,Badalgama,,,
2023/8/R/377,ZA-8337,"Replace swing jack seal, backhoe bucket jack seal",2023-09-04,2023-09-09,abanpola,,,
2023/8/R/378,LM-5721,"Replace R/RH hub seal, adjust brakes",2023-08-11,2023-08-11,wadakada,,,
2023/8/R/379,HEX-37,"Hy. leak repair, hy. breaker bolt replace",2023-08-12,2023-08-12,wadakada,,,
2023/8/R/380,HEX-27,"Track line repair(replace link bush), replace air filter",2023-08-12,2023-08-15,wadakada,,,
2023/8/R/381,PR-1469,wire harness repair,2023-08-12,2023-08-23,Katana,,,
2023/8/R/382,LK-4061,replace tipping jack seal,2023-08-12,2023-08-21,wadakada,2516,,
2023/8/R/383,LN-8279,Air leak repair,2023-08-13,2023-08-19,Badalgama,,,
2023/8/R/384,FL-03,"replace R/hub bearing,",2023-08-13,2023-08-14,Badalgama,,,
2023/8/R/385,LP-1571,AC repair,2023-08-14,2023-08-14,wadakada,,,
2023/8/R/386,ZA-7965,"alternator repair,gear lever bush replace",2023-08-14,2023-08-17,Katana,,,
2023/8/R/387,48-4849,starter motor repair,2023-08-14,2023-08-16,Badalgama,,,
2023/8/R/388,40-2955,starting defect,2023-08-14,2023-08-14,Badalgama,,,
2023/8/R/389,LP-1571,"Indicate ""check engine lamp"", replaced air filter, chk fuel meter",2023-08-16,2023-10-18,wadakada,,,
2023/8/R/390,PV-6889,Replaced gear box,2023-08-17,2023-08-18,Badalgama,,,
2023/8/R/391,ZA-8033,"replaced hub oil seal, repair light brackets, replace tail lamp lences",2023-08-21,2023-08-22,Badalgama,,,
2023/8/R/392,51-7158,"heat meter not work, suspension repair, chk alignment",2023-08-23,2023-08-25,Katana,,,
2023/8/R/393,LP-1567,AC repair,2023-08-23,2023-08-24,Kadawatha,,,
2023/8/R/394,ZA-7965,"Battery not charging, replace gear lever boot",2023-08-25,2023-08-30,Katana,,,
2023/8/R/395,PT-1569,Gear box repair,2023-08-22,2023-09-09,Galenbidunuwewa,,,
2023/8/R/396,ZB-1047,"Replaced hub bearing, planetary bearing",2023-08-22,2023-09-02,Galenbidunuwewa,,,
2023/8/R/397,ZA-6068,starter motor repair,2023-08-22,2023-08-23,cep-03,,,
2023/8/R/398,SR-08,starter motor repair,2023-08-22,2023-08-23,cep-03,,,
2023/8/R/399,ZA-8033,"Replace tail lamp lences, adjust brakes, reverse plug",2023-08-22,2023-08-23,Badalgama,,,
2023/8/R/400,PH-6747,"service, chk elec. Sys., chk engine overheating",2023-08-22,2023-08-25,cep-03,,,
2023/8/R/401,DAH-2228,starting defect - Auto Bacs,2023-08-22,2023-09-16,Nochchiyagama,,,
2023/8/R/402,59-5421,Brake repair,2023-08-23,2023-08-23,Badalgama,,,
2023/8/R/403,LP-1576,Blower motor not working,2023-08-23,2023-11-01,Galnewa,,,
2023/8/R/404,PTR-08,"starter motor repair, steering jack seal, replaced tyre with rim, wash & grease",2023-08-23,2023-08-24,Badalgama,,,
2023/8/R/405,48-4849,"air brake sys. Repair, replaced ring gear",2023-08-23,2023-08-30,Badalgama,,,
2023/8/R/406,PTR-01,Brake booster repair,2023-08-24,2023-08-25,Mihinthale ,,,
2023/8/R/407,HEX-21,Electrical repair,2023-08-23,2023-09-13,Badalgama,,,
2023/8/R/408,LK-6738,"Electrical repair, replace steering u-joint, tie rod end, drag link end, gear box repair",2023-08-23,2023-09-08,Badalgama,,,
2023/8/R/409,51-8083,"starter motor repair, replace oil cooler",2023-08-24,2023-08-25,Mihinthale ,,,
2023/8/R/410,325-5120,starter motor repair,2023-08-24,2023-08-24,Badalgama,,,
2023/8/R/411,BET-3772,service,2023-08-24,2023-08-25,Badalgama,,,
2023/8/R/412,LM-5723,"Elec .repair(tail lamp, signal, wiper ,head light), side guard repair",2023-08-24,2023-08-31,Badalgama,,,
2023/8/R/413,LN-8277,"hy. oil leak from filter, air leak, dash board lamp not work",2023-08-25,2023-08-25,Badalgama,,,
2023/8/R/414,BET-3772,"servcie, change S/Meter",2023-08-25,2023-08-25,Badalgama,,,
2023/8/R/415,47-5112,"Abnormal noise from R/RHS wheel, check brake, chk F/RHS door glass",2023-08-25,2023-08-27,Badalgama,,,
2023/8/R/416,RD-3537,"replace air pre cleaner, abnormal noise when reverse gear engaging",2023-08-25,2023-08-27,Badalgama,,,
2023/8/R/417,RS-0483,starter motor repair,2023-08-26,2023-08-26,Katana,,,
2023/8/R/418,LN-8279,"replaced clutch booster, Dryer R/kit",2023-08-28,2023-09-03,Badalgama,,,
2023/8/R/419,AP-11,Replace main switch,2023-08-28,2023-09-03,Galnewa,,,
2023/8/R/420,SR-04,starter motor repair,2023-08-28,2023-09-02,Mihinthale ,,,
2023/8/R/421,LI-2427,PTO repair,2023-08-28,2023-08-31,Badalgama,,,
2023/8/R/422,PJ-6376,"Replaced F/shockabsorber, chk brakes, accelerator cable lubricating, steering wheel noise",2023-08-30,2023-08-30,Badalgama,,,
2023/8/R/423,PTR-10,"R/LH dial plate bolt broken, replace brake hose, alternator repair, remove tyre with rim from PTR-09",2023-08-29,2023-08-30,Galenbidunuwewa,,,
2023/8/R/424,AP-09,tyre punched,2023-08-28,2023-08-30,Anuradhapura,,,
2023/8/R/425,GE-66,Chk & repair,2023-08-28,2023-08-28,Badalgama,,,
2023/8/R/426,WQ-9941,Engine repair,2023-08-28,,Badalgama,,,
2023/8/R/427,LK-5586,"service, chk lights, air leak, tipper lever repair, ",2023-08-30,2023-08-31,Badalgama,,,
2023/8/R/428,LL-0936,"Fuel sys. Repair, ",2023-08-29,2023-08-29,Kadawatha,,,
2023/8/R/429,ASC-24,Engine repair,2023-08-29,2023-09-01,Kadawatha,,,
2023/8/R/430,LL-1782,replace wood on deck,2023-08-29,2023-09-01,Badalgama,,,
2023/8/R/431,GL-0019,driving seat repair,2023-08-30,2023-08-30,Badalgama,,,
2023/8/R/432,40-2955,"replace fuel feed pump, elec. Repair(head light switch, wiper, tail light), service",2023-08-30,2023-09-01,Badalgama,,,
2023/8/R/433,LJ-5203,"chk clutch & brakes, RHS side mirror gear lever boot, horn, service, chk wiper , lights",2023-08-31,2023-09-09,Badalgama,,,
2023/8/R/434,AP-08,screed cover making,2023-08-31,2023-09-06,Badalgama,,,
2023/8/R/435,PTR-08,"Replaced drive chains, F two tyre repair, clutch booster repair",2023-08-31,2023-09-05,Mihinthale ,,,
2023/8/R/436,PTR-09,"Replaced LHS drive chain, both drive axel seals, adjuster wheel sprocket bearings, chk clutch bearing",2023-08-31,2023-09-09,Mihinthale ,,,
2023/9/R/437,LK-4056,"starter motor repair, place water tank on the tipper bucket, chk lights, service",2023-09-03,2023-09-07,Badalgama,,,
2023/9/R/438,LP-1578,"servcie, chk lights, tyre change",2023-09-03,2023-09-06,Mihinthale ,,,
2023/9/R/439,LP-1582,"chk light, wash & grease",2023-09-03,2023-09-07,Mihinthale ,,,
2023/9/R/440,LP-1566,"service, wash & grease",2023-09-05,2023-09-07,Mihinthale ,,,
2023/9/R/441,LD-02,"fix loader bucket, tyre change, fix LI-7701 battery",2023-09-06,2023-09-07,Badalgama,,,
2023/9/R/442,HEX-07,"Add hy. oil, fix used batteries, chk brakes,",2023-09-06,,Badalgama,,,
2023/9/R/443,MG-10,"replaced oil pressure sensor from solution motor grader instruction given by c-com,(informed by Mr. Nisan)fixed used batteries,wash & grease",2023-09-06,2023-09-06,Badalgama,,,
2023/9/R/444,"2"" water pump","carb cleaning, change E/oil, fuel tank cleaning",2023-09-06,2023-09-06,Badalgama,,,
2023/9/R/445,51-7158,"Abnormal heating of tyre(reduce brakes)replaced F/LHS hub bearing, propellar shaft repair",2023-09-06,2023-09-12,Katana,,,
2023/9/R/446,BIE-8543,service,2023-09-06,2023-09-06,Muthur plant,,,
2023/9/R/447,LK-2366,Starter key cutting,2023-09-06,2023-09-08,Badalgama,,,
2023/9/R/448,PTR-06,"replace clutch plate, bearing, tyre repair",2023-09-08,,Thalawa,,,
2023/9/R/449,LP-1713,replace wiper blades,2023-09-10,2023-09-10,Mihinthale ,,,
2023/9/R/450,ZA-2964,"E/oil leak from tappet cover & turbo, replace radiator hose, abnormal noise from fan belt, loader bucket jack seal, swing jack seal, backhoe bucket pin bush repair, chk elec. System",2023-09-06,2023-10-20,Kadawatha,,,
2023/9/R/451,43-3416,"R/engine head repair, replaced valve rubber, gasket, packing set, wire harness repair, fan belt 4 nos, service ",2023-09-06,2023-10-03,Nochchiyagama,,,
2023/9/R/452,LN-8279,"chk battery charging, F/wheel checking(abnormal noise)",2023-09-12,2023-09-12,Badalgama,,,
2023/9/R/453,LP-1580,make adblue tank cap,2023-09-07,2023-09-07,kilinochchi,,,
2023/9/R/454,LO-4824,"servcie, repair wiper motor, wiper blade, tail light, cushion work",2023-09-11,2023-09-11,Badalgama,,,
2023/9/R/455,LM-5722,"chk engine starting, elec. Repair(lights), tipper bucket repair, wash & grease, door lock, side mirror, service",2023-09-11,2023-09-14,Mihinthale ,,,
2023/9/R/456,LM-5720,"chk tail lights, door windscreen, need to chk E/oil & service",2023-09-11,2023-09-12,Mihinthale ,,,
2023/9/R/457,LO-5981,"servcie, replace R/RHS wheel nut, MNW, wash & grease",2023-09-12,2023-09-12,Badalgama,,,
2023/9/R/458,HEX-21,"governor repair, chk lights, fix main switch, door glass stick",2023-09-11,2023-09-13,Badalgama,,,
2023/9/R/459,PH-6742,brake repair,2023-09-12,2023-09-13,Badalgama,,,
2023/9/R/460,LO-8348,"Elec. Repair(lights), chk servcie, s/m cable, door winders",2023-09-12,2023-09-14,Mihinthale ,,,
2023/9/R/461,LO-7182,"change wiper blades, wash & grease, chk service & battery, head light bulbs",2023-09-12,2023-09-12,Badalgama,,,
2023/9/R/462,PTR-04,"P/S pump repair, F/wheel change ",2023-09-12,2023-09-12,Badalgama,,,
2023/9/R/463,LA-4229,"Replace starter switch, injector repair, injector pump oil leak repair, service, chk brake & clutch, replaced 95A battery",2023-09-12,2023-09-17,Badalgama,,,
2023/9/R/464,RD-6318,starter motor solenoid repair,2023-09-13,2023-09-13,Katana,,,
2023/9/R/465,47-5112,"driving seat cushion, Replace F/brake pads, tail light repair, chk P/S belt",2023-09-15,2023-09-16,Badalgama,,,
2023/9/R/466,LK-2276,"alternator repair, fuel system repair, silensor repair",2023-09-15,2023-09-16,Katana,,,
2023/9/R/467,LL-0936,"clutch oil leak, chk brakes, vehicle stop when running, chk signal, ",2023-09-20,2023-09-22,Kadawatha,,,
2023/9/R/468,PTR-08,"replaced clutch booster, clutch master pump R/kit",2023-09-15,2023-09-16,chilaw,,,
2023/9/R/469,PTR-10,Replace brake booster R/kit,2023-09-15,2023-09-15,chilaw,,,
2023/9/R/470,tafe tractor,alternator repair,2023-09-15,2023-09-16,Mundalama Estate,,,
2023/9/R/471,LM-5720,"Tail light lence, adjusted clutch",2023-09-16,2023-09-17,Badalgama,,,
2023/9/R/472,BDJ-2375,"F/hub bearing, chk handle cup set, starter motor, brake, fork oil seal, side stand repair",2023-09-16,2023-09-30,Badalgama,,,
2023/9/R/473,PH-0765,"Replace s/m cable, D-bush and braket repair, hand brake, u-joint, service",2023-09-17,2023-09-17,Katana,,,
2023/9/R/474,LM-7951,"clutch repair, service, chk lights",2023-09-18,2023-10-20,wadakada,,,
2023/9/R/475,LK-5041,"Replace center mount, air leak, chk deck & park light, clutch free play",2023-09-19,2023-09-21,Badalgama,,,
2023/9/R/476,plate compactor,"plate repair, replace rubber mounts",2023-09-16,2023-11-02,chilaw,,,
2023/9/R/477,LB-4824,"replace caliper piston with R/kit, suspension repair",2023-09-18,2023-10-10,Badalgama,,,
2023/9/R/478,LK-6740,alternator repair,2023-09-18,2023-10-20,Badalgama,,,
2023/9/R/479,LY-4524,service,2023-09-20,2023-09-20,Badalgama,,,
2023/9/R/480,LI-7701,"replac crank seal, clutch repair, door lock, door winder, starter motor, chk lights, brakes, rear bucket door repair",2023-09-20,,cep-03,,,
2023/9/R/481,LO-5985,E/oil leak from filter,2023-09-16,2023-09-16,Mihinthale ,,,
2023/9/R/482,TR-89/134,chk & repair,2023-09-16,2023-09-16,Kadawatha,,,
2023/9/R/483,HEX-42,alternator repair(replace regulator),2023-09-17,2023-09-22,wadakada,,,
2023/9/R/484,LO-9810,replace wiper blades,2023-09-05,2023-09-20,Badalgama,,,
2023/9/R/485,"sub. 2"" water pump","Elec. Repair, unable to repair due to short cct field coil",2023-09-21,,ja-ela bridge,Not done,,
2023/9/R/486,TR-61,starting deffect,2023-09-21,2023-09-25,Katana,,,
2023/9/R/487,LC-0434,"head light, signal, deck light, tail light repair, diesel leak repair",2023-09-22,2023-09-24,Badalgama,,,
2023/9/R/488,PX-2180,"Injector pum pchk & repair, wiper, engine starting defect, winder, alternator repair",2023-09-23,2023-09-18,Badalgama,,,
2023/9/R/489,TR-110,starting defect,2023-09-22,2023-09-26,Katana,,,
2023/9/R/490,LI-7620,"Floor board tinkering & painting, -Autobacs, chk engine starting, wash & grease",2023-09-25,,wadakada,,,
2023/9/R/491,GL-0019,Gear box oil leak,2023-09-23,,Badalgama,,,
2023/9/R/492,DAH-2229,Engine doesn't start-autobacs,2023-09-21,2023-11-02,Asphalt team,,,
2023/9/R/493,DAH-2230,"indicate Check engine bulb, engine stop suddenly while running-Autobacs",2023-09-22,2023-10-01,Galnewa,,,
2023/9/R/494,ZA-8337,"valve box repair, multi jack seal, chk wiper, water temp .meter, engine can't stop by ignition switch, tie rod, battery charging",2023-09-27,2024-02-22,abanpola,,,
2023/9/R/495,LO-7182,"vehicle move side when apply brakes, adjust brakes, top up hy. , E/oil , , pinion oil",2023-09-23,2023-09-24,Badalgama,,,
2023/9/R/496,LK-2276,"Replace battery terminal, wash & grease",2023-09-26,2023-09-26,Katana,,,
2023/9/R/497,RF-0748,"re-fix starter motor solenoid wire, chk E/oil, light repair, adjust brakes",2023-09-26,2023-09-27,Mundalama Estate,,,
2023/9/R/498,LD-02,"radiator & engine block water leak, travelling defect, engine repair, ",2023-10-17,2023-11-20,wadakada,,,
2023/9/R/499,PJ-6376,clutch fork repair,2023-09-28,2023-09-28,Badalgama,,,
2023/9/R/500,48-4849,"chk king pin, replace steering u-joint, replace F/brake liners, tie rod repair",2023-09-29,2023-10-05,Badalgama,,,
2023/9/R/501,GE-117/118,chk the machine,2023-09-30,2023-10-06,Badalgama,,,
2023/9/R/502,LA-9208,diesel pump repair,2023-09-30,2023-10-04,Badalgama,,,
2023/10/R/503,DAH-2491,head light repair,2023-10-03,2023-10-03,Katana,,,
2023/10/R/504,WG-07,replace battery & Engine mount,2023-10-03,2023-10-10,Badalgama,,,
2023/10/R/505,LT-09/21,"chk E/starting, chk lights, machine cleaning, fixe batteries",2023-10-05,2023-10-06,Badalgama,,,
2023/10/R/506,AC-27,"fix starter motor, chk E/starting, comp. oil level, air filters, replace air delivery valves 3/4""",2023-10-06,2023-10-06,Badalgama,,,
2023/10/R/507,ZA-7291,"replace wiper blades, F & R starter motor repair, adjust clutch, fix hy. cooling fan, service R/Engine",2023-10-06,2023-10-23,Badalgama,,,
2023/10/R/508,LN-8279,air leak from cabin baloon valve,2023-10-06,2023-10-15,Badalgama,,,
2023/10/R/509,HEX-43,Hy. breaker oil leak,2023-10-07,2023-10-14,wadakada,JSB 1900,,
2023/10/R/510,59-5421,Replace clutch washer L/up,2023-09-30,2023-10-05,Badalgama,,,
2023/10/R/511,325-5120,"replace head lamp set, horn, driving seat repair, unloader valver R/kit, servcie, radiator leak repair",2023-10-07,2023-10-16,Badalgama,,,
2023/10/R/511-1,ZB-1548,"replace accelerator cable, backhoe bucket repair",2023-10-10,2023-10-11,Nochchiyagama,,,
2023/10/R/512,MG-15,orbital motor repair,2023-10-10,2024-03-25,Galnewa,,,
2023/10/R/513,ZA-8373,"replace torque arm bush, F/RH outtriger jack seal, chk head light, oil leak from sump, elec .repair(PTO  solenoid fuse short cct)",2023-10-11,2023-10-16,wadakada,,,
2023/10/R/514,LY-1614,"LHS door winder repair, fuel tank bracket assemble, driving seat , silensor repair, chk steering for abnormal noise, chk head lights, cab mounts, LHS side mirror, door lock ,door upholstery repair",2023-10-12,2023-10-25,Badalgama,,,
2023/10/R/515,PR-1469,"chk heat meter, engine overheating",2023-10-12,2023-10-18,Katana,,,
2023/10/R/516,HU-5097,"replaced R/all brake shoes,RH brake wheel cylinder, brake washer, dust boot",2023-10-10,2023-10-11,Badalgama,,,
2023/10/R/517,51-7158,"service, elec. Repair(signal), brake repair(brake shoe lock), silensor repair",2023-10-12,2023-10-15,Katana,,,
2023/10/R/518,PH-3945,"chk tail light, service, chk & repair brakes",2023-10-18,2023-10-18,H/O,,,
2023/10/R/519,LD-05,"starter motor repair(solenoid, contact, plunger, oil seal)",2023-10-16,2023-10-17,Badalgama,,,
2023/10/R/520,CR-02,"silensor repair, seat cushion",2023-10-16,2023-10-18,wadakada,,,
2023/10/R/521,43-1191,"tinkering & painting cab, bowser repair, running repair",2023-10-16,,Badalgama,,,
2023/10/R/522,LO-7182,"Replaced air pressure sensor, fuel floater sealed, horn, RHS side glass repair",2023-10-18,2023-10-20,Badalgama,,,
2023/10/R/523,LO-4822,"Adjust wiper arm, number plate bulb, adjust clutch, brakes, chk RPM meter",2023-10-10,2023-10-18,Badalgama,,,
2023/10/R/524,LP-1566,Wash & grease,2023-10-18,2023-10-18,Mihinthale ,,,
2023/10/R/525,LP-1581,"wash & grease, top up battery water,chk & repair head lights",2023-10-18,2023-10-20,Mihinthale ,,,
2023/10/R/526,RD-6318,"wash & grease, service, adjust brakes",2023-10-18,2023-10-19,katana,,,
2023/10/R/527,LP-1718,wash & grease,2023-10-19,2023-10-20,Mihinthale ,,,
2023/10/R/528,LO-7181,wash & grease,2023-10-19,2023-10-21,Mihinthale ,,,
2023/10/R/529,LO-4824,"wiper motor repair, fixed horn",2023-10-19,2023-10-21,Badalgama,,,
2023/10/R/530,XG-6801,"replace petrol cut-off valve, E/oil leak from tappet cover, carb. Tune up, check & replace shockabsorber, chk brake lights, battery bracket repair",2023-10-20,2023-11-16,Nochchiyagama,,,
2023/10/R/531,59-5421,R/brake repair(replaced brake shoe adjuster & lock set),2023-10-21,2023-10-26,Badalgama,,,
2023/10/R/532,LK-2366,"E/oil burning, LHS parking brake doesn't release, chk head lights ",2023-10-21,2023-12-14,kilinochchi,,,
2023/10/R/533,RS-0483,starter motor repair,2023-10-22,2023-10-23,Katana,,,
2023/10/R/534,MG-14,"servcie, wash & grease",2023-10-24,2023-10-24,Nochchiyagama,,,
2023/10/R/535,LD-01,"E/oil burning, hy. valve box oil leak, chk brakes, lights",2023-10-24,,Muthur plant,,,
2023/10/R/536,LK-4058,"air leak from brake booster(replace diaphram), chk lights, greasing, silensor, starter motor repair",2023-10-25,2023-11-03,Badalgama,,,
2023/10/R/537,PA-6399,"Engine minor repair, starter motor repair",2023-10-25,2023-11-03,Mihinthale ,,,
2023/10/R/538,PR-1504,"Replace drag link ball joint, ",2023-10-25,2023-10-27,Katana,,,
2023/10/R/539,HEX-18,"top up hy. oil, wash & grease, chk working condition",2023-10-28,2023-10-28,wadakada,,,
2023/10/R/540,BDI-8546,Engine repair-not completed sent to cep-03,2023-10-28,,Nochchiyagama,,,
2023/10/R/541,HEX-41,"travelling motor thread cutting, replace sprocket bolts, Dia. 18*70mm 2.5mm pitch, strenth 12.9(33 nos), drill sprocket holes dia. 18mm enlarge holes",2023-10-28,2023-10-30,wadakada,,,
2023/10/R/542,HEX-42,"Boom jack bush replacing 80*95*90mm-2nos, 80*95*5mm grease seal 4nos, boom jack pin filling & lathe work",2023-10-28,2023-10-30,wadakada,,,
2023/10/R/543,SR-08,replace steering jack seal,2023-10-28,2023-10-31,wadakada,,,
2023/10/R/544,LT-08,"service, tyre punch, chk & replace lights",2023-10-30,2023-11-02,Badalgama,,,
2023/10/R/545,PTR-10,Brake booster repair-change valve,2023-10-28,2023-10-28,chilaw,,,
2023/10/R/546,PH-3945,"adjust hand brakes, replace brake pads, brake liners, wash & grease, starter key cutting",2023-10-30,2023-10-30,H/O,,,
2023/10/R/547,LI-3401,"wash & grease, starter motor repair",2023-10-28,2023-12-01,Badalgama,,,
2023/10/R/548,HO-9850,"tipping jack bracket repair, assemble PTO, brake repair, service",2023-10-28,2024-02-13,Muthur plant,,,
2023/10/R/549,LJ-5203,"foot board repair-LHS, chk fuel consumption, starter motor, injector set service & pressure test, governor repair",2023-10-30,2023-11-01,wadakada,,,
2023/10/R/550,LD-05,Elec. Repair(chk lights),2023-10-30,2023-10-31,Badalgama,,,
2023/10/R/551,HEX-24,"change E/oil, chk starting",2023-10-30,,Katana,Not done,,
2023/10/R/552,DAH-2231,"Replaced clutch washer -UP, indicate check engine bulb, replace brake light cup, chk & repair winders",2023-10-31,2023-11-04,Muthur plant,,,
2023/10/R/553,ZA-7810,"water leak repair, Fixed water level tube, ",2023-10-31,,wadakada,Not done,,
2023/10/R/554,ZA-7291,"chk diesel leak, replaced water reserve tank cap, fixed ZA-8337 120A battery",2023-10-31,2023-10-31,Doramadalawa,,,
2023/11/R/555,LX-1045,R/RH brake repair(Rotate Brake cam),2023-11-02,2023-11-02,Badalgama,,,
2023/11/R/556,plate compactor,chk engine starting,2023-11-03,2023-11-03,Katana,,,
2023/11/R/557,HU-5097,"Brake repair, alternator repair, vaccume pump shaft butt & rotor replacment",2023-11-03,2023-11-09,Badalgama,,,
2023/11/R/558,HEX-45,"Boom jack bush replace, jack pin filling, & lathening, replace grease seal",2023-11-03,2023-11-05,wadakada,,,
2023/11/R/559,LI-3396,"Accelerator pedal repair, door lock repair-tipper bucket, elec. Repair -chk lights, wash & grease, chk diff. & gear box oil",2023-11-03,2023-11-03,wadakada,,,
2023/11/R/560,GE-83,"chk working condition, replace air filter, no o/p current",2023-11-03,,wadakada,Not done,,
2023/11/R/561,325-5120,"horn repair, water leak from r/hose, chk & repair starter motor, replace fuel cutt-off switch",2023-11-04,2023-11-10,Badalgama,,,
2023/11/R/562,PR-1469,"E/oil leak repair, chk E/mounts, E/starting, heat meter NW, Engine repair, service",2023-11-04,2024-02-22,Katana,,,
2023/11/R/563,GE-143,"clean the m/c(body, radiator, genarator ciol, engine ,panel board,etc), remove air in fuel sys., supply 130ltr of fuel, engine starting & chk RPM, voltage, HZ, etc, fixed 95A new battery",2023-11-05,2023-11-05,wadakada,,,
2023/11/R/564,BHT-3482,"Replace air filter, clean carb. , chk & adjust drive chain, chk starting",2023-11-05,2023-11-07,Badalgama,,,
2023/11/R/565,BID-8738,chk running condition,2023-11-05,2023-11-08,Badalgama,,,
2023/11/R/566,HEX-37,"pile hammer jaw plate repair, replace allenkey bolt dia.20*150*2.5mm",2023-11-06,2023-11-06,Maggona,,,
2023/11/R/567,Power tools,chk & repair,2023-11-06,,Badalgama,Not done,,
2023/11/R/568,LK-2366,"abnormal wear of F/RHS tyre, chk lights, heat meter NW, air leaks, chk brakes",2023-11-06,2023-11-08,Katana,,,
2023/11/R/569,LM-2298,"Pinion repair, chk brakes, cola pump repair",2023-11-08,2023-12-15,Galnewa,,,
2023/11/R/570,HEX-01,Fuel sys. Repair,2023-11-08,2023-11-25,Nochchiyagama,,,
2023/11/R/571,RS-0401,"hy. pump repair, multi jack seal, loader bucket repair",2023-11-08,,Badalgama,Cancel,,
2023/11/R/572,concrete mixture,"change E/oil, greasing, replace injector pump of RV50 tractor engine, chk starting & running condition",2023-11-09,2023-11-10,Galnewa,,,
2023/11/R/573,LB-4824,"chk hand brakes, chk side mirror, accelerator pedal,lights, gear lever bushing",2023-11-10,2023-11-17,Badalgama,,,
2023/11/R/574,HEX-05,"Boom jack seal replace, wash & grease, replace cabin glass-auto bacs, accelerator cable repair",2023-11-10,2024-02-02,Badalgama,,,
2023/11/R/574-1,PA-6399,"Brake repair, steering play, chk RHS hub bearing",2023-11-11,2023-11-22,thisawewa,,,
2023/11/R/575,LY-1614,"starter motor repair, door lock repair, chk tail light, brakes",2023-11-12,2023-11-22,Badalgama,,,
2023/11/R/576,ZA-6069,"silensor repair, fuel sys. Repair, chk service, door lock repair,chk extra dig repair, chk hour meter",2023-11-12,2023-11-27,Galnewa,,,
2023/11/R/577,water pressure pump,"fuel sys. Repair, engine starting defect",2023-11-14,2023-11-14,Katana,,,
2023/11/R/578,LM-6653,"replace foot brake valve air pressure switch, chk lights-deck, tail",2023-11-10,2023-11-15,Badalgama,,,
2023/11/R/579,LI-2427,Radiator repair,2023-11-13,2023-11-18,wadakada,,,
2023/11/R/580,49-2288,starter motor repair,2023-11-13,2023-11-19,Mundalama Estate,,,
2023/11/R/581,tractor,chk & repair alternator & starter motor,2023-11-13,2023-11-19,Mundalama Estate,,,
2023/11/R/582,LK-5586,clutch repair,2023-11-13,2023-11-17,wadakada,,,
2023/11/R/583,DAH-2229,"Replace alternator belt A-41, chk battery charging, adjusted alternator belt",2023-11-13,2023-11-13,Badalgama,,,
2023/11/R/584,LK-6738,"P/S oil tank, brake cylinder",2023-11-13,2023-11-17,Galenbidunuwewa,,,
2023/11/R/585,HEX-28,"track repair, fixed 90A 2batteries",2023-11-13,2023-11-23,Badalgama,,,
2023/11/R/586,BET-3772,"replace fork oil seal, chk s/m cable, E/oil change",2023-11-13,2023-12-05,Badalgama,,,
2023/11/R/587,325-5120,starter motor repair-replaced field coil,2023-11-14,2023-11-16,Badalgama,,,
2023/11/R/588,concrete mixture,"replace E/head valve spring, change E/oil, greasing, Belt B70,injector nozzel change, mixer pot change, frame repair, travelling wheel, diesel tank cleaning, inlet manifold & air filter replacing",2023-11-14,2023-11-15,trinco,,,
2023/11/R/589,HEX-21,"replace fan belt, top roller, service, replace bucket pin, Dia. 65mm, chk & replace hr meter",2023-11-16,2023-11-20,wadakada,,,
2023/11/R/590,LN-1867,"Engine repair, white smoke, oil burning, starting defect, chk wiring",2023-11-17,2023-12-12,kilinochchi,,,
2023/11/R/591,MG-11,"Roof teent repair, ",2023-11-17,2024-01-02,wadakada,,,
2023/11/R/592,DAH-2491,"replace air filter, repaired tie rods, drag link ball joint, replace D bush",2023-11-18,2023-11-18,Katana,,,
2023/11/R/593,LN-8277,"Replace Up clutch washer, chk battery charging, fixed wire harness fault",2023-11-18,2023-11-18,Katana,,,
2023/11/R/594,LN-8278,"LHS door winder repair, indicate brake lamp, drum cleaning",2023-11-18,2023-11-24,Badalgama,,,
2023/11/R/595,LL-0936,"Fuel leak from injector pump, silensor repair, replace u-joint, propellar shaft groove",2023-11-19,2023-11-30,Biyagama,,,
2023/11/R/596,PR-1504,Replace tie rod & drag link ball joint,2023-11-22,2023-11-22,Katana,,,
2023/11/R/597,LP-1581,"chk head & dimmer light, chk battery water",2023-11-23,2023-11-25,kallanchiya,,,
2023/11/R/598,LP-1566,E/oil leak from oil filter,2023-11-23,2023-11-23,Kadawatha,,,
2023/11/R/599,LP-1582,"water mixed with diesel, abnormal sound from engine",2023-11-23,2024-01-11,kallanchiya,,,
2023/11/R/600,LP-1720,chk brakes,2023-11-23,2023-11-26,chilaw,,,
2023/11/R/601,LO-7182,wash & grease,2023-11-23,2023-11-24,Badalgama,,,
2023/11/R/602,LX-1045,adjusted brakes,2023-11-23,2023-11-23,Badalgama,,,
2023/11/R/603,LO-5985,"replace oil filter, wash & grease, tail light repair",2023-11-24,2023-11-25,Badalgama,,,
2023/11/R/604,AC-41,chk & repair,2023-11-24,2023-11-30,Badalgama,,,
2023/11/R/605,HU-5097,"Alternator repair- kamal, adjusted brakes, top up E/oil",2023-11-24,2023-11-25,Badalgama,,,
2023/11/R/606,wacker 2nos,chk & repair,2023-11-24,2023-11-25,Badalgama,,,
2023/11/R/607,LO-9810,"AC repair, fixed sheet cover",2023-11-24,2023-12-05,Badalgama,,,
2023/11/R/608,48-4849,"R/RH hub seal, feed pump diesel leak, hy. leak from boom, exhaut gas leak from manifold, chk propellar shaft",2023-11-24,2023-11-29,Badalgama,,,
2023/11/R/609,LN-9046,"chk fuel system, send awishka disel-Kadawala",2023-11-25,2023-12-11,chilaw,,,
2023/11/R/610,PA-6399,"Brake repair-adjust brakes,remove air in brake lines",2023-11-26,2023-11-27,thisawewa,,,
2023/11/R/611,LN-8279,"Head light repair, chk speedo meter",2023-11-27,2023-11-27,Badalgama,,,
2023/11/R/612,LB-4824,"clutch repair, speedo meter repair, chk signal light",2023-11-27,2023-12-02,Katana,,,
2023/11/R/613,LK-2276,"Air leak repair, tail light NW",2023-11-27,2023-11-27,Katana,,,
2023/11/R/614,LP-1713,Fixed reverse horn,2023-11-27,2023-11-27,Badalgama,"LO-4824, 5985,7182, 7181, LP-1566",,
2023/11/R/615,LK-4058,Gearbox repair,2023-11-27,2023-12-02,wadakada,,,
2023/11/R/616,ZA-6068,Final drive repair,2023-11-27,2023-11-30,wadakada,,,
2023/11/R/617,LK-4057,"fix wiper motor, wash & grease, lubricate E/stop cable",2023-11-28,2023-11-30,Badalgama,,,
2023/11/R/618,DAH-2231,"Indicate check engine, chk tail lights ,service",2024-01-23,2024-01-23,cep-03,,,
2023/11/R/619,PR-1504,Gear lever system repair,2023-11-29,2023-11-30,Katana,,,
2023/11/R/620,LX-1679,Replaced ramp union,2023-11-29,2023-11-29,Badalgama,,,
2023/11/R/621,41-1130,"can't engage 2nd & 3rd gear, abnormal sound from gear box, chk door winder, replaced signal light lence, fixed hr meter",2023-12-07,2024-01-04,cep-03,,,
2023/11/R/622,LN-8278,brake repair,2023-11-30,2023-12-03,Badalgama,,,
2023/11/R/623,VR-49,replaced crank seal,2023-11-30,2023-11-30,Kadawatha,,,
2023/11/R/624,253-2574,"service, alternator repair, chk 7 repair tail light,signal",2023-11-30,2023-12-02,trinco,,,
2023/12/R/625,PA-6399,"Engine overheating, replace water hose",2023-12-01,2023-12-03,Tisawewa,,,
2023/12/R/626,HEX-41,"Replace boom jack seal 2, bucket jack seal",2023-12-01,2023-12-04,wadakada,,,
2023/12/R/627,LK-4061,silensor repair,2023-12-01,2023-12-04,wadakada,,,
2023/12/R/628,GE-05,Battery not charging-Alternator repair,2023-12-01,2023-12-06,Mihinthale ,,,
2023/12/R/629,KS-7684,Gear box repair-Gear oil leak- Ex repair Katana,2023-12-01,2024-01-09,H/O,,,
2023/12/R/630,51-7158,"R/door lock repair, side door can't move smoothly, it contact body and stuck",2023-12-01,2023-12-08,Kadawatha,,,
2023/12/R/631,LP-1581,"Fuel sys. Repair, water in fuel, changed fuel filters & removed fuel in tank 40L",2023-12-02,2023-12-05,Badalgama,,,
2023/12/R/632,ZB-1979,"Extradig pads, outtriger pad adjust, F/pinion oil seal, chk signal lamp",2023-12-02,2023-12-05,Kadawatha,,,
2023/12/R/633,"6"" water pump","service, greasing pump bearing, adjust drive belt, exhaust manifolt repair",2023-12-03,2023-12-04,Mihinthale Quarry,,,
2023/12/R/634,LP-1566,E/oil leak from filter,2023-12-04,2023-12-04,Badalgama,,,
2023/12/R/635,ZA-6255,Fuel sys. Repair,2023-12-04,2023-12-05,Katana,,,
2023/12/R/636,57-3062,P/S oil leak from steering box,2023-12-05,2023-12-10,Badalgama,,,
2023/12/R/637,AC-23,"air sys. Repair, service",2023-12-05,2023-12-08,Mihinthale Quarry,,,
2023/12/R/638,LM-7942,"E/overheating, R/cleaning, replaced fan belt, water pump",2023-12-05,2023-12-11,Mihinthale Quarry,,,
2023/12/R/639,PR-1504,"Gear lever repair, S/meter repair",2023-12-05,2023-12-06,katana,,,
2023/12/R/640,DAH-2231,"F/LH brake piston disc, F/brake pads",2023-12-06,2023-12-08,Badalgama,,,
2023/12/R/641,LO-5986,"Fix horn, signal light LH, chk elec. Sys., F/RH wheel sometimes tight, LH side mirror arm repair, MNW, Chk RH door lock & handle, silensor bracket repair",2023-12-06,2023-12-20,Mihinthale plant,,,
2023/12/R/642,LI-2427,"Service, tipping jack seal, LHS door lock, silensor, R/door pin repair, chk turbo hose, cabin lock repair, chk lights, gear box repair",2023-12-07,2024-01-02,wadakada,,,
2023/12/R/643,"6"" water pump","Service, clean pump impeller, silensor & air filter repair , fuel tank clean, make starting handle, change fan belt adjuster",2023-12-08,2023-12-09,kallanchiya,,,
2023/12/R/644,ZA-6255,"water pump repair, fix horn, spring blade forme work, chk hand brake, RHS door upholstery, fuel sys. Repair",2023-12-08,2024-01-05,Katana,,,
2023/12/R/645,PH-0765,"Hand brake cable, S/meter cable, u-joint, service",2025-12-08,2023-12-16,Katana,,,
2023/12/R/646,HEX-37,"Remove short arm boom,fixed long arm boom,fix pile hammer",2023-12-08,2023-12-09,cep-03,,,
2023/12/R/647,PD-4739,A/C repair,2023-12-08,2023-12-09,Badalgama,,,
2023/12/R/648,LN-8277,Replaced clutch servo pump,2023-12-08,2023-12-09,Kadawatha,,,
2023/12/R/649,ZB-2586,"Add hy. oil, wash & grease",2023-12-09,2023-12-10,alawwa,,,
2023/12/R/650,TR-61,Engine repair,2023-12-09,,Katana,Cancel,,
2023/12/R/651,RA-3052,"Fuel mixed with oil, sheet cushion",2023-12-11,2023-12-13,Kadawatha,,,
2023/12/R/652,LN-8278,Spring blade forming,2023-12-11,2023-12-20,Badalgama,,,
2023/12/R/653,LP-1720,"A/C repair, chk door winder, replace fan belt 8PK-2120",2023-12-11,2024-01-13,Badalgama,,,
2023/12/R/654,RS-0483,"Loader bucket repair, silensor repair, Extradig pads, R/cab glass, U-joint, hy. leak valve box, transmission oil mixed with water, S/motor repair",2023-12-11,2024-01-29,Katana,,,
2023/12/R/655,LY-1614,"S/meter repair, tail light repair",2023-12-11,2023-12-11,Badalgama,,,
2023/12/R/656,HEX-19,Replaced starter motor solenoid,2023-12-11,2023-12-12,cep-03,,,
2023/12/R/657,ZA-2963,"chk travelling, RH door glass replace, extra dig pads, outtriger pad, hy. leak repair",2023-12-12,2024-02-22,Katana,,,
2023/12/R/658,40-8060,"MNW, tinkering & painting, Engine overhaul- oil burning, chk gear cable, chk tie rod ,suspension, wiper not work, seat cushion, elec. Repair",2023-12-12,2024-05-15,Galenbidunuwewa,,,
2023/12/R/659,LP-1578,"RH side mirror, reverse horn, Tail light",2023-12-12,2023-12-14,Badalgama,,,
2023/12/R/660,LP-1720,RH side mirror,2023-12-12,2023-12-14,Badalgama,,,
2023/12/R/661,LK-5041,"servcie, MNW",2023-12-12,2024-01-15,Badalgama,,,
2023/12/R/662,325-5120,"S/motor repair, S/meter repair",2023-12-14,2023-12-18,Badalgama,,,
2023/12/R/663,LK-2366,Air leak,2023-12-15,2023-12-16,Kadawatha,,,
2023/12/R/664,CR-01,"Brake repair, chk hr meter, chk transmission sys., chk emergency light",2023-12-15,2023-12-28,Badalgama,,,
2023/12/R/665,ZA-6069,"Replaced fan belt 8PK-1835, belt adjuster 320-08651",2023-12-15,2023-12-15,Weliweriya,,,
2023/12/R/666,LB-4824,"chk service, MNW, Brake repair(replace R/brake washer, F/brake pads,S/m cable)",2023-12-15,2023-12-23,Katana,,,
2023/12/R/667,LO-4824,"chk kin pin, brake",2023-12-17,2023-12-20,Badalgama,,,
2023/12/R/668,LO-8348,Brake repair(adjusted),2023-12-17,2023-12-20,Badalgama,,,
2023/12/R/669,SL-08,"pin bush repair, chk battery charging,MNW, bucket lever NW, loader lift jack seal",2023-12-16,,Badalgama,Cancel,,
2023/12/R/670,LP-1580,"chk battery charging, & RHS door winder, tail light, F/LH signal light bulb",2023-12-16,2023-12-22,Mihinthle plant,,,
2023/12/R/671,HEX-37,"Remove pile hammer, assemble short arm boom, bucket",2023-12-18,2023-12-19,Maggona,,,
2023/12/R/672,HEX-41,Fuel cut off switch,2023-12-18,2023-12-19,cep-03,,,
2023/12/R/673,LB-01,Replace fan belt,2023-12-18,2023-12-20,alawwa,,,
2023/12/R/674,ZA-2964,"kin pin bearing, pinion seal, extradig seal kit",2023-12-18,2023-12-20,cep-03,,,
2023/12/R/675,LD-06,replace poropellar shaft u-joint & center bearing F-209,2023-12-18,2023-12-20,Muthur plant,,,
2023/12/R/676,253-2574,"chk suspension, R/spring blade repair, chk allignment, signal , tail light fix, chk propellar shaft assy., chk meter, horn",2023-12-19,2024-01-03,trinco,,,
2023/12/R/677,LBS-01,"F/tyre change, service, wash & grease, Hy. hose, trans. Oil change, chk hy. oil",2023-12-19,2024-01-16,Solution,ZB-1521,,
2023/12/R/678,49-2289,"Hitch can't lift, MNW, alternator repair",2023-12-19,2024-02-09,Badalgama,,,
2023/12/R/679,LO-4816,"chk battery charging, S/motor, tail lights, wash & grease, MNW",2023-12-20,2023-12-28,Erawur,,,
2023/12/R/680,LM-6653,"service, replace hub seal, spring bush, deck light, ram pin, tail light, MNW",2023-12-20,2024-01-11,Erawur,,,
2023/12/R/681,PA-4879,alternator repair,2023-12-20,2023-12-21,Muthur plant,,,
2023/12/R/682,DAH-2491,Starter motor repair,2023-12-22,2023-12-26,Katana,,,
2023/12/R/683,LP-1715,"R/LH hub seal, reverse light, horn, chk & service, chk battery charging",2023-12-22,2023-12-28,Erawur,,,
2023/12/R/684,LP-1581,fuel sys. Repair(change fuel filters),2023-12-23,2023-12-23,Badalgama,,,
2023/12/R/685,HEX-36,"service, accelerator repair, hy. leak repair, chk e/overheating",2023-12-23,2024-03-11,Kadawatha,,,
2023/12/R/686,LN-8277,Boom hy. leak repair,2023-12-29,2023-12-29,Kadawatha,,,
2023/12/R/687,HEX-21,"track repair, boom jack seal, chk fan belt, light, horn, ",2023-12-24,2024-01-06,Erawur,,,
2023/12/R/688,RA-3052,replace LH brake pads,2023-12-24,2023-12-27,Buttala,,,
2023/12/R/689,LK-6740,"Replace P/S belt, wiper arm repair, signal lever assy, accelerator cable repair, wash & grease,  ",2023-12-27,2023-12-29,Kadawatha,,,
2023/12/R/690,LI-3401,"chk light & horn, meter, chassis repair, change fuel filter element",2023-12-27,2023-12-29,wadakada,,,
2023/12/R/691,59-5421,"Radiator clean & repair, replace fan blade",2023-12-27,2023-12-31,wadakada,,,
2023/12/R/692,LP-1718,"fix fog light LH & RH, riverse horn",2023-12-27,2023-12-28,Badalgama,,,
2023/12/R/693,57-3062,AC repair,2023-12-29,2024-01-07,Badalgama,,,
2023/12/R/694,PH-3945,"Replace mud cover ,tail lamp lence, fog lamp repair, tail light bulb",2023-12-29,2023-12-29,H/O,,,
2023/12/R/695,LM-7942,"wash & grease, servcie, chk battery M 230090498",2023-12-29,2023-12-30,wadakada,,,
2023/12/R/696,LP-1579,"wash & grease, wiper blades, fix switch for cabin lamp, side guard repair M230806062/M230826188",2023-12-29,2023-12-30,Access hire,,,
2023/12/R/697,ZA-7965,outtriger jack seal,2023-12-30,2023-12-30,Minuwangoda,,,
2023/12/R/698,CR-02,Machine can't swing,2023-12-30,2023-12-30,wadakada,,,
2023/12/R/699,LB-4824,"Replace u-joint, gear box coupling",2023-12-30,2024-01-05,Katana,,,
2023/12/R/700,LN-1867,Alternator repair,2023-12-30,2024-01-03,Badalgama,,,
2024/1/R/001,PR-1504,"R/RH hub bearing, seal, change diff. oil, wash & grease, chk lights ,starter motor serviced ",2024-01-01,2024-01-04,Katana,M22071249 95A,,
2024/1/R/002,HEX-23,"Bucket pin bush repair, H-support",2024-01-03,2024-01-09,wadakada,,,
2024/1/R/003,LI-3396,"clutch repair, pressure plate flywheel facing, replace p/plate springs, finger kit, clutch liners",2024-01-03,2024-01-07,wadakada,,,
2024/1/R/004,concrete mixture,"mixer drum & travelling wheel repair, service, injector pump & nozzel service",2024-01-02,2024-01-11,Badalgama,,,
2024/1/R/005,BGY-6440,"oil leak repair, service",2024-01-02,2024-01-03,Badalgama,,,
2024/1/R/006,LP-1571,"reverse horn, fog light",2024-01-02,2024-01-22,Badalgama,,,
2024/1/R/007,VR-68,"replace air filter, wash & grease",2024-01-04,2024-01-04,Gampaha,,,
2024/1/R/008,325-5120,Replace clutch R/kit-Low,2024-01-04,2024-01-04,Badalgama,,,
2024/1/R/009,LO-8350,"chk wiper, reverse horn, tail light, ball mirror, number plate bulb, chk E/oil service, mud cover R/F",2024-01-04,2024-01-10,Buttala,,,
2024/1/R/010,LX-1679,Ramp repair,2024-01-04,2024-01-22,Badalgama,,,
2024/1/R/011,SL-09,"Remove water in fuel tank, wash & grease, servcie, chk bucket pin bush, replace hy. hose 2nos",2024-01-04,2024-01-11,Thalawa,,,
2024/1/R/012,SL-02,"pin bush repair, bucket jack oil leak, E/oil leak, replace cutting edge, operating seat repair, rear glass repair",2024-01-06,2024-02-05,Thalawa,,,
2024/1/R/013,LH-5475,"chk battery charging, fuel system, starter motor repair, fix tail light assy. LH &RH",2024-01-06,2024-01-14,Badalgama,,,
2024/1/R/014,LI-2427,"tipping jack seal, door pin repair",2024-01-06,2024-01-11,wadakada,,,
2024/1/R/015,LN-1867,"gear lever assy, chk free play",2024-01-07,2024-01-07,kilinochchi,,,
2024/1/R/016,LD-05,"chk lights, wiper, brake light switch, chk wire harnes for damage fuses-short cct",2024-01-07,2024-01-10,Badalgama,,,
2024/1/R/017,PH-6747,replace starter motor solenoid,2024-01-08,2024-01-08,wadakada,,,
2024/1/R/018,LJ-5203,high fuel consumption,2024-01-08,2024-01-14,wadakada,,,
2024/1/R/019,LI-3405,"chk battery charging, elec .repair-chk lights, wiper, air leak",2024-01-08,2024-02-05,wadakada,,,
2024/1/R/020,LL-0936,LH side mirror,2024-01-08,2024-01-11,Kadawatha,,,
2024/1/R/021,MG-11,"service, wash & grease, elec. Repair-horn light, charging, operating seat repair, side mirror",2024-01-11,2024-01-16,wadakada,,,
2024/1/R/022,CR-01,"air leak, gear engage defect, chk hr meter, elec .repair",2024-01-11,,Maggona,C-Com,,
2024/1/R/023,LO-7855,light repair,2024-01-11,2024-01-11,Solution,,,
2024/1/R/024,LN-1867,"chk S/motor, head light, R/hose, battery terminal, chk horn",2024-01-17,2024-01-18,kilinochchi,,,
2024/1/R/025,MG-06,"Brake repair, guide rail, lights",2024-01-12,2025-01-17,Badalgama,,,
2024/1/R/026,LO-7182,"Replace hub bolts, clutch pump -up",2024-01-12,2024-01-13,Thebuwana,,,
2024/1/R/027,LO-4822,Replaced brake rachets,2024-01-12,2024-01-13,Thebuwana,,,
2024/1/R/028,LO-5986,Clutch repair,2024-01-12,2024-01-20,Thebuwana,,,
2024/1/R/029,LP-1715,Brake hose,2024-01-12,2024-01-12,Thebuwana,,,
2024/1/R/030,LL-1782,"Replace brake hose, hub greased R/middle left",2024-01-13,2024-01-13,Badalgama,,,
2024/1/R/031,VR-63,"ignition key cutting, seat repair, battery",2024-01-13,2024-01-16,wadakada,,,
2024/1/R/032,VR-60,"wash & grease, top up hy. oil",2024-01-13,2024-01-13,wadakada,,,
2024/1/R/033,Water pump,Engine starting defect,2024-01-13,2024-01-13,Kadawatha,,,
2024/1/R/034,LD-02,"Elec .repair, S/motor repair",2024-01-15,2024-01-20,Muthur plant,,,
2024/1/R/035,LD-06,Elec. Repair,2024-01-15,2024-01-16,Muthur plant,,,
2024/1/R/036,HEX-41,Undercarriage repair,2024-01-14,2024-01-31,wadakada,,,
2024/1/R/037,SR-08,Exhaust manifold repair,2024-01-14,2024-01-20,wadakada,,,
2024/1/R/038,PC-02,"Brake repair, spring blade repair, adblu supply elec. Repair",2024-01-14,2024-01-17,Moragahakanda,,,
2024/1/R/039,LK-5041,S/motor repair- replace bushes,2024-01-14,2024-01-17,Badalgama,,,
2024/1/R/040,LN-8278,"water leak, meter board repair",2024-01-14,2024-01-27,Badalgama,,,
2024/1/R/041,41-1130,"Ball mirror, chk service",2024-01-14,2024-01-15,wadakada,,,
2024/1/R/042,LC-0434,"air leak, wiper motor, fog light, tail light lence, MNW",2024-01-15,2024-01-30,Badalgama,,,
2024/1/R/043,LN-1867,Brake repair,2024-01-20,2024-01-25,kilinochchi,,,
2024/1/R/044,LM-7942,S/motor repair,2024-01-20,2024-01-25,wadakada,,,
2024/1/R/045,PA-4879,Alternator & S/motor repair,2024-01-20,2024-01-22,Muthur plant,,,
2024/1/R/046,LI-3395,S/motor repair,2024-01-20,2024-01-20,Muthur plant,,,
2024/1/R/047,BFR-4276,chk timing chain,2024-01-21,2024-01-21,Katana,,,
2024/1/R/048,LB-4824,Starting defect,2024-01-22,2024-01-22,Katana,,,
2024/1/R/049,SL-04,"chk battery charging, axel seal, hy. oil seal, hy .leak repair, chk lights",2024-01-22,2024-01-22,wadakada,,,
2024/1/R/050,LD-05,"Bucket pin bush, center pin, service, MNW",2024-01-22,2024-01-22,Badalgama,,,
2024/1/R/051,MG-14,Blade jack shaft repair & replace seals,2024-01-22,2024-01-22,trinco,,,
2024/1/R/052,LB-24,accelerator cable repair,2024-01-22,2024-01-22,trinco,,,
2024/1/R/053,PD-4739,"Brake ,clutch, service, head light",2024-01-22,2024-01-22,Badalgama,,,
2024/1/R/054,PH-0765,F/R lower arm ball joint,2024-01-22,2024-01-22,Katana,,,
2024/1/R/055,LM-6653,ramp wood replace- 266282Km,2024-01-22,,Badalgama,Cancel,,
2024/1/R/056,57-3062,Replace brake pads,2024-01-23,2024-01-23,Badalgama,,,
2024/1/R/057,VR-65,"wash & grease, top up hy. oil, replace air filter ",2024-01-23,2024-01-23,wadakada,1281Hr,,
2024/1/R/058,PT-1569,Running repair,2024-01-23,2024-02-07,Galenbidunuwewa,,,
2024/1/R/059,SL-13,Starter motor repair(another motor sent to site),2024-01-23,2024-02-06,Galenbidunuwewa,,,
2024/1/R/060,LN-8277,"Door hinger repair, running repair",2024-01-23,2024-01-24,Kadawatha,,,
2024/1/R/061,LO-5981,"clutch pump, clutch booster",2024-01-24,2024-01-26,Muthur plant,,,
2024/1/R/062,325-5120,chk starter motor,2024-01-25,2024-01-26,Badalgama,,,
2024/1/R/063,LY-4524,Air baloon repair,2024-01-27,2024-02-10,Badalgama,,,
2024/1/R/064,SR-09,silensor repair,2024-01-27,2024-01-30,wadakada,,,
2024/1/R/065,HEX-01,idler coil spring repair,2024-01-29,2024-01-31,Galnewa,,,
2024/1/R/066,47-5112,S/motor repair,2024-01-30,2024-01-30,Badalgama,,,
2024/1/R/067,PC-01,S-valve cylinder repair,2024-01-30,2024-01-31,wadakada,,,
2024/1/R/068,LJ-8055,"F/R hub greased, replace brake washer dust boot(F/R), replace clutch booster, clutch R/kit up",2024-01-30,2024-02-08,Badalgama,,,
2024/1/R/069,PTR-01,Running repair,2024-01-31,2024-03-09,Maggona,,,
2024/1/R/070,PTR-10,Running repair,2024-01-31,2024-03-16,Maggona,,,
2024/1/R/071,AC-37,replace crank seal,2024-01-31,2024-02-03,wadakada,780Hr,,
2024/1/R/072,ZA-2609,Backhoe clamp seal,2024-01-31,2024-02-01,alawwa,,,
2024/1/R/073,ZA-7965,"outtriger jack seal, AC pump",2024-01-31,2024-02-02,Katana,,,
2024/2/R/074,LI-2427,"chassis repair, chk E/mounts",2024-02-03,2024-02-07,wadakada,,,
2024/2/R/075,MG-09,silensor repair,2024-02-04,2024-02-05,wadakada,,,
2024/2/R/076,LP-1571,"air bleeding in clutch sys., adjust brakes",2024-02-05,2024-02-05,wadakada,,,
2024/2/R/077,GL-0019,"U-joint replacing, S/M repair",2024-02-05,2024-02-12,Badalgama,,,
2024/2/R/078,LO-4824,"fuel system repair, injector service",2024-02-05,2024-02-23,Thebuwana,,,
2024/2/R/079,LJ-5559,"Engine minor repair, brake repair",2024-02-05,2024-02-24,Muthur plant,,,
2024/2/R/080,CR-02,Hy. leak repair,2024-02-05,2024-02-08,cep-03,,,
2024/2/R/081,DAH-2230,Alternator repair,2024-02-05,2024-02-09,Galenbidunuwewa,,,
2024/2/R/082,PD-6917,P/S pump,2024-02-05,2024-02-07,cep-03,,,
2024/2/R/083,51-7158,"Running repair, suspension repair, wheel alignment checked by site, delayed 1week",2024-02-07,2024-02-14,Kadawatha,,,
2024/2/R/084,SL-03,silensor repair,2024-02-06,2024-02-08,cep-03,,,
2024/2/R/085,SR-06,E/mounts,2024-02-06,2024-02-10,cep-03,,,
2024/2/R/086,LL-0920,"signal lever assy,",2024-02-06,2024-02-07,cep-03,,,
2024/2/R/087,LB-4824,"S/motor repair, brake repair",2024-02-06,2024-02-07,Katana,,,
2024/2/R/088,PH-6742,Chk engine(engine repair),2024-02-08,2024-03-23,thisawewa,,,
2024/2/R/089,LN-8278,"Replaced F/brake liners, fixed temp. meter",2024-02-08,2024-02-13,Badalgama,,,
2024/2/R/090,LL-1782,"Ramp. Jack repair, diff. oil  chk",2024-02-08,2024-02-10,Badalgama,,,
2024/2/R/091,PH-0765,Fuel tank cleaning,2024-02-08,2024-02-08,Katana,,,
2024/2/R/092,47-5112,steering sys. Repair,2024-02-09,2024-02-19,Badalgama,,,
2024/2/R/093,LI-7618,"Fan belt, diesel tank leak, light repair",2024-02-10,2024-02-13,Gammirisgaswewa,,,
2024/2/R/094,LO-7180,"wash & grease, replace tail light assy., chk lights, side guard repair",2024-02-10,2024-02-14,thisawewa,,,
2024/2/R/095,RD-3536,Accident repair,2024-02-10,2024-04-20,alawwa,,,
2024/2/R/096,HEX-18,"swing wheel bearing repair, swing motor seal, swival seal",2024-02-10,2024-03-16,Mundalama Estate,,,
2024/2/R/097,BIE-8564,Running repair,2024-02-10,2024-02-10,cep-03,,,
2024/2/R/098,BIE-8582,Running repair,2024-02-10,2024-02-10,cep-03,,,
2024/2/R/099,ZB-1547,Replace E/mounts,2024-02-10,2024-02-12,alawwa,,,
2024/2/R/100,PC-01,pipe joining socket making,2024-02-10,2024-02-14,cep-03,,,
2024/2/R/101,PT-1569,Steering assy. Repair,2024-02-10,2024-02-13,Badalgama,,,
2024/2/R/102,LH-5475,Alternator repair,2024-02-10,2024-02-12,Badalgama,,,
2024/2/R/103,LD-05,"Fan belt, adjuster, radiator repair",2024-02-12,2024-02-21,Badalgama,,,
2024/2/R/104,57-3062,"water level decrease in R/tank, chk temp. meter",2024-02-13,,Badalgama,Cancel,,
2024/2/R/105,concrete mixture,Running repair,2024-02-15,2024-02-16,kilinochchi,,,
2024/2/R/106,concrete mixture,Running repair,2024-02-15,2024-02-22,kilinochchi,,,
2024/2/R/107,RS-0483,Backhoe clamp seal,2024-02-15,2024-02-15,Katana,,,
2024/2/R/108,LA-9208,"clutch repair, thermostat joint replace",2024-02-15,2024-02-22,Badalgama,,,
2024/2/R/109,LC-0434,"clutch repair, gear box repair, chk service, propellar shaft",2024-02-15,2024-02-27,Badalgama,,,
2024/2/R/110,BGY-6446,Chk F/tyre,2024-02-15,2024-02-16,wadakada,,,
2024/2/R/111,HEX-46,Boom pin bush grease seal,2024-02-16,2024-02-17,cep-03,,,
2024/2/R/112,HS-1794,Running repair,2024-02-16,2024-04-30,cep-03,,,
2024/2/R/113,LB-4824,P/S oil leak,2024-02-16,2024-02-22,Katana,,,
2024/2/R/114,325-5120,"Accelerator cable, wash & grease",2024-02-16,2024-02-19,Badalgama,,,
2024/2/R/115,LN-8277,Alternator repair,2024-02-16,2024-02-17,cep-03,,,
2024/2/R/116,PC-01,Hy. cooling fan repair,2024-02-16,2024-02-17,cep-03,,,
2024/2/R/117,AC-07,"Adjust pressure relief valve, tensioned non return valve",2024-02-19,2024-02-19,Badalgama,,,
2024/2/R/118,TM-20,Running repair,2024-03-18,2024-03-19,abanpola,,,
2024/2/R/119,LN-8279,air sys. Repair,2024-02-18,2024-02-19,Badalgama,,,
2024/2/R/120,LK-6740,"No tipping, injector pump diesel leak, service",2024-02-20,2024-02-21,Kadawatha,,,
2024/2/R/121,PD-4739,"change brake oil, gear lever bushing",2024-02-20,2024-02-21,Badalgama,,,
2024/2/R/122,PR-1469,"head light, horn, temp. meter, overheating of engine",2024-02-20,2024-02-22,Katana,,,
2024/2/R/123,HEX-29,"chk undercarriage, joystic lever seal, bucket jack seal, service, wash & grease, bucket repair",2024-02-20,2024-03-01,cep-03,,,
2024/2/R/124,LI-2427,"Turbo intercooler cleaning, turbocharger repair",2024-02-22,2024-02-27,cep-03,,,
2024/2/R/125,PC-01,center bearing ,2024-02-22,2024-02-25,cep-03,,,
2024/2/R/126,LD-09,Fan belt 8PK-950,2024-02-22,2024-02-22,cep-03,,,
2024/2/R/127,LI-3395,Propellar shaft assy.,2024-02-22,2024-02-24,Muthur plant,,,
2024/2/R/128,LD-02,Radiator repair,2024-02-24,2024-03-24,Muthur plant,,,
2024/2/R/129,LD-09,auto grease valve,2024-02-24,2024-03-08,cep-03,,,
2024/2/R/130,GL-0019,chk heat meter,2024-02-24,2024-02-24,Badalgama,,,
2024/2/R/131,PR-1469,"chk horn, S/meter, R/door lock",2024-02-24,2024-02-25,Badalgama,,,
2024/2/R/132,LP-1566,"Replace tail light lence, chk horn",2024-02-24,2024-02-24,Thebuwana,,,
2024/2/R/133,BGY-6445,Engine minor repair,2024-02-24,2024-05-04,Badalgama,,,
2024/2/R/134,BGY-6447,Running Repair,2024-02-24,2024-03-04,Badalgama,,,
2024/2/R/135,PT-1569,"LH tail light repair, steering box oil top up",2024-02-26,2024-02-26,Badalgama,,,
2024/2/R/136,HEX-40,"track repair, E/oil leak",2024-02-26,2024-03-16,cep-03,,,
2024/2/R/137,LI-3396,Foot valve R/kit,2024-02-26,2024-02-27,cep-03,,,
2024/2/R/138,LH-5586,"S/solenoid, carbon brush set",2024-02-26,2024-02-27,cep-03,,,
2024/2/R/139,LN-8279,replace brake chamber diaphram,2024-02-26,2024-02-27,Badalgama,,,
2024/2/R/140,PH-0765,"chk susspension sys., gear lever bushes, steering & propellar shaft u-joints, replace meter cable, horn NW",2024-02-29,2024-03-01,Katana,301607Km,,
2024/2/R/141,LN-8278,"chk brakes, replaced ABS brake booster R/kit",2024-02-29,2024-03-05,Badalgama,,,
2024/2/R/142,PTR-04,starter motor repair(replace armature),2024-02-29,2024-03-06,trinco,,,
2024/3/R/143,SR-08,oil plug,2024-03-01,2024-03-01,cep-03,,,
2024/3/R/144,PT-1569,"disemble clutch pump & cleaned, upholstery repair",2024-03-01,2024-03-04,Badalgama,,,
2024/3/R/145,48-4849,"replaced silensor packing, elec. Repair",2024-03-01,2024-03-01,Badalgama,,,
2024/3/R/146,LN-8279,brake check valve cleaning,2024-03-01,2024-03-01,Badalgama,,,
2024/3/R/147,BFR-4276,seat cushion,2024-03-02,2024-03-04,Katana,,,
2024/3/R/148,BIE-8576,service,2024-03-02,2024-03-04,cep-03,,,
2024/3/R/149,BIE-8557,service,2024-03-02,2024-03-03,cep-03,,,
2024/3/R/150,LM-6653,Alternator repair,2024-03-04,2024-03-04,Badalgama,,,
2024/3/R/151,PR-1469,Engine overheating,2024-03-05,,,Cancel,,
2024/3/R/152,ZA-8511,"Spring blade repair, service-Rear engine",2024-03-04,2024-03-14,cep-03,,,
2024/3/R/153,Bar cutter,"replaced bearing, crankshaft bushing, connecting rod repair, cutting edge mounting, bolt hole bushing",2024-03-04,2024-03-07,cep-03,,,
2024/3/R/154,57-3062,"replaced filter head, service,",2024-03-04,2024-03-05,Badalgama,,,
2024/3/R/155,MG-04,"chk oil level, wash & grease",2024-03-05,2024-03-05,cep-03,,,
2024/3/R/156,LL-1782,Elec. Repair(wire  harness short cct),2024-03-05,2024-03-06,trinco,,,
2024/3/R/157,HEX-19,"Arm, boom, bucket pin bush, solenoid replace, service, windscreen frame repair",2024-03-05,2024-03-12,cep-03,,,
2024/3/R/158,RC-9894,"wash & grease, replaced fuel filters, rear rim repair",2024-03-06,2024-03-07,chilaw,,,
2024/3/R/159,VR-40,Running repair,2024-03-06,2024-03-07,chilaw,,,
2024/3/R/160,WP-122,starting defect,2024-03-06,2024-03-07,chilaw,,,
2024/3/R/161,"2"" water pump",starting defect,2024-03-06,2024-05-20,cep-03,,,
2024/3/R/162,VR-62,wash & grease,2024-03-06,2024-03-06,cep-03,1007Hr,,
2024/3/R/163,PT-1569,"steering wheel free play, chk lights",2024-03-06,2024-03-06,Badalgama,,,
2024/3/R/164,PR-1504,"starter motor repair, wash & grease",2024-03-06,2024-03-06,Katana,,,
2024/3/R/165,PC-02,Spring blade repair,2024-03-07,2024-03-10,Moragahakanda,,,
2024/3/R/166,HEX-17,"Remove long arm, boom, fix short arm, boom, pile hammer",2024-03-07,,Maggona,Cancel,,
2024/3/R/167,LO-5986,Replace brake liners,2024-03-07,2024-03-12,Thebuwana,,,
2024/3/R/168,68-5115,Alternator repair,2024-03-07,2024-03-12,Thalawa,,,
2024/3/R/169,FL-03,starter motor repair-brush set,2024-03-08,2024-03-08,Badalgama,,,
2024/3/R/170,ZA-6255,fuel sys. Repair-filter change,2024-03-08,2024-03-08,Badalgama,,,
2024/3/R/171,LK-2366,replace P/S oil tank,2024-03-08,2024-03-08,Kadawatha,,,
2024/3/R/172,RC-9894,diesel block-replace fuel filters,2024-03-08,2024-03-08,Badalgama,,,
2024/3/R/173,DAH-2230,Fuel sys. Repair(repaired injector nozzel),2024-03-08,2024-03-08,Katana,,,
2024/3/R/174,LX-1679,wire harness repair,2024-03-08,2024-03-08,Badalgama,,,
2024/3/R/175,"6"" water pump",running repair,2024-03-08,2024-03-24,cep-03,,,
2024/3/R/176,SL-03,"Hy. pump seal, E/mounts",2024-03-09,2024-05-31,cep-03,,,
2024/3/R/177,SL-06,"Travelling motor seal, parking brake defect, tail light repair",2024-03-09,2024-10-03,cep-03,,,
2024/3/R/178,HEX-23,"field coil , armature, brush set",2024-03-09,2024-03-11,cep-03,,,
2024/3/R/179,LI-7620,Field coil repair,2024-03-09,2024-03-14,cep-03,,,
2024/3/R/180,SL-09,Replace travelling motor seal,2024-03-09,2024-06-13,cep-03,,,
2024/3/R/181,HO-9850,"Tipping jack seal(2nos), propellar shaft center mount, u-joints",2024-03-09,2024-03-16,cep-03,,,
2024/3/R/182,LY-4524,"replace brake pads, chk lights",2024-03-11,2024-03-17,Badalgama,,,
2024/3/R/183,LP-1713,replace tail light assy.,2024-03-11,2024-03-11,Badalgama,,,
2024/3/R/184,DAH-2230,starting defect,2024-03-11,2024-03-13,Katana,,,
2024/3/R/185,PH-0765,replace brake pads,2024-03-11,2024-03-11,Katana,,,
2024/3/R/186,LK-5041,"door lock, gear engage defect, adjust brakes, s/m repair",2024-03-12,2024-03-12,Badalgama,,,
2024/3/R/187,LP-1576,differential repair-recondition pinion,2024-03-12,2024-04-01,cep-03,,,
2024/3/R/188,HEX-41,bucket jack repair,2024-03-12,2024-03-14,cep-03,,,
2024/3/R/189,LD-09,alternator repair,2024-03-12,2024-03-13,cep-03,,,
2024/3/R/190,SR-08,Radiator replace,2024-03-12,2024-03-16,cep-03,,,
2024/3/R/191,LB-4824,"brake repair-brake pads, disc, hub",2024-03-12,2024-03-27,Katana,,,
2024/3/R/192,PH-3945,"Brake, suspension repair, service",2024-03-13,2024-03-20,H/O,,,
2024/3/R/193,PR-1469,"Gear engage defect, chk meters",2024-03-13,2024-03-20,Badalgama,,,
2024/3/R/194,47-5112,Fuel sys. Repair,2024-03-13,2024-03-13,Badalgama,,,
2024/3/R/195,HEX-21,"bucket repair, service, chk heat meter,engine heat",2024-03-13,2024-03-26,Palawatta,,,
2024/3/R/196,PC-01,"oil seal, solenoid with wire",2024-03-13,2024-04-20,cep-03,,,
2024/3/R/197,AC-37,"axel shaft end repair, replace hub bearing & seal",2024-03-13,2024-03-15,cep-03,,,
2024/3/R/198,PTR-05,Roof repair,2024-03-13,2024-05-06,cep-03,,,
2024/3/R/199,SR-04,"wash & grease, radiator, hy. cooler cleaning, scraper reapir",2024-03-13,2024-03-22,cep-03,,,
2024/3/R/200,AC-24,"Engine overheating, radiator cleaning",2024-03-14,2024-03-22,cep-03,,,
2024/3/R/201,LO-9810,"Removed brake drums, clean & greasing",2024-03-15,2024-03-15,Badalgama,,,
2024/3/R/202,SR-10,"chk battery charging, replaced battery",2024-03-15,2024-03-15,cep-03,,,
2024/3/R/203,48-4849,"Air compressor delivery steel air hose repair, change line filter",2024-03-15,2024-03-15,Badalgama,,,
2024/3/R/204,LM-2298,Cola pump leak repair,2024-03-15,2024-03-16,cep-03,,,
2024/3/R/205,VR-54,"Replaced fan belt 6405, wash & grease, service",2024-03-15,2024-03-15,trinco,,,
2024/3/R/206,PTR-09,"tyre change, chk brake & clutch",2024-03-15,,Badalgama,Cancel,,
2024/3/R/207,LM-6653,"Replace brake diaphram, chk lights, replace reverse plug",2024-03-18,2024-03-18,Badalgama,,,
2024/3/R/208,PY-2408,"diesel leak repair, starter motor brush , tail lamp LH",2024-03-18,2024-03-20,kallanchiya,,,
2024/3/R/209,ZA-8337,"starter motor repair, replace stabilizer seal kit",2024-03-18,2024-03-21,Mundalama Estate,,,
2024/3/R/210,BGY-6440,Carb. Tune up,2024-03-18,2024-03-18,Badalgama,,,
2024/3/R/211,LY-1614,"Spring blade repair,starter motor brush set, replace armature",2024-03-18,2024-03-23,Badalgama,,,
2024/3/R/212,RF-0748,"Tinkering, hitch repair, bonnet cover repair, kin pin repair, operating seat repair, chk & repair lights",2024-03-18,2024-03-26,Mundalama Estate,,,
2024/3/R/213,AP-11,Blower fan(fixed AP-9 fan),2024-03-18,2024-03-20,Thanthirimale,,,
2024/3/R/214,LO-7180,"chk brakes & park light, replace R/brake liners, B/drum facing",2024-03-20,2024-03-21,Badalgama,,,
2024/3/R/215,DAH-2491,"Replace water jacket, radiator cleaning, filter change",2024-03-20,2024-03-30,Katana,,,
2024/3/R/216,LI-3401,S/meter cable,2024-03-20,2024-03-25,cep-03,,,
2024/3/R/217,LM-7948,clutch repair,2024-03-20,2024-03-23,cep-03,,,
2024/3/R/218,ZA-6068,Alternator repair,2024-03-21,2024-03-26,cep-03,,,
2024/3/R/219,LO-7184,Clutch repair,2024-03-21,2024-03-26,cep-03,,,
2024/3/R/220,LK-5586,"Fuel mixed with E/oil, clutch repair, Steering box R/kit",2024-03-21,2024-04-20,cep-03,,,
2024/3/R/221,LB-9496,Engine overhaul,2024-03-22,2024-10-01,kilinochchi,,,
2024/3/R/222,LN-8279,"Replace F/brake chamber, clutch master pump R/kit",2024-03-22,2024-03-23,Badalgama,,,
2024/3/R/223,48-4849,"Replace exhaut manifold, propellar shaft bolt",2024-03-23,2024-03-23,Badalgama,,,
2024/3/R/224,RS-0483,Trans. Oil cooler leak repair,2024-03-22,2024-03-23,Katana,,,
2024/3/R/225,LM-5722,S/meter cable,2024-03-22,2024-03-23,cep-03,,,
2024/3/R/226,PTR-10,Replace brake master pump R/kit,2024-03-22,2024-03-23,Asphalt team,,,
2024/3/R/227,LO-1059,"Clutch repair, service, wash & grease",2024-03-24,2024-03-28,Galnewa,,,
2024/3/R/228,LN-8279,"Starter motor repair-armature, brush set, brush holder",2024-03-25,2024-03-28,Badalgama,,,
2024/3/R/229,LK-2366,Spring blade repair,2024-03-25,2024-03-25,Kadawatha,,,
2024/3/R/230,HEX-17,Convert long arm to short arm,2024-03-25,2024-03-26,kilinochchi,,,
2024/3/R/231,AC-03,replace compressor piston rings,2024-03-25,2024-05-01,Muthur plant,,,
2024/3/R/232,LI-3396,"Wash & grease, adjust brake, spare wheel tube, collar replce",2024-03-27,2024-03-28,kilinochchi,,,
2024/3/R/233,LX-1045,"Disemble hub, clean & grease, brake rachet repair, -R/RHS middle wheel set",2024-03-27,2024-03-27,Badalgama,,,
2024/3/R/234,48-4849,"service, elec. Repair",2024-03-28,2024-03-29,Badalgama,,,
2024/3/R/235,LX-1679,Ramp motor switch chk & repair,2024-03-30,2024-03-30,Badalgama,,,
2024/3/R/236,PA-6399,"chk head, E/oil reducing, S/motor repair-Ex.",2024-03-30,2024-05-04,Thalawa,,,
2024/3/R/237,68-5115,"chk king pin, horn, fuel meter, starter motor repair, alternator repair, LH door glass can't lift, wire harness repair-ex Kamal, door winder repair",2024-03-30,2024-05-28,Thalawa,,,
2024/3/R/238,HEX-29,"Replace engine mount, Travelling motor oil leak, indicate diesel & battery bult, AC repair",2024-03-30,2024-06-07,Erawur,,,
2024/4/R/239,LH-5475,Mixer drum bearing,2024-04-01,2024-04-01,Badalgama,,,
2024/4/R/240,LP-1580,"replace RH side mirror, LH & RH square mirror, wash & grease",2024-04-01,2024-04-01,Erawur,,,
2024/4/R/241,LP-1715,"Wash & grease, tail light repair-LH",2024-04-01,2024-04-01,Erawur,,,
2024/4/R/242,LO-4822,"Service, battery post filling, chk brakeliners, wiper, windscreen, wash & grease",2024-04-01,2024-04-04,Thebuwana,,,
2024/4/R/243,LO-5985,"Wash & grease, service",2024-04-01,2024-04-03,Thebuwana,,,
2024/4/R/244,LL-0920,brake master pump,2024-04-02,2024-04-02,cep-03,,,
2024/4/R/245,LI-3401,Fuel feed pump,2024-04-02,2024-04-02,cep-03,,,
2024/4/R/246,SR-09,Drum mount - 9,2024-04-02,2024-04-03,cep-03,,,
2024/4/R/247,PY-2408,"Differential repair, replac recondition pinion, S/meter repair(replace sensor)",2024-04-02,2024-04-10,Katana,,,
2024/4/R/248,LC-0434,"replace clutch master pump, clutch oil tank hose, S/meter cable, ",2024-04-02,2024-04-04,Erawur,,,
2024/4/R/249,LY-4524,"Brake repair, LH side glass",2024-04-02,2024-04-06,Badalgama,,,
2024/4/R/250,LX-1679,"chk signal light, Ramp operating switch N/W",2024-04-02,2024-04-06,Badalgama,,,
2024/4/R/251,LP-1571,Replace pinion assy. Fixed recondition pinion by ex . Mechanic,2024-04-02,2024-04-07,Erawur,,,
2024/4/R/252,LO-4823,"Wash & grease, wiper blade, fan 12V, bidy light, door winder, tail light, chk brakes",2024-04-03,2024-04-04,Buttala,,,
2024/4/R/253,DAH-2230,"hand brake cable repair, door hinger repair",2024-04-03,2024-04-04,Badalgama,,,
2024/4/R/254,LP-1569,"clutch repair, adjusted clutch",2024-04-03,2024-04-04,Erawur,,,
2024/4/R/255,LH-5475,silensor repair,2024-04-04,2024-04-06,Badalgama,,,
2024/4/R/256,LK-5041,"MNW, chk lights with wire harness",2024-04-04,,Badalgama,Cancel,,
2024/4/R/257,HEX-18,top roller,2024-04-04,2024-04-06,Badalgama,,,
2024/4/R/258,48-4849,"Alternator repair, signal light assy.",2024-04-06,2024-04-19,Badalgama,,,
2024/4/R/259,LM-5721,"Flywheel , clutch liner, re-condition P/plate, pressure plate springs, finger kit",2024-04-08,2024-04-10,cep-03,,,
2024/4/R/260,PA-4879,"silensor repair, service, fuel sys. Repair, air filter housing repair",2024-04-19,2024-04-20,Muthur plant,,,
2024/4/R/261,LL-1782,"Replace hub bolt middle  R/RH & R/LH, replace brake washers, hub seal, axel seal  ",2024-04-19,2024-04-20,Badalgama,,,
2024/4/R/262,PC-01,agitator motor seal,2024-04-19,2024-04-22,cep-03,,,
2024/4/R/263,PT-1569,"clutch repair, replace clutch plate, bearing, clutch fork, gear box mount, ",2024-04-19,2024-04-20,Katana,,,
2024/4/R/264,LL-0920,"brake drum edge facing, kin pin R/kit, tie rod, drag link ball joint, brake wheel cylinder, hub bearing inner, outer, beake washer",2024-04-19,2024-05-03,cep-03,,,
2024/4/R/265,HEX-39,"boom pin, bush, high low gear selector oil leak",2024-04-19,2024-05-09,Galnewa,,,
2024/4/R/266,LD-02,starter motor repair,2024-04-19,2024-04-20,Muthur plant,,,
2024/4/R/267,LD-8875,"chassis repair, starter motor repair, air supply hose, turbo oil leak",2024-04-19,2024-08-27,Galnewa,,,
2024/4/R/268,PC-02,"Brake repair-replace all liners, ac repair, spring blade repair",2024-04-21,2024-04-27,Moragahakanda,,,
2024/4/R/269,LO-5981,"change fuel filters, air filter, chk fuel cut off solenoid, fuel lines, feed pump, wash & grease",2024-04-22,2024-05-08,cep-03,,,
2024/4/R/270,MG-11,Transmission repair,2024-04-22,2024-06-26,cep-03,,,
2024/4/R/271,LN-8278,adjust brakes,2024-04-23,2024-04-23,Badalgama,,,
2024/4/R/272,ZA-6069,"replace tie rod end, F/LH hub seal, replace fan belt 8PK-1835, arm end pin bush repair, replace multi jack seal, belt adjuster",2024-04-23,2024-05-03,Kadawatha,,,
2024/4/R/273,LO-4824,"Fuel sys, repair-AGM",2024-04-23,2024-04-25,Badalgama,,,
2024/4/R/274,LK-2276,"replace air dryer R/kit,water leak repair",2024-04-23,2024-04-25,Katana,,,
2024/4/R/275,PR-1469,"Radiator cooling fan NW, apply direct current to fan motor",2024-04-24,2024-04-24,Badalgama,,,
2024/4/R/276,LD-05,hour meter repair,2024-04-25,2024-04-25,Badalgama,,,
2024/4/R/277,RD-6318,"Battery guard repair, fix new hr meter, hitch assy. Repair",2024-04-26,2024-04-27,Katana,,,
2024/4/R/278,PH-3945,"Radiator fan NW, abnormal noise",2024-04-26,2024-05-09,H/O,,,
2024/4/R/279,LK-5041,"Replace gear lever rod ends, replace air hose, MNW, spring bush repair",2024-04-26,2024-05-02,Badalgama,,,
2024/4/R/280,HEX-41,"swing motor repair, A/C repair, chk arm pin & bush",2024-04-29,2024-05-21,cep-03,,,
2024/4/R/281,LH-5475,Replace clutch R/kit-Low,2024-04-26,2024-04-29,Badalgama,,,
2024/4/R/282,ZA-6255,Replace fuel filter-FC-1001,2024-04-26,2024-04-28,Badalgama,,,
2024/4/R/283,PTR-08,"R/tyre change, replace wheel cylinder 3nos, hub greased, grease seal 4 nos",2024-04-26,2024-05-03,Asphalt team,,,
2024/4/R/284,LO-4821,"wash & grease, Light repair, MNW",2024-04-29,2024-04-30,Bulnewa,,,
2024/4/R/285,4WD bike,wire harness repair,2024-04-29,2024-05-31,Mundalama Estate,,,
2024/4/R/286,43-3416,"service, fan belt & pulley replacing, B/terminal, fog light",2024-04-30,2024-06-07,Doramadalawa,,,
2024/4/R/287,RF-0748,Clutch repair,2024-04-30,2024-05-03,Mundalama Estate,,,
2024/4/R/288,LY-1614,"Brake repair, cabin light , starter motor repair",2024-04-30,2024-07-12,Badalgama,,,
2024/4/R/289,LI-7620,S/motor repair,2024-04-30,2024-05-03,cep-03,,,
2024/4/R/290,HEX-23,RPM sensor,2024-04-30,2024-05-03,cep-03,,,
2024/4/R/291,LD-06,"Replace U-joint, oil seal",2024-04-30,2024-05-03,Muthur plant,,,
2024/5/R/292,PH-0765,"F/RH ball joint, brake shoe, U-joint, propellarshaft groove",2024-05-01,2024-05-04,Katana,,,
2024/5/R/293,LK-2276,Brake repair,2024-05-02,2024-05-03,Katana,,,
2024/5/R/294,47-5112,"Replace R/hub seal, brake washer, brake shoe, brake load sensing valve, service",2024-05-02,2024-05-09,Badalgama,,,
2024/5/R/295,ASC-21,"Replace con rod, piston with rings, air filter",2024-05-01,2024-05-09,Katana,,,
2024/5/R/296,LL-0936,"Elec. Repair, sliding joint, tipping defect, adjust brakes",2024-05-05,2024-05-17,Dekatana,,,
2024/5/R/297,VR-14,"Drum mount, circuit board repair",2024-05-05,,Buttala,Not done,,
2024/5/R/298,DAH-2230,Replace fuel tank feed pump,2024-05-07,2024-05-17,Badalgama,,,
2024/5/R/299,LH-5475,Starter motor repair-Kamal,2024-05-07,2024-05-08,Badalgama,,,
2024/5/R/300,HEX-01,"Engine overheating, clean radiator, AC repir, High pressure pump, Radiator overfloe tank fiber",2024-05-08,2024-05-22,Muthur plant,,,
2024/5/R/301,LD-02,Trans. Repair,2024-05-08,,Muthur plant,Not done,,
2024/5/R/302,51-8083,Tinkering & painting,2024-05-08,2024-09-01,kallanchiya,,,
2024/5/R/303,PT-1569,"Propellar shaft sliding joint repair, hub seal",2024-05-09,2024-05-16,Katana,,,
2024/5/R/304,TM-13,"Back Glass, R-light repair, emergency light, Engine mount",2024-05-11,2024-06-18,Buttala,,,
2024/5/R/305,ZB-1547,"King post, bucket blade, A/C, Elec, repair, side mirror, pin bush, stabilizer repair",2024-05-14,2024-06-08,Dekatana,,,
2024/5/R/306,LM-6653,"Clutch repair, light repair, speed meter, diesel over flow valve repair",2024-05-13,2024-05-17,Baticaloa,,,
2024/5/R/307,48-4849,"E/oil leak, pinion oil seal, bel housing oil leak, speed meter repair, alternator repair",2024-05-13,2024-05-16,Badalgama,,,
2024/5/R/308,57-3062,"A/C , buffer paint, light , F/RH door lock repir, fuel meter repair",,,h/o,Cancel,,
2024/5/R/309,LL-0920,"Water pump repair, radiator clean, Radiator hose, fan belt",2024-05-16,2024-05-19,cep-03,,,
2024/5/R/310,LA-1359,Starter motor repair,2024-05-16,2024-05-20,cep-03,,,
2024/5/R/311,DAH-2228,"Starter motor repair, canopy repair, horn",2024-05-17,2024-05-31,Serunuwara,,,
2024/5/R/312,PH-0765,LH lower arm ball joint replace,2024-05-17,2024-05-17,Katana,,,
2024/5/R/313,PR-1469,Fuel sys. Repair,2024-05-18,2024-05-18,Badalgama,,,
2024/5/R/314,wacker 2nos,"service, shoe bolt replace",2024-05-18,2024-05-21,Katana,,,
2024/5/R/315,HEX-43,Arm jack seal replace,2024-05-18,2024-05-18,cep-03,,,
2024/5/R/316,LK-4061,Engine overhaul,2024-05-18,2024-06-06,cep-03,,,
2024/5/R/317,LO-5984,"Diesel pump repair-abnormal noise, service, seat cushion",2024-05-20,2024-05-28,cep-03,,,
2024/5/R/318,SR-09,water reserve tank,2024-05-20,2024-05-21,cep-03,,,
2024/5/R/319,LM-5721,clutch slave pump,2024-05-20,2024-05-21,cep-03,,,
2024/5/R/320,DAH-2229,Alternator repair,2024-05-21,2024-05-27,cep-03,,,
2024/5/R/321,PH-0765,"Replace fuel filters, feed pump R/kit, fuel pipe cleaned, F/bumper repair",2024-05-21,2024-05-21,Katana,,,
2024/5/R/322,LO-9810,Radiator repair,2024-05-21,2024-05-21,Badalgama,,,
2024/5/R/323,40-2955,"chk steering sys. Ball joint, tie rods, ",2024-05-21,2024-06-22,Badalgama,,,
2024/5/R/324,40-8060,Gear lever sys. Repair,2024-05-21,2024-05-28,Badalgama,,,
2024/5/R/325,LP-1582,"Abnormal color of diesel, removed fuel in tank, replace fuel filters, clean fuel pipes",2024-05-21,2024-05-21,kilinochchi,,,
2024/5/R/326,PR-1469,Abnormal noise from front wheel,2024-05-22,,Badalgama,Cancel,,
2024/5/R/327,PA-4879,"chk door lock, chk lights, meter, feed pump, replace heat meter, elec, feed pump",2024-05-22,2024-05-28,Muthur plant,,,
2024/5/R/328,GE-104,Chk & repair,2024-05-22,,Badalgama,Cancel,,
2024/5/R/329,LD-07,"Roof repair, tyre punch, hy. top up, wash & grease, side mirror",2024-05-22,2024-07-30,Mihinthale plant,,,
2024/5/R/330,LO-4821,Replaced clutch washer,2024-05-22,,Hambantota,Cancel,,
2024/5/R/331,28-4314,"chk brakes, PS oil leak, door winder, accelerator cable, service, s/meter, temp. meter",2024-05-27,2024-05-31,Badalgama,,,
2024/5/R/332,LK-5041,wiper repair,2024-05-27,2024-05-27,Badalgama,,,
2024/5/R/333,253-2574,"service, steering, suspension repair",2024-05-27,2024-05-28,Serunuwara,,,
2024/5/R/334,SR-05,"Wash & grease, Travelling sys, repair, wire harness repair, silensor making",2024-05-27,2024-06-07,Asphalt team,,,
2024/5/R/335,LK-4058,starter motor repair,2024-05-28,2024-05-29,cep-03,,,
2024/5/R/336,LA-1359,brake vaccume booster replace,2024-05-28,2024-05-31,cep-03,,,
2024/5/R/337,HEX-21,Hy.leak repair,2024-05-28,2024-05-30,Erawur,,,
2024/5/R/338,LP-1580,"Gear box mount, Engine mount",2024-05-28,2024-05-30,Erawur,,,
2024/5/R/339,LH-5586,"Abnormal noise from engine & gear box, injector pump repair, fuel tank cleaning ",2024-05-28,2024-07-03,cep-03,,,
2024/5/R/340,PT-1569,starter motor repair-contact pieces,2024-05-28,2024-05-28,Katana,,,
2024/5/R/341,LO-4816,"Replace PTO lever assy., chk sump oil leak, wash & grease, replace air filter",2024-05-29,2024-05-30,cep-03,,,
2024/5/R/342,LO-8348,"ervice, lubricate accelerator cable, Wash & grease",2024-05-29,2024-05-30,cep-03,,,
2024/5/R/343,325-5120,"hub seal, accelerator cable, fan belt, head light RH",2024-05-29,2024-06-06,Badalgama,,,
2024/5/R/344,HEX-33,Replace jack seal kit,2024-05-29,2024-05-30,Erawur,,,
2024/5/R/345,CR-02,Air dryer R/kit,2024-05-31,2024-06-01,cep-03,,,
2024/5/R/346,RS-0483,adjusted u-joint  play,2024-05-31,2024-05-31,Moragahakanda,,,
2024/5/R/347,MGS-01,"Brake hose repair, service, wash & grease, brake oil tank cup making, alternator repair",2024-05-31,2024-06-10,Solution,,,
2024/5/R/348,LL-0623,Machine cleaning,2024-05-31,2024-06-10,Badalgama,,,
2024/5/R/349,PY-2408,"steering wheel oil leak & stuck, abnormal noise from wheels",2024-05-31,2024-06-10,Katana,,,
2024/6/R/350,PR-1504,Radiator fan NW,2024-06-01,2024-06-01,Katana,,,
2024/6/R/351,DAH-2228,"chk brakes- Replace all brake liners, P/S belt",2024-06-01,2024-06-06,Badalgama,,,
2024/6/R/352,SR-06,Replaced alternator bearings,2024-06-01,2024-06-01,cep-03,,,
2024/6/R/353,325-3448,replace S/meter cable,2024-06-01,2024-06-01,cep-03,,,
2024/6/R/354,LK-2366,"starter motor repair, light,F/RH center bolt, hy. tank oil leak, injector pipe loosen",2024-06-01,2024-06-04,Kadawatha,,,
2024/6/R/355,ASC-24,Engine repair,2024-06-01,2024-06-26,Kadawatha,,,
2024/6/R/356,HEX-18,"Travelling motor oil leak, bucket repair, hy. oil leak, starter motor repair, ",2024-06-03,2024-07-19,Mundalama Estate,,,
2024/6/R/356-1,MG-04,replace hy. pump,2024-06-03,2024-08-16,Badalgama,,,
2024/6/R/357,HEX-39,"hy.leak(hy. cooler repair), high / low gear selector oil leak",2024-06-03,2024-06-13,Biyagama,,,
2024/6/R/358,LC-0434,change fuel filter,2024-06-03,2024-06-03,Badalgama,,,
2024/6/R/359,LO-7184,wiper motor repair-kamal,2024-06-03,2024-06-04,cep-03,,,
2024/6/R/360,ZB-1979,"Injector cleaning, change fuel filters, turbo repair, silensor cleaning, bucket pin bush",2024-06-03,2024-07-02,Dekatana,,,
2024/6/R/361,LK-5041,"wiper motor -recondition, winder assy.",2024-06-05,2024-06-07,Badalgama,,,
2024/6/R/362,ZA-8337,"Sliding joint, yoke, hy. pump housing, service",2024-06-05,2024-06-26,cep-03,,,
2024/6/R/363,40-8060,gear engage defect,2024-06-05,2024-06-10,Badalgama,,,
2024/6/R/364,VR-49,"silensor changed, replace air filter, inlet manifold repair, E/oil change, chk vibration sys,. Radiator leak repair, injector & pump repair",2024-06-06,2024-06-11,Dekatana,,,
2024/6/R/365,LK-6740,starter motor repair,2024-06-07,2024-06-15,Dekatana,,,
2024/6/R/366,51-7158,Elec. Repair,2024-06-06,2024-06-14,Dekatana,,,
2024/6/R/367,LO-7855,"service, boom greasing, chk head light",2024-06-06,2024-06-06,Solution,,,
2024/6/R/368,ZB-2587,"service, greasing 250Hr",2024-06-06,2024-06-06,Kabithigollewa,,,
2024/6/R/369,ZA-6255,brake repair. Light repair,2024-06-07,,Badalgama,Cancel,,
2024/6/R/370,LI-3401,P/S pump oil leak,2024-06-08,2024-06-12,cep-03,,,
2024/6/R/371,LI-7620,"air hose, turbo repair, air filter, hose clip",2024-06-08,2024-06-14,cep-03,,,
2024/6/R/372,PJ-6376,brake repair,2024-06-08,2024-06-10,Badalgama,,,
2024/6/R/373,48-4849,Engine repair,2024-06-08,2024-07-27,Badalgama,,,
2024/6/R/374,SL-03,"Bucket pin repair, starter switch replace",2024-06-08,2024-07-07,Dekatana,,,
2024/6/R/375,LO-4824,"service, chk fuel & trans. Sys. , injector cleaning-AGM",2024-06-08,2024-06-15,Badalgama,,,
2024/6/R/376,LH-5475,replace clutch slave cylinder,2024-06-08,2024-06-11,Badalgama,,,
2024/6/R/377,LP-1566,"adjust brake, service",2024-06-09,2024-06-10,cep-03,,,
2024/6/R/378,LC-0434,Brake hose & wire harness repair,2024-06-09,2024-06-11,Badalgama,,,
2024/6/R/379,VR-44,"Wash & grease, service. Hy. leak",2024-06-10,2024-06-16,cep-03,,,
2024/6/R/380,LI-7701,jack seal,2024-06-10,2024-06-28,cep-03,,,
2024/6/R/381,HEX-29,hy. breaker gas charging,2024-06-10,2024-06-18,Badalgama,,,
2024/6/R/382,SL-25,"service, wash & grease",2024-06-10,2024-06-12,,,,
2024/6/R/383,LN-9046,king pin repair,2024-06-11,2024-06-16,Buttala,,,
2024/6/R/384,LN-8278,"wheel alignment, chk shockabsorber",2024-06-11,2024-06-11,Badalgama,,,
2024/6/R/385,TB-15,"Replace axel bearing, chk water pump-service",2024-06-11,2024-06-14,Kadawatha,,,
2024/6/R/386,GE-156,starting defect,2024-06-11,2024-06-11,Katana,,,
2024/6/R/387,LM-7949,brake drum facing,2024-06-11,2024-06-12,cep-03,,,
2024/6/R/388,SR-08,Drum mount,2024-06-11,2024-06-30,cep-03,,,
2024/6/R/389,LL-0936,alternator repair,2024-06-11,2024-06-14,Dekatana,,,
2024/6/R/390,VR-61,"chk all oil levels, wash & grease, ",2024-06-11,2024-06-14,Port city,,,
2024/6/R/391,HEX-23,fixed used diesel cap oil pressure sensor,2024-06-11,2024-06-13,cep-03,,,
2024/6/R/392,LO-4823,"clutch repair, replace clutch plate, service, wash & grease, ",2024-06-13,2024-06-16,Erawur,,,
2024/6/R/393,PT-1569,"hub seal, bearing",2024-06-13,2024-06-13,Katana,,,
2024/6/R/394,LK-2276,replace radiator hose,2024-06-14,2024-06-14,Katana,,,
2024/6/R/395,PH-6742,"king pin, brake repair",2024-06-14,2024-06-22,cep-03,,,
2024/6/R/396,RS-0483,stabilizer jack seal,2024-06-14,2024-06-14,Katana,,,
2024/6/R/397,GE-107,"service, chk power o/p, cleaning",2024-06-15,2024-06-15,cep-03,,,
2024/6/R/398,28-4314,"Brake repair, replace caliper piston",2024-06-17,2024-06-20,Badalgama,,,
2024/6/R/399,HEX-42 breaker,chisel fallen down-c-com,2024-06-17,2024-06-20,cep-03,,,
2024/6/R/400,47-5112,fuel system repair,2024-06-17,2024-06-17,Badalgama,,,
2024/6/R/401,325-5120,"adjust brakes, gear link adjust",2024-06-17,2024-06-17,Badalgama,,,
2024/6/R/402,LK-5041,"adjust gear link, PTO Hy. hose, disemble fog lamp",2024-06-17,2024-06-17,Badalgama,,,
2024/6/R/403,PR-1469,"E/oil leak, steering play, wash & grease",2024-06-18,2024-06-18,Badalgama,,,
2024/6/R/404,LK-2276,"replace fuel cut-off switch, door lock repair, air leak repair",2024-06-18,2024-06-24,Katana,,,
2024/6/R/405,HEX-26,"replace sprocket wheel , bucket repair",2024-06-18,2024-06-22,kilinochchi,,,
2024/6/R/406,HEX-41,replace alternator -new,2024-06-18,2024-06-18,cep-03,,,
2024/6/R/407,LJ-5559,tipping jack seal,2024-06-18,2024-06-26,cep-03,,,
2024/6/R/407-1,325-5120,replace clutch washer,2024-06-21,2024-06-22,Badalgama,,,
2024/6/R/408,LN-1867,"service, chk fuel system",2024-06-22,2024-06-22,kilinochchi,,,
2024/6/R/409,HEX-26,bucket repair,2024-06-22,2024-06-22,kilinochchi,,,
2024/6/R/410,ZA-7810,"replace water seal, (mixer tank cleaning pump)reverse plug",2024-06-24,2024-06-26,cep-03,,,
2024/6/R/411,MG-10,Gear cable repair,2024-06-24,2024-06-25,cep-03,,,
2024/6/R/412,HEX-41,"bucket pin filling & turning out-3 nos, replace H-bushes-4nos, welding , welding cutting edge for bucket, bucket welding work ,pin holder",2024-06-24,2024-06-26,cep-03,,,
2024/6/R/413,LI-3401,oil cooler packing,2024-06-24,2024-06-26,cep-03,,,
2024/6/R/414,VR-12,"service, chk vibration, battery charging, replace battery",2024-06-24,2024-06-25,Port city,,,
2024/6/R/415,DAH-2228,fuel sys. Repair,2024-06-24,2024-06-25,Asphalt team,,,
2024/6/R/416,LB-4824,starter motor repair,2024-06-24,2024-06-25,Katana,,,
2024/6/R/417,AC-37,accident repair,2024-06-29,2024-07-24,cep-03,,,
2024/6/R/418,RD-3537,"Battery change, chk running condition, adjust brakes",2024-06-24,2024-06-24,Ranpokunagama,,,
2024/6/R/419,LM-5720,"Service, replace air cleaner hose, clutch cylinder repair",2024-06-24,2024-06-27,cep-03,,,
2024/6/R/420,LD-06,Steering jack seal 2nos,2024-06-25,2024-06-27,Muthur plant,,,
2024/6/R/421,PA-4879,"T-belt, belt tensioner, adjuster bearing, fan belt 2, P/S belt",2024-06-25,2024-06-27,Muthur plant,,,
2024/6/R/422,LI-7618,"king pin repair, shockabsorber repair, clutch repair, PTO seal, gear box repair, u-bolt, center bolt, tie rod end, silensor repair",2024-06-26,2024-07-10,cep-03,,,
2024/6/R/423,LM-5723,"Top shaft worn out, clutch plate, p/plate, flywheel bearing, u-joint 2",2024-06-26,2024-07-15,cep-03,,,
2024/6/R/424,47-5112,"clean fuel tank, change fuel filter, remove contaminated fuel in tank, fill 15l diesel, chk starting",2024-06-26,2024-06-27,Badalgama,,,
2024/6/R/425,PA-6398,"tinkering & painting- Auto bacs, brake repair, wash & grease, service",2024-06-26,2024-08-29,Serunuwara,,,
2024/6/R/426,"Wacker ,S/water pump","replace capacitor, clutch repair",2024-06-26,2024-06-27,Katana,,,
2024/6/R/427,28-4314,Replace fan belt,2024-06-26,2024-06-26,Badalgama,,,
2024/6/R/428,LM-2298,"Bituman pump housing repair, chk pum pwhen operating, adjust brakes",2024-06-27,2024-07-08,cep-03,,,
2024/6/R/429,HU-5097,"suspension repair, spring blade, chk oil leak",2024-06-27,2024-07-04,Badalgama,,,
2024/6/R/430,LN-8279,"air dryer cleaning, Radiator repair & cleaning",2024-06-28,2024-07-12,Badalgama,,,
2024/6/R/431,PR-1469,Replace hub bearing & hub repair,2024-06-28,2024-07-04,Badalgama,,,
2024/6/R/432,PA-6398,"tinkering, suspension & brake, steering sys. Repai, elec. Repair",2024-06-28,2024-07-30,Serunuwara,,,
2024/6/R/433,68-5115,starter motor repair-ex,2024-06-28,2024-07-02,cep-03,,,
2024/6/R/434,LI-3395,sterter motor repair,2024-06-30,2024-07-02,Muthur plant,,,
2024/6/R/435,LP-1710,service & elec. Repair,2024-06-30,2024-06-30,kilinochchi,,,
2024/6/R/436,LP-1579,replace cooling fan gel,2024-06-30,2024-06-30,kilinochchi,,,
2024/6/R/437,ZB-1047,starter motor repair,2024-06-30,2024-06-30,kilinochchi,,,
2024/6/R/438,LA-4229,"Replace clutch plate , p/plate",2024-06-30,2024-07-01,Muthur plant,,,
2024/6/R/439,41-1130,"welding work -bower, replae clutch plate, p/plate, center bearing, ",2024-06-30,2024-07-11,cep-03,,,
2024/6/R/439-1,40-2955,chk & repair,2024-06-30,2024-06-30,Badalgama,,,
2024/7/R/440,PA-6399,clutch fork repair,2024-07-01,2024-07-10,Badalgama,,,
2024/7/R/441,LO-9810,"chk wheel alignment, F/brake pad, seat cushion",2024-07-01,2024-07-06,Badalgama,,,
2024/7/R/442,PH-3945,"oil leak from filter, R/coolant change 2.5L",2024-07-01,2024-07-01,h/o,,,
2024/7/R/443,HEX-37,can not change bucket mode to breaker mode-Elec. Repair,2024-07-01,2024-07-02,cep-03,,,
2024/7/R/444,HEX-26,Bucket repair,2024-07-02,2024-07-03,kilinochchi,,,
2024/7/R/445,water pump- LK-4057,starting defect,2024-07-01,2024-07-03,kilinochchi,,,
2024/7/R/446,ZA-7968,"replace tie rod, service",2024-07-02,2024-07-02,ja-ela bridge,,,
2024/7/R/447,LO-7181,Injector pump repair- Dimo Anuradhapura,2024-07-02,2024-07-18,kilinochchi,,,
2024/7/R/448,LD-09,"starter motor repair-brush with holder, alternator repair-doide plate",2024-07-03,2024-07-05,cep-03,,,
2024/7/R/449,GE-66,starter motor repair-clutch & bushes,2024-07-03,2024-07-05,cep-03,,,
2024/7/R/450,GE-143,fan belt,2024-07-03,2024-07-05,cep-03,,,
2024/7/R/451,LK-6740,Elec. Repair,2024-07-04,2024-07-05,Katana,,,
2024/7/R/452,LN-8278,"Door winder motor repair, shockabsorber repair, boom cable side change",2024-07-04,2024-07-13,Badalgama,,,
2024/7/R/452-1,LL-0936,"Wash & grease, tail light",2024-07-04,2024-07-06,Katana,,,
2024/7/R/453,HEX-22,"Bucket repair, E/oil leak from tappet cover, starter switch defect",2024-07-05,2024-07-10,Buttala,,,
2024/7/R/454,PJ-6376,"clutch repair, brake repair, hub bearing",2024-07-05,2024-05-13,Badalgama,,,
2024/7/R/455,LK-1679,parking light repair,2024-07-05,2024-07-06,Badalgama,,,
2024/7/R/456,LY-4524,"Door lock repair, dryer repair, vaccum leak, A/C repair",2024-07-06,2024-07-11,Badalgama,,,
2024/7/R/457,LO-8348,clutch repair,2024-07-05,2024-07-12,kilinochchi,,,
2024/7/R/458,ZA-7968,Replace bucket tilt jack seal,2024-07-07,2024-07-08,ja-ela bridge,,,
2024/7/R/458-1,PD-6917,R/light repair,2024-07-07,2024-07-12,cep-03,,,
2024/7/R/459,ZA-6255,"clutch repair, brake repair",2024-07-07,2024-07-15,Badalgama,,,
2024/7/R/460,GL-0019,Parking light repair,2024-07-08,2024-07-08,Badalgama,,,
2024/7/R/461,HD-9005,Tailor hub repair,2024-07-08,2024-07-11,Badalgama,,,
2024/7/R/462,LD-09,Alternator repair,2024-07-09,2024-07-12,cep-03,,,
2024/7/R/463,PH-6744,starter motor repair-clutch,2024-07-09,2024-07-10,cep-03,,,
2024/7/R/464,LO-4824,Diesel mixed with E/oil,2024-07-10,2024-07-22,Badalgama,,,
2024/7/R/465,LX-1679,Ramp motor repair,2024-07-10,2024-07-22,Badalgama,,,
2024/7/R/466,LP-1581,"Grease, chk clutch, tail light",2024-07-12,2024-07-18,cep-03,,,
2024/7/R/467,LP-1569,"service, tail light lence, reverse light, park light",2024-07-08,2024-07-09,cep-03,,,
2024/7/R/468,heat burner,"clean, chk & repair",2024-07-11,2024-07-25,Badalgama,,,
2024/7/R/468-1,HEX-37,AC repair,2024-07-10,2024-07-14,cep-03,,,
2024/7/R/469,LO-4822,"wiper repair, tail light repair",2024-07-15,2024-07-19,Badalgama,,,
2024/7/R/470,LA-9208,"Door winder, side mirror repair",2024-07-10,2024-07-18,Badalgama,,,
2024/7/R/471,SAC-001,Engine repair-,2024-07-13,,Solution,,,
2024/7/R/471-1,LP-1578,AC repair,2024-07-10,2024-07-16,cep-03,,,
2024/7/R/472,LK-4058,"Brake, tie rod, spring blade, MNW",2024-07-12,2024-07-23,cep-03,,,
2024/7/R/473,LJ-5203,Steering box repair,2024-07-10,2024-07-12,cep-03,,,
2024/7/R/474,"PE-30,39,109",Running repair,2024-07-12,2024-07-24,cep-03,,,
2024/7/R/474-1,LP-1567,AC repair,2024-07-12,2024-07-21,cep-03,,,
2024/7/R/475,SL-11,"Replace battery 95A, Elec .repair, bucket bushes",2024-07-12,2024-08-09,cep-03,,,
2024/7/R/476,PD-7049,Engine minor repair,2024-07-14,2024-07-22,Solution,,,
2024/7/R/478,LO-9810,Brake repair,2024-07-15,2024-07-15,Badalgama,,,
2024/7/R/479,LC-0434,"clutch repair, elec .repair, center bearing",2024-07-15,2024-07-23,Badalgama,,,
2024/7/R/480,LP-1711,Replace hub bolt,2024-07-16,2024-07-17,cep-03,,,
2024/7/R/481,ZA-8395,Brake sys. Repair,2024-07-16,2024-07-16,cep-03,,,
2024/7/R/482,PR-1469,"Adjust clutch cable, ",2024-07-16,2024-08-02,Badalgama,,,
2024/7/R/483,PA-6399,"Alternator repair, chk brakes",2024-07-18,2024-07-25,Serunuwara,,,
2024/7/R/484,51-7158,clean diesel tank,2024-07-18,2024-07-19,Kadawatha,,,
2024/7/R/485,59-5421,"chk suspension, brake, service",2024-07-18,2024-07-18,kilinochchi,,,
2024/7/R/486,LK-5041,"change line filter, Elec. Repair",2024-07-18,2024-07-18,Badalgama,,,
2024/7/R/487,VR-40,Vibrate sys. Repair,2024-07-18,2024-07-19,Kadawatha,,,
2024/7/R/488,LK-2366,Drag link repair,2024-07-18,2024-07-22,Kadawatha,,,
2024/7/R/489,LB-4824,"Fuel sys. Repair-feed pump, accelerator cable repair",2024-07-22,2024-07-23,Katana,,,
2024/7/R/490,LD-05,starter motor repair,2024-07-22,2024-07-25,Badalgama,,,
2024/7/R/491,BET-8552,clutch repair,2024-07-22,2024-07-28,Gampaha,,,
2024/7/R/492,"TR-61,172","Running repair, ",2024-07-22,2024-07-30,Badalgama,,,
2024/7/R/493,PH-0765,Starter motor repair,2024-07-23,2024-07-23,Katana,,,
2024/7/R/494,LN-8277,"boom oil leak, service",2024-07-24,2024-07-25,cep-03,,,
2024/7/R/495,57-3062,"park light NW, T-belt",2024-07-24,2024-08-14,Badalgama,,,
2024/7/R/496,PJ-6376,diesel block,2024-07-26,2024-07-27,Badalgama,,,
2024/7/R/497,HU-5097,Engine overhaul,2024-07-26,2024-08-09,Badalgama,,,
2024/7/R/497-1,LP-1566,AC Repair,2024-07-26,2024-07-28,cep-03,,,
2024/7/R/498,LI-2427,Gear box repair-reconditioned gear box,2024-07-26,2024-09-15,cep-03,,,
2024/7/R/498-1,LP-1573,AC repair,2024-07-26,2024-07-28,cep-03,,,
2024/7/R/499,LP-1577,Head light repair,2024-07-26,2024-08-01,cep-03,,,
2024/7/R/500,LP-1715,"Door winder assy. , light repair, chk & adjust clutch",2024-07-26,2024-07-28,cep-03,,,
2024/7/R/501,LI-3405,chk & repair,2024-07-26,2024-09-14,cep-03,,,
2024/7/R/502,ZA-2963,"chk transmission, boom jack seal, king post pin, swing jack pin",2024-07-26,2024-08-27,cep-03,,,
2024/7/R/503,LT-09,"service, chk engine & light tower",2024-07-26,2024-07-30,Erawur,,,
2024/7/R/504,LB-01,"Turbo repair, silensor, fan belt, belt adjuster, water leak",2024-07-26,2024-08-10,Ranpokunagama,,,
2024/7/R/504-1,LP-1569,A/c repair,2024-07-26,2024-07-29,cep-03,,,
2024/7/R/505,LL-1782,"tie rod end, adjust clutch, grease",2024-07-26,2024-07-29,Badalgama,,,
2024/7/R/506,HEX-22,"swing wheel grease nozzel repair, bucket repair, service",2024-07-27,2024-08-10,Raththota,,,
2024/7/R/507,HEX-23,"boom repair, bucket repair, track link repair, top roller bottom roller, engine abnormal noise, E/oil leak, track adjuster repair",2024-07-29,2024-08-13,cep-03,,,
2024/7/R/508,PH-0765,replace lower arm ball joint,2024-07-29,2024-07-30,Katana,,,
2024/7/R/509,LH-5475,"tightened u-bolt, P/ S oil top up",2024-07-29,2024-07-29,Badalgama,,,
2024/7/R/510,LK-5041,diesel return line hose replace,2024-07-30,2024-07-31,Badalgama,,,
2024/7/R/511,LM-7940,Starter motor repair,2024-07-30,2024-07-31,cep-03,,,
2024/7/R/512,LD-09,replace brake oil tank,2024-07-30,2024-07-30,cep-03,,,
2024/7/R/513,ZB-2587,changed oil pressure sensor,2024-07-31,2024-07-31,Nittambuwa,,,
2024/7/R/514,PJ-6376,replace fuel feed pump,2024-07-31,2024-07-31,Badalgama,,,
2024/7/R/515,PA-6399,"Gear link repair, replace ball joint, fan belt, PS belt, engine mount, gear selector seal, silensor., p/s pump housing",2024-07-31,2024-08-02,Port city,,,
2024/8/R/516,47-5112,fuel sys. Repair,2024-08-01,2024-08-01,Badalgama,,,
2024/8/R/517,LK-5041,replace clutch washer,2024-08-01,2024-08-02,Badalgama,,,
2024/8/R/518,ZA-2608,"replaced gear shif solenoids, hy. hose, backhoe clamp seal, jack seal, service",2024-08-01,2024-12-01,Doramadalawa,,,
2024/8/R/519,AC-41,"chk & repair, battery change",2024-08-01,2024-08-07,Badalgama,,,
2024/8/R/520,AC-32,"chk & repair, radiator repair",2024-08-01,2024-10-01,Badalgama,,,
2024/8/R/521,DAH-2228,"F/shell replace, service, starter motor repair",2024-08-01,2024-08-04,Badalgama,,,
2024/8/R/522,LC-0434,"service, hub seal",2024-08-02,2024-08-06,Badalgama,,,
2024/8/R/523,LP-1712,"Accident repair- Autobacs, AC repair",2024-08-02,2024-09-11,cep-03,,,
2024/8/R/524,BET-3772,chain sprocket repair,2024-08-03,2024-08-08,Badalgama,,,
2024/8/R/525,LN-8278,Brake repair-brake washer,2024-08-04,2024-08-08,Badalgama,,,
2024/8/R/526,LD-05,AC Repair,2024-08-03,2024-09-01,Badalgama,,,
2024/8/R/527,BDI-8546,chk & repair,2024-08-05,2024-08-16,Badalgama,,,
2024/8/R/528,MG-15,hy. pump repair,2024-08-03,2024-09-14,cep-03,3871Hr,,
2024/8/R/529,PH-3945,suspension repair,2024-08-03,2024-09-02,h/o,,,
2024/8/R/530,DAH-2230,Elec. Repair,2024-08-04,2024-08-06,Badalgama,,,
2024/8/R/531,PY-2408,"side mirror, light repair, service",2024-08-04,2024-08-05,Badalgama,,,
2024/8/R/532,LP-1578,head light repair,2024-08-04,2024-08-20,cep-03,,,
2024/8/R/533,AC-24,"Gasket leak, E/minor repair, chassis repair",2024-08-05,2024-09-18,Badalgama,,,
2024/8/R/534,LI-3405,"replace brake foot valve, side mirror",2024-08-05,2024-09-14,Badalgama,,,
2024/8/R/535,DAH-2228,,2024-08-07,2024-08-16,,,,
2024/8/R/536,LY-4524,seat repair,2024-08-07,,Badalgama,Cancel,,
2024/8/R/537,LL-0936,,2024-08-07,2024-08-14,,,,
2024/8/R/538,LL-1782,"stabilizer jack turning, replace jack guides",2024-08-07,2024-08-19,Badalgama,,,
2024/8/R/539,HO-9850,replace pinion assy.,2024-08-07,,cep-03,,,
2024/8/R/540,PD-4739,steering rack repair,2024-08-07,2024-08-07,H/O,,,
2024/8/R/541,SL-13,alternator repair,2024-08-07,2024-08-12,cep-03,,,
2024/8/R/542,SL-02,,2024-08-07,,,,,
2024/8/R/543,VR-29,"service, vibration sys. Repair, chk starting",2024-08-08,2024-08-09,Port city,,,
2024/8/R/544,LI-7701,air filter sent to wadakada,2024-08-10,2024-08-10,cep-03,,,
2024/8/R/545,LI-7620,send fuel filters to wadakada,2024-08-10,2024-08-10,cep-03,,,
2024/8/R/546,ZA-8337,"replace jack seal- loader lift , bucket",2024-08-10,2024-08-10,cep-03,,,
2024/8/R/547,325-5120,brake repair,2024-08-11,2024-08-14,Badalgama,,,
2024/8/R/548,HEX-28,"jack seal, sprocket, silensor repair",2024-08-14,2024-09-12,Buttala,,,
2024/8/R/549,PY-2408,"accident repair, chk steering sys. , alternator repair",2024-08-03,2024-09-29,Neluwa,,,
2024/8/R/550,LP-1719,"fuel sys,. Repair-Dimo",2024-08-11,2024-09-11,Erawur,,,
2024/8/R/551,PC-7812,"Tappet cover oil leak, hub bolt, brake liners, P/s oil leak",2024-08-12,2024-08-22,cep-03,,,
2024/8/R/552,SR-11,,2024-08-12,2024-08-15,cep-03,,,
2024/8/R/553,VR-62,"Wash & grease, chk & repair",2024-08-13,2024-08-14,Badalgama,,,
2024/8/R/554,VR-67,vibration switch repair,2024-08-13,2024-08-14,Badalgama,,,
2024/8/R/555,RC-9894,tyre repair,2024-08-16,2024-08-22,Badalgama,,,
2024/8/R/556,TR-01,"replace wacker shoe, carb. Cleaning, chk machine",2024-08-14,2024-08-18,Biyagama,,,
2024/8/R/557,TR-144,"replace wacker shoe, carb. Cleaning, chk machine",2024-08-14,2024-08-18,Biyagama,,,
2024/8/R/558,48-4849,Replace battery,2024-08-15,2024-08-16,Badalgama,,,
2024/8/R/559,concrete mixture,Engine repair,2024-08-15,2024-10-20,Neluwa,,,
2024/8/R/560,LN-1867,Engine repair,2024-08-16,2024-09-26,kilinochchi,,,
2024/8/R/561,PR-1504,"service, fan belt, heat meter",2024-08-16,2024-08-17,Katana,,,
2024/8/R/562,LO-5981,Fuel sys. Repair Dimo,2024-08-16,2024-09-24,cep-03,,,
2024/8/R/563,LP-1569,sent fuel filters to wadakada,2024-08-16,2024-08-16,cep-03,,,
2024/8/R/564,LO-4822,windscreen repair,2024-08-17,2024-08-23,cep-03,,,
2024/8/R/565,LN-8279,"clutch washer, starter motor repair, tyre change, emergency light",2024-08-17,2024-08-23,Badalgama,,,
2024/8/R/566,VR-44,chk travelling & vibration,2024-08-24,2024-09-10,,,,
2024/8/R/567,LP-1715,side glass repair,2024-08-18,2024-08-26,,,,
2024/8/R/568,PA-6399,starter motor repair,2024-08-18,2024-08-24,,,,
2024/8/R/569,ZA-8445,"silensor , shooter repair, remove concrete in mixer drum, starter key cutting",2024-08-19,2024-10-16,cep-03,,,
2024/8/R/570,PR-1504,"Replace F/brake disc, hub bearings",2024-08-20,2024-08-21,katana,,,
2024/8/R/571,ASC-19,Engine overhaul,2024-08-20,2024-09-10,Batticaloa,,,
2024/8/R/572,47-5112,F/shock absorber repair,2024-08-20,2024-08-28,Badalgama,,,
2024/8/R/573,LP-1569,"Adjust clutch ,brakes, wash & grease, change fuel filters",2024-08-20,2024-08-22,cep-03,,,
2024/8/R/574,VR-68,"chk oil levels, service, greasing",2024-08-22,2024-08-22,Badalgama,,,
2024/8/R/575,DAH-2230,Fuel sys. Repair,2024-08-22,2024-08-29,Badalgama,,,
2024/8/R/576,VR-49,chk vibration,2024-08-22,2024-08-26,Dekatana,,,
2024/8/R/577,LK-6740,"gear engage defect, chk steering ,brakes, turbo hose, service, chk engine stop",2024-08-22,2024-10-04,Dekatana,,,
2024/8/R/578,LP-1711,Accident repair,2024-08-22,2024-10-23,cep-03,,,
2024/8/R/579,GE-102,"chk & repair, generator coil repair-ex",2024-08-26,2024-08-31,Badalgama,,,
2024/8/R/580,E55W,bucket & breaker pin repair,2024-08-22,2024-08-27,Ruwanwella,,,
2024/8/R/581,PT-1569,"steering box repair, suspension repair",2024-08-23,2024-09-08,,,,
2024/8/R/582,LK-5041,Replace battery,2024-08-23,2024-08-23,Badalgama,,,
2024/8/R/583,VR-48,"Elec. Repair, vibrate switch repair",2024-08-23,2024-08-24,,,,
2024/8/R/584,LD-03,"Replace u-joint,",2024-08-26,2024-08-30,Muthur plant,,,
2024/8/R/585,HEX-33,"Error code, tappet cover oil leak repair",2024-08-27,2024-08-28,Erawur,,,
2024/8/R/586,HEX-29,track link replace & repair,2024-08-26,2024-08-27,Ududumbara,,,
2024/8/R/587,HEX-21,"Blake moke, machine slow, ",2024-08-26,2024-08-28,Erawur,,,
2024/8/R/588,AC-41,Alternator repair,2024-08-26,2024-08-27,Biyagama,,,
2024/8/R/589,LK-2276,silensor repair,2024-08-26,2024-08-26,Katana,,,
2024/8/R/590,LP-1719,Fuel sys. Repair-Dimo Anuradhapura,2024-08-26,2024-09-11,Erawur,,,
2024/8/R/591,2.5KW Generator,Elec. Repair,2024-08-26,2024-09-08,Abanpola,,,
2024/8/R/592,DAH-2228,"Chk & replace ball joint , chk clutch",2024-08-27,2024-08-28,Asphalt team,,,
2024/8/R/593,51-8083,"winder, rear cabin glass, upholstery repair-autobacs",2024-08-27,,kallanchiya,,,
2024/8/R/594,ZA-6255,"Brake repair, leaf spring repair",2024-08-28,2024-09-08,Badalgama,,,
2024/8/R/595,PTR-06,"clean clutch pump, light, side mirror 2, service, wash & grease, tyre fix, drive chain greasing",2024-08-28,2024-09-12,Asphalt team,,,
2024/8/R/596,PTR-01,"Seat repair, light fix, side mirror 2, wash & grease, chk air pressure",2024-08-28,2024-09-12,Asphalt team,,,
2024/8/R/597,HEX-18,replace hy. pressure sensor 2,2024-08-28,2024-08-31,Batticaloa,,,
2024/8/R/598,Cola cart,"carb .clean, chk starting",2024-08-28,2024-09-05,Asphalt team,,,
2024/8/R/599,LK-2366,"clutch ,brake repair",2024-08-28,2024-08-29,Biyagama,,,
2024/8/R/600,SR-15,replace water pump seal,2024-08-28,,Badalgama,,,
2024/8/R/601,AP-08,"chk machine oil level, trans. Conveyors",2024-08-28,2024-09-12,Asphalt team,,,
2024/8/R/602,AC-41,Elec. Repair,2024-08-28,2024-08-29,Biyagama,,,
2024/8/R/603,HEX-01,"scanning, injector repair-DAX , C-com",2024-08-29,2024-09-11,cep-03,,,
2024/8/R/604,PA-6399,starter motor repair-ex,2024-08-29,2024-08-29,Port city,,,
2024/8/R/605,PC-01,"Agitator, S-valve, pump cylinder replace",2024-08-30,2024-12-20,cep-03,,,
2024/8/R/606,LE-4986,"Starter motor repair,tinkering & painting-autobacs, ",2024-08-30,,kallanchiya,,,
2024/8/R/607,CR-02,Elec. Repair,2024-08-30,2024-09-02,cep-03,,,
2024/9/R/608,LN-8279,change w/separator,2024-09-02,2024-09-02,Badalgama,,,
2024/9/R/609,ZA-0447,water pump repair,2024-09-02,2024-09-02,Doramadalawa,,,
2024/9/R/610,LL-0690,,2024-09-02,2024-09-02,Doramadalawa,,,
2024/9/R/611,LD-8875,Gear link repair,2024-09-02,2024-09-05,Galnewa,,,
2024/9/R/612,DAH-2231,Brake & suspension parts send wadakada,2024-09-02,2024-09-02,cep-03,,,
2024/9/R/613,PJ-6376,Fuel sys. Repair,2024-09-02,2024-09-02,Badalgama,,,
2024/9/R/614,PH-6747,brake repair,2024-09-03,2024-09-08,cep-03,,,
2024/9/R/615,PD-6917,"Suspension repair, R-deck repair",2024-09-04,2024-09-26,cep-03,,,
2024/9/R/616,LD-09,fan belt  10PK1334,2024-09-03,2024-09-07,cep-03,,,
2024/9/R/617,MG-12,"Bearing ,oil seal",2024-09-03,2024-09-08,cep-03,,,
2024/9/R/618,BGM-2094,CDI,2024-09-02,2024-09-08,cep-03,,,
2024/9/R/619,LM-7949,starter motor repair,2024-09-02,2024-09-10,cep-03,,,
2024/9/R/620,TM-20,sent water pump by c-com to site,2024-09-02,2024-09-02,kilinochchi,,,
2024/9/R/621,WG-06,Replace starter motor,2024-09-02,2024-09-24,cep-03,,,
2024/9/R/622,HEX-19,fan belt,2024-09-03,2024-09-05,cep-03,,,
2024/9/R/623,PD-7049,"oil leak, suspension repair, center bearing",2024-09-03,2024-09-11,Solution,,,
2024/9/R/624,LM-6653,"Welding work, replace accelerator cable, elec. Repair",2024-09-03,2024-09-10,Batticaloa,,,
2024/9/R/625,DAH-2230,"clutch, u-joint, ",2024-09-03,2024-09-08,,,,
2024/9/R/626,concrete mixture,Engine repair,2024-09-03,2024-09-12,Raththota,,,
2024/9/R/627,VR-69,Replace elec .fuel feed pump,2024-09-03,2024-09-03,cep-03,,,
2024/9/R/628,MG-04,Hy. pump repair,2024-09-04,2024-11-12,cep-03,,,
2024/9/R/629,HEX-05,"hy. oil leak, top up hy. oil",2024-09-04,2024-09-05,Raththota,,,
2024/9/R/630,LK-4061,"spring pin bush, silensor, king pin, shock absorber repair",2024-09-04,2024-09-18,cep-03,,,
2024/9/R/631,ASC-19,Engine repair,2024-09-05,2024-12-11,Katana,,,
2024/9/R/632,LM-5720,"gear box, clutch, tie rod, ",2024-09-05,2024-09-14,cep-03,,,
2024/9/R/633,VR-40,,,,,,,
2024/9/R/634,VR-08,,,,,,,
2024/9/R/635,GE-152,,,,,,,
2024/9/R/636,TR-124,,,,,,,
2024/9/R/637,WP-89,,,,,,,
2024/9/R/638,KA-05,,,,,,,
2024/9/R/639,TR-63,,,,,,,
2024/9/R/640,TR-153,,,,,,,
2024/9/R/641,GE-95,,,,,,,
2024/9/R/642,GE-20,,,,,,,
2024/9/R/643,TR-115,,,,,,,
2024/9/R/644,VR-14,circuit board repair,2024-09-05,,Badalgama,,,
2024/9/R/645,ZA-2964,Engine overhaul,2024-09-05,2025-01-09,cep-03,,,
2024/9/R/646,HS-1773,,2024-09-05,2024-12-10,Badalgama,,,
2024/9/R/647,PA-4879,Engine minor repair,2024-09-05,2024-10-30,Muthur plant,,,
2024/9/R/648,concrete mixture,,,,,,,
2024/9/R/649,DAH-2228,clutch repair,2024-09-05,2024-09-10,Asphalt team,,,
2024/9/R/650,LO-8348,Accident repair,2024-09-05,2024-09-12,kilinochchi,,,
2024/9/R/651,LD-07,"Elec. Repair, seat repair, meter repair, tyre",2024-09-07,2024-10-04,kallanchiya,,,
2024/9/R/652,LL-0623,tinkering & painting-autobacs,2024-09-07,,,,,
2024/9/R/653,SR-09,Radiator repair,2024-09-07,2024-09-07,cep-03,,,
2024/9/R/654,LM-5720,"Drag link ,tie rod repair",2024-09-07,2024-09-08,cep-03,,,
2024/9/R/655,LM-5721,brake chamber clamp repair,2024-09-07,2024-09-08,cep-03,,,
2024/9/R/656,LK-4059,starter motor repair,2024-09-07,2024-09-07,cep-03,,,
2024/9/R/657,LM-5719,pressure plate finger  repair,2024-09-07,2024-09-08,cep-03,,,
2024/9/R/658,LP-1577,Fan belt,2024-09-07,2024-09-09,cep-03,,,
2024/9/R/659,CR-01,"brake hose repair, suspension sys. Repair",2024-09-07,2024-09-11,ja-ela bridge,,,
2024/9/R/660,water pump,"silensor, pump housing, belt",2024-09-07,2024-09-10,ja-ela bridge,,,
2024/9/R/661,PTR-006,tyre repair,2024-09-07,2024-09-10,Badalgama,,,
2024/9/R/662,28-4314,alternator repair,2024-09-07,2024-09-10,Badalgama,,,
2024/9/R/663,LC-0434,diesel tank bracket repair,2024-09-08,2024-09-08,Badalgama,,,
2024/9/R/664,40-2955,"Elec. Repair, glow plug, ",2024-09-09,2024-09-15,,,,
2024/9/R/665,SR-04,"seat ,canopy, light bracket, water pump, ",2024-09-09,2024-09-12,Asphalt team,,,
2024/9/R/666,HS-1794,"elec. Repair-tail light, cabin fan",2024-09-09,2024-09-12,Asphalt team,,,
2024/9/R/667,ZA-7965,replace fuel feed pump,2024-09-10,2024-09-10,Katana,,,
2024/9/R/668,LX-1045,tightend wheel nut,2024-09-11,2024-09-11,Badalgama,,,
2024/9/R/669,LK-4059,"Chk gear box, door lock, water pump, chk lights, ",2024-09-11,,cep-03,,,
2024/9/R/670,LK-2276,air dryer repair,2024-09-11,,Katana,Cancel,,
2024/9/R/671,HEX-22,"Breaker line oil leak, arm jack hose oil leak, E/oil leak, ",2024-09-13,2024-09-15,Hambantota,,,
2024/9/R/672,325-5120,diesel block,2024-09-13,2024-09-14,Badalgama,,,
2024/9/R/673,MT-270,"service, hy. leak, rotavator repair",2024-09-13,2024-09-28,Mundalama Estate,,,
2024/9/R/674,Slasher,"replace oil seal, cutting blade bracket repair",2024-09-13,2024-09-25,Mundalama Estate,,,
2024/9/R/675,LY-4524,Elec. Repair-tail light,2024-09-13,2024-09-14,Badalgama,,,
2024/9/R/676,LL-1782,Ramp hy. hose repair,2024-09-14,2024-09-14,Badalgama,,,
2024/9/R/677,LN-8278,"chk brakes, replace F/LH brake washer",2024-09-16,2024-09-16,Badalgama,,,
2024/9/R/678,ZA-7092,"replace teering rack end, multi jack seal, outtriger jack seal",2024-09-16,2024-09-18,Abanpola,,,
2024/9/R/679,LO-7184,clutch repair,2024-09-16,2024-09-24,cep-03,,,
2024/9/R/680,LM-7948,clutch repair,2024-09-16,2024-09-25,cep-03,,,
2024/9/R/681,LP-1574,"gear shift rail springs tensioned, 1 st & 5th gear not engage properlly, gear oil leak, AC repair, service",2024-09-16,2024-09-18,cep-03,,,
2024/9/R/682,DAH-2228,"brake oil leak, replac caliper seal kit",2024-09-16,2024-09-17,Asphalt team,,,
2024/9/R/683,LI-3395,"chk & repair, tyre punch, tipping jack seal",2024-09-16,,Muthur plant,,,
2024/9/R/684,BIE-8724,"replace brake cable, meter cable",2024-09-16,2024-09-18,Badalgama,,,
2024/9/R/685,LJ-5559,"clutch repair, gear ball repair",2024-09-16,2024-10-02,cep-03,,,
2024/9/R/686,41-1130,alternator repair,2024-09-16,2024-09-29,cep-03,,,
2024/9/R/687,41-7225,"engine starting, starter motor repair",2024-09-16,2024-10-23,Solution,,,
2024/9/R/688,LO-4925,"cabin jack repair, wash, light repair, service, door pin repair",2024-09-16,,Solution,,,
2024/9/R/689,LO-8350,clutch repair,2024-09-16,2024-09-24,cep-03,,,
2024/9/R/690,ZA-8511,wiper motor,2024-09-16,2024-10-11,cep-03,,,
2024/9/R/691,HEX-41,arm end repair,2024-09-16,2024-09-30,cep-03,,,
2024/9/R/692,PH-3945,"replace clutch slave pump, master cylinder R/kit, body wash & grease",2024-09-18,2024-09-19,H/o,,,
2024/9/R/693,SR-11,hy. mixed with R/axel oil-replace caliper seal,2024-09-19,2024-10-23,cep-03,,,
2024/9/R/694,LX-1679,brake reapir,2024-09-25,2024-09-28,Badalgama,,,
2024/9/R/695,PH-6747,king pin repair,2024-09-25,2024-10-01,Batticaloa,,,
2024/9/R/696,LB-4824,"suspension, R/wheel cylinder, B/washer, brake master cylinder R/kit",2024-09-25,2024-10-30,Badalgama,,,
2024/9/R/697,SL-03,"chk & repair radiator, bucket",2024-09-25,,Gampaha,,,
2024/9/R/698,PD-6917,signal light,2024-09-26,2024-09-28,cep-03,,,
2024/9/R/699,SL-05,parking brake defect,2024-09-26,2024-09-26,ja-ela bridge,,,
2024/9/R/699-1,SL-24,hy. hose,2024-09-27,2024-09-27,cep-03,,,
2024/9/R/700,LO-7855,"Elec .repair, fan belt",2024-09-29,2024-09-29,Neluwa,,,
2024/9/R/701,PJ-6376,fuel sys. Repair,2024-09-29,2024-09-29,Badalgama,,,
2024/9/R/702,43-1191,"Radiator repair, wash & grease, P/S pump oil leak, E/cooling sys. Repair",2024-09-29,2024-10-16,Badalgama,,,
2024/9/R/703,LI-3851,"Deck repair, chk starter motor, running repair, service",2024-09-30,2024-11-12,Muthur plant,,,
2024/9/R/704,HEX-28,"door lock repair, hy. leak",2024-09-30,2024-10-01,Buttala,,,
2024/9/R/705,ZA-7965,"trans .oil change, chk light trans. Sys.",2024-09-30,2024-09-30,Katana,,,
2024/9/R/706,LY-1614,"main switch, lights, door lock, battery post repair",2024-09-30,2024-10-01,,,,
2024/9/R/707,2.5KW Generator,"Spark plug, clean carb, service, change air filter, replace brush set, AVR",2024-09-30,2024-09-30,Serunuwara,,,
2024/10/R/708,LJ-5203,"E/oil lek repair, injector pump governor seal, bushing, tappet cover packing, service, wash & grease, silensor repair",2024-10-02,2024-10-14,cep-03,,,
2024/10/R/709,57-3062,Fuel sys. Repair,2024-10-01,2024-10-03,Badalgama,,,
2024/10/R/710,HEX-01,"fan belt, belt adjuster, AC belt",2024-10-01,2024-10-02,cep-03,,,
2024/10/R/711,LP-1574,fan belt,2024-10-01,2024-10-02,cep-03,,,
2024/10/R/712,LM-5720,"heat meter, speed meter cable",2024-10-01,2024-10-30,cep-03,,,
2024/10/R/713,HEX-46,Top roller 2nos,2024-10-01,2024-10-08,cep-03,,,
2024/10/R/714,HEX-22,boom & arm joining pin making,2024-10-01,2024-10-01,Erawur,,,
2024/10/R/715,LC-0434,accelerator cable gear lever ball joint,2024-10-01,2024-10-02,Badalgama,,,
2024/10/R/716,SRS-01,"service, running repair",2024-10-02,2024-10-05,Solution,,,
2024/10/R/717,DAH-2228,Elec .repair,2024-10-03,2024-10-03,Badalgama,,,
2024/10/R/718,HEX-28,"travelling, starting light",2024-10-03,2024-10-08,Badalgama,,,
2024/10/R/719,47-5112,"suspension, rack end, water pump, tappet cover packing, timing belt",2024-10-03,2024-10-15,Badalgama,,,
2024/10/R/720,LC-0434,gear box top shaft coupling,2024-10-04,2024-10-09,Badalgama,,,
2024/10/R/721,325-5120,"cleaned diesel tank, fuel pipes",2024-10-04,2024-10-05,Badalgama,,,
2024/10/R/722,PC-02,water pump repair,2024-10-04,2024-10-05,cep-03,,,
2024/10/R/723,LO-7184,Drag link repair,2024-10-05,2024-10-09,cep-03,,,
2024/10/R/724,concrete mixture,"diesel filter change, replace gasket",2024-10-05,2024-10-05,Neluwa,,,
2024/10/R/725,Batching plant,"bearing ,seal",2024-10-05,2024-10-06,cep-03,,,
2024/10/R/726,PD-6917,"brake disc, pads, fan belts",2024-10-05,2024-10-09,cep-03,,,
2024/10/R/727,SL-08,"Alternator repair,belt-replace regulator",2024-10-05,2024-10-10,cep-03,,,
2024/10/R/728,LH-5475,"mixture motor oil change, filter change",2024-10-07,2024-10-07,Badalgama,,,
2024/10/R/729,48-4849,hose & union repair,2024-10-07,2024-10-08,Badalgama,,,
2024/10/R/730,LK-6740,Elec .repair-floor board tinkering,2024-10-07,2024-10-09,Katana,,,
2024/10/R/731,LK-2276,"air leak, elec. Repair ,air dryer",2024-10-08,2024-10-16,Katana,,,
2024/10/R/732,RF-8340,Tailor not connect with machine,2024-10-08,2024-10-22,Mundalama Estate,,,
2024/10/R/733,28-4314,hub bearing repair-F/LH,2024-10-08,2024-10-09,Badalgama,,,
2024/10/R/734,GL-0019,"wheel abnormal worn F/RH, suspension repair",2024-10-09,2024-12-27,Badalgama,,,
2024/10/R/735,LD-8875,"Gear oil change, water delivery pipe fix, change PS oil, water pump fix",2024-10-08,2024-10-11,Galnewa,,,
2024/10/R/736,PH-3945,"Suspension, brake, tappet cover packing",2024-10-08,2024-10-10,H/O,,,
2024/10/R/737,concrete mixture,"Engine repair, chassis, pot repair",2024-10-08,2024-10-14,Neluwa,,,
2024/10/R/738,concrete mixture,"Engine repair, chassis, pot repair",2024-10-08,2024-10-14,Neluwa,,,
2024/10/R/739,HU-5097,Leaf spring repair,2024-10-08,2024-10-08,cep-03,,,
2024/10/R/740,bar cutter,armature,2024-10-08,,cep-03,Cancel,,
2024/10/R/741,ZA-7290,clutch cylinder repair,2024-10-09,2024-10-10,cep-03,,,
2024/10/R/742,ZA-8033,fan belt,2024-10-09,2024-10-11,cep-03,,,
2024/10/R/743,LK-4057,alternator repair,2024-10-09,2024-10-12,cep-03,,,
2024/10/R/744,PH-6744,Accident repair-Autobacs,2024-10-09,2025-01-10,cep-03,,,
2024/10/R/745,MG-10,King pin repair,2024-10-09,2024-10-10,cep-03,,,
2024/10/R/746,MGS-01,Hy. pump repair,2024-10-09,2024-11-24,cep-03,,,
2024/10/R/747,LO-7855,Replaced head light circuit,2024-10-09,2024-10-20,Solution,,,
2024/10/R/748,CR-02,Brake booster repair,2024-10-09,2024-10-09,cep-03,,,
2024/10/R/749,LK-2366,"starter motor, clutch, lights, meter, door lock, driving seat welding",2024-10-09,2024-10-13,Katana,,,
2024/10/R/750,HEX-28,Alternator repair-Battery not charging,2024-10-09,2024-10-15,Badalgama,,,
2024/10/R/751,BDJ-2375,"E/oil leak. Adjusted drive chain, structure welding work",2024-10-10,2024-12-02,Katana,,,
2024/10/R/752,LK-4058,Tipper deck door repair,2024-10-10,2024-10-30,cep-03,,,
2024/10/R/753,SR-13,Filter head-made an union at lathe,2024-10-11,2024-10-25,Batticaloa,,,
2024/10/R/754,HEX-17,Blower motor,2024-10-11,2024-10-20,kilinochchi,,,
2024/10/R/755,HEX-41,Blower motor,2024-10-11,2024-10-20,cep-03,,,
2024/10/R/756,HU-5097,"Servcie, diesel tank cleaning",2024-10-11,2024-10-12,Badalgama,,,
2024/10/R/757,PA-6399,Accident repair-replace re-conditioned  engine,2024-10-14,2024-11-29,Port city,,,
2024/10/R/758,LO-4816,"chk clutch sys., gear lever boot, tail light lences",2024-10-14,2024-10-23,kilinochchi,,,
2024/10/R/759,DAH-2491,"Accident repair-autobacs, sent to Dimo 30.12.2024 for starting defect",2024-10-14,2025-02-28,Batticaloa,,,
2024/10/R/760,325-5120,Sliding joint repair,2024-10-14,2024-10-15,Badalgama,,,
2024/10/R/761,RS-0483,"chk service, U-joints, jack seal, R/RH wheel bearing, alternator repair, loarder arm bushing & repair",2024-10-14,2024-12-03,Siyabalanduwa,,,
2024/10/R/762,LP-1577,Brake booster repair,2024-10-14,2024-10-23,cep-03,,,
2024/10/R/763,325-3448,"sun wiser, starter motor, kin pin, supension repair",2024-10-14,2024-10-28,cep-03,,,
2024/10/R/764,LY-1614,Tinkering & painting,2024-10-15,2024-12-04,Badalgama,,,
2024/10/R/765,LH-5475,"diesel block, gear shifting issue",2024-10-15,2024-10-16,Badalgama,,,
2024/10/R/766,LD-8875,Power steering oil leak,2024-10-16,2024-10-22,Galnewa,,,
2024/10/R/767,HS-1774,Gear box repair,2024-10-16,2024-10-20,Muthur plant,,,
2024/10/R/768,Muthur Plant,jack seal,2024-10-16,2024-10-19,Muthur plant,,,
2024/10/R/769,DAH-2231,"Replaced fuel tank pump, service injectors & high pressure pump",2024-10-16,2024-10-17,cep-03,,,
2024/10/R/770,325-5120,Air cleaner repair,2024-10-17,2024-10-17,Badalgama,,,
2024/10/R/771,LO-8349,Elec. Repair,2024-10-18,2024-10-18,,,,
2024/10/R/772,LN-8278,Brake repair(adjust brakes),2024-10-23,2024-10-23,Badalgama,,,
2024/10/R/773,concrete mixture,Engine repair,2024-10-18,2024-10-22,Solution,,,
2024/10/R/774,LI-3401,P/S pump repair,2024-10-19,2024-10-20,cep-03,,,
2024/10/R/775,HEX-28,"Bucket repair, pin repair",2024-10-19,2024-10-22,Ruwanwella,,,
2024/10/R/776,SR-09,Steering jack repair,2024-10-19,2024-10-20,cep-03,,,
2024/10/R/777,LH-5586,starter motor repair,2024-10-19,2024-10-19,cep-03,,,
2024/10/R/778,LO-9810,"Fan belt, battery terminal, R/cab repair",2024-10-18,2024-10-19,Badalgama,,,
2024/10/R/779,LO-7180,Clutch repair,2024-10-18,2024-11-06,cep-03,,,
2024/10/R/780,LB-9496,Radiator repair,2024-10-18,2024-11-02,kilinochchi,,,
2024/10/R/781,LM-5722,Replace brake liners,2024-10-21,2024-10-23,cep-03,,,
2024/10/R/782,LO-4822,"Steering box, elec. Repair",2024-10-20,2024-10-23,kilinochchi,,,
2024/10/R/783,LC-0434,Replace gear box bell housing ,2024-10-20,2024-10-28,Badalgama,,,
2024/10/R/784,HU-5097,Suspension repair,2024-10-21,2024-10-25,Badalgama,,,
2024/10/R/785,HEX-46,Track master pin repair,2024-10-21,2024-10-22,cep-03,,,
2024/10/R/786,LP-1582,Abnormal smoke,2024-10-20,2024-10-20,Muthur plant,,,
2024/10/R/787,48-4849,Brake hose repair,2024-10-21,2024-10-21,Badalgama,,,
2024/10/R/788,PA-6398,Diesel block,2024-10-21,2024-10-21,Serunuwara,,,
2024/10/R/789,LD-03,replace Jack seal,2024-10-20,2024-10-24,Muthur plant,,,
2024/10/R/790,325-5120,"fuel sys. Repair, change fuel filter, starter motor repair",2024-10-22,2024-11-07,Badalgama,,,
2024/10/R/791,ZA-6255,Mixture tank repair,2024-10-22,2024-10-24,Badalgama,,,
2024/10/R/792,LO-4824,"Low pulling power, elec. Repair",2024-10-22,2024-10-24,Port city,,,
2024/10/R/793,SL-02,"overheating, parking brake defect",2024-10-24,2024-10-26,Port city,,,
2024/10/R/794,PH-0765,Elec. Repair,2024-10-22,2024-10-24,Ruwanwella,,,
2024/10/R/795,LK-5041,light repair,2024-10-23,2024-10-23,Badalgama,,,
2024/10/R/796,43-1191,"brake repair, wiper, center bering, bowser tank mount repair",2024-10-23,2024-11-06,Badalgama,,,
2024/10/R/797,28-4314,"brake abnormal sound, wheel alignment, alternator oil leak, ",2024-10-24,2024-10-24,Badalgama,,,
2024/10/R/798,LK-5041,elec. Repair,2024-10-24,2024-10-25,Badalgama,,,
2024/10/R/799,LK-6740,"Brake repair, fuel sys, repair",2024-10-25,2024-10-30,Ruwanwella,,,
2024/10/R/800,ZA-6255,Diesel water mix,2024-10-25,2024-10-26,Badalgama,,,
2024/10/R/801,LD-06,"Engine overhaul, ",2024-10-25,2024-03-20,Muthur plant,,,
2024/10/R/802,LL-1782,"Ac, elec. Repair, adjusted clutch",2024-10-25,2024-10-26,Badalgama,,,
2024/10/R/803,LP-1582,oil mix with diesel-Dimo Siyabalape,2024-10-28,2024-11-19,Muthur plant,,,
2024/10/R/804,ZA-7291,"clutch pump repair(slave pump, master pump R/kit, b/oil)",2024-10-28,2024-10-29,Port city,,,
2024/10/R/805,PY-2408,"water pump bearing, belt",2024-10-28,2024-11-01,neluwa,,,
2024/10/R/806,SR-09,"E/overheating, Turbo repair, radiator cleaning",2024-10-28,2024-12-20,cep-03,,,
2024/10/R/807,MG-07,Transmission repair,2024-10-29,2024-11-16,cep-03,,,
2024/10/R/808,LN-1867,"chk clutch , light",2024-10-29,2024-10-30,Badalgama,,,
2024/10/R/809,Rammer,"replace wacker boot, chk running condition",2024-10-30,2024-11-08,Ruwanwella,,,
2024/10/R/810,HEX-39,"boom pin bush repair, high/low gear selector oil leak, hy. leak repair, safety lever, Travelling lever repair",2024-10-29,2024-12-04,Port city,,,
2024/10/R/811,PH-3945,check radiator fan motor relay-ok,2024-10-29,2024-10-29,H/O,,,
2024/10/R/812,concrete mixture,mixture axel bearing replace,2024-10-30,2024-10-30,Solution,,,
2024/10/R/813,LL-1782,"clutch repair, deck light repair",2024-10-30,2024-11-08,Badalgama,,,
2024/10/R/814,CR-01,Silensor repair,2024-10-30,2024-11-01,cep-03,,,
2024/10/R/815,LO-5983,"Replace clutch plate, clutch bearing, pressure plate finger springs",2024-10-30,2024-10-31,cep-03,,,
2024/10/R/816,LM-7948,Radiator tank,2024-10-30,2024-11-02,cep-03,,,
2024/10/R/817,LH-5586,starter motor repair,2024-10-30,2024-11-01,cep-03,,,
2024/10/R/818,ZA-8337,Starter motor repair,2024-10-30,2024-11-01,cep-03,,,
2024/10/R/819,28-4314,A/c repair,2024-10-30,2024-11-09,Badalgama,,,
2024/10/R/820,SL-13,"chk battery bracket, accelerator, drive chain",2024-11-01,2024-11-22,neluwa,,,
2024/10/R/821,SL-05,"Elec . Repair, (unable to travell), parking solenoid elec. Repair",2024-10-31,2024-10-31,ja-ela bridge,,,
2024/11/R/822,48-4849,"Engine ovehaul, ",2024-11-02,2025-01-09,Badalgama,,,
2024/11/R/823,RD-6318,"chk brakes, hy. repair, hitch repair, Elec. Repair, tailor tipping jack seal",2024-11-02,2024-11-19,Katana,,,
2024/11/R/824,LB-4824,"elec . Repair, accelerator cable repair",2024-11-02,2024-11-05,Katana,,,
2024/11/R/825,41-7225,starter motor repair,2024-11-02,2024-11-20,Solution,,,
2024/11/R/826,ZA-6068,"steering jack seal, rack end",2024-11-04,2024-11-06,cep-03,,,
2024/11/R/827,SL-06,Hy. leak repair,2024-11-04,2024-11-05,Ududumbara,,,
2024/11/R/828,HS-1794,No tipping,2024-11-05,,Muthur plant,,,
2024/11/R/829,VR-40,"chk working condition, battery charging",2024-11-05,2024-11-06,Biyagama,,,
2024/11/R/830,LK-2366,"Starter motor repair, chk clutch, P/S pump, spring blade forming-front",2024-11-05,2024-11-18,Ruwanwella,,,
2024/11/R/831,LK-4061,"Rear spring blade repair, wash & grease",2024-11-06,2024-11-06,cep-03,,,
2024/11/R/832,LO-7855,Adjust brakes,2024-11-06,2024-11-06,Solution,,,
2024/11/R/833,LM-7942,"Alternator bearing, fan belt replacing",2024-11-07,2024-11-08,neluwa,,,
2024/11/R/834,Elec. Hoist,Hoist motor repair(fixed new motor),2024-11-07,2024-11-09,Solution,,,
2024/11/R/835,CR-02,"Brake booster R/kit, air dryer assy.",2024-11-07,2024-11-09,cep-03,,,
2024/11/R/836,LM-7940,"clutch plate re-lining, pilot bearing, clutch bearing",2024-11-07,2024-11-09,cep-03,,,
2024/11/R/837,LJ-5203,Starter motor repair(brush set),2024-11-07,2024-11-07,cep-03,,,
2024/11/R/838,DAH-2228,Fuel system repair,2024-11-07,2024-11-27,Batticaloa,,,
2024/11/R/839,LC-0434,replace starter relay,2024-11-07,2024-11-07,Badalgama,,,
2024/11/R/840,HEX-22,"replace hy. pump seal, hose repair, replace hy. pump coupling",2024-11-07,2024-11-10,Erawur,,,
2024/11/R/841,HEX-21,Hy. leak repair,2024-11-07,2024-11-07,Erawur,,,
2024/11/R/842,LI-3402,"Deck repair, accelerator cable, driving seat cushion, adjust clutch, chk brake liners, bowser tank repair",2024-11-07,2024-12-18,Muthur plant,,,
2024/11/R/843,28-4314,Engine overheating,2024-11-11,2024-11-16,Badalgama,,,
2024/11/R/844,LN-1867,"replace fuji gasket, fan clutch gel, starter motor repair",2024-11-09,2024-11-10,Badalgama,,,
2024/11/R/845,LH-5586,"P/S oil leak, starter motor repair, roof repair-water leak",2024-11-09,2024-11-18,cep-03,,,
2024/11/R/846,LM-5723,"PTO lever R/kit, Brake booster R/kit",2024-11-10,2024-11-11,cep-03,,,
2024/11/R/847,MG-05,Propellar shaft repair-lathe work,2024-11-10,2024-11-11,cep-03,,,
2024/11/R/848,PH-3945,"replace door beeding, rim cap, gear lever bbot",,,H/O,Cancel,,
2024/11/R/849,HEX-26,"boom jack seal-RH, boom main pin play, AC blower, hy. hose, governor motor, stop solenoid, side glass, cabin glass replacing",2024-11-12,2024-12-08,kilinochchi,,,
2024/11/R/850,LM-7942,"H/light, horn chk, E/oil leak, rear deck door repair, injector pump service",2024-11-12,2024-12-07,neluwa,,,
2024/11/R/851,325-5120,"replace injector pump, cleaned fuel tank",2024-11-11,2024-11-22,Badalgama,,,
2024/11/R/852,ZB-1979,"Loader arm bushing, backhoe arm, king post bushing, tie rod repair & replace",2024-11-12,2024-11-22,Port city,,,
2024/11/R/853,DAH-2231,Fuel sys. Repair(low pressure pump solenoid valve blocked),2024-11-16,2024-11-17,cep-03,,,
2024/11/R/854,Tractor tailor,"Fixed new tipping cylinder , axel bearing greasing, PTO hy. hose",2024-11-16,2024-12-17,Badalgama,,,
2024/11/R/855,SL-05,Drive belt,2024-11-17,2024-11-18,Gampaha,,,
2024/11/R/856,SL-25,FD sys. Repair,2024-11-17,2024-11-21,Port city,,,
2024/11/R/857,ZA-2963,"E/oil leak, Gear lever bush, E/head valve leak, Backhoe arm end bushing",2024-11-17,2024-12-12,Thissamaharama,,,
2024/11/R/858,LL-0936,"Silensor, starter motor repair",2024-11-17,2024-11-23,Ududumbara,206502Km,,
2024/11/R/859,PJ-6376,"Replace air filter, chk clutch",2024-11-16,2024-11-17,Badalgama,,,
2024/11/R/860,ZA-7968,Alternator repair-slip ring,2024-11-16,2024-11-21,Batticaloa,,,
2024/11/R/861,PY-2408,Alternator repair,2024-11-18,2024-11-19,neluwa,,,
2024/11/R/862,HEX-18,"Hy.leak repair, chk service, jack seal, track repair",2024-11-18,2024-11-23,Erawur,,,
2024/11/R/863,LM-6653,"E/oil mixed with diesel, jack oil leak, light epair",2024-11-18,2024-11-23,Erawur,,,
2024/11/R/864,LY-4524,"chk wheel alignment, service",2024-11-18,2024-11-18,Badalgama,,,
2024/11/R/864-1,51-8083,"Gear box repair, caliper pin & bush, clutch R/kit",2024-11-18,2024-12-06,cep-03,,,
2024/11/R/865,LN-8279,"Chk & repair air baloon,",2024-11-19,2025-01-08,Badalgama,,,
2024/11/R/866,LK-2366,"reverse gear engage defect, parking light repair, chk clutch",2024-11-19,2024-11-19,Badalgama,,,
2024/11/R/867,LO-7855,"Elec. Repair(park light), S/M NW, Exhaust control NW",2024-11-20,,Solution,Cancel,,
2024/11/R/868,LO-7184,"adjust clutch, chk brakes",2024-11-19,2024-11-20,cep-03,,,
2024/11/R/869,LO-5983,"Adjust clutch, replace brake rachets R/RH, wash & grease",2024-11-19,2024-11-19,cep-03,,,
2024/11/R/870,Crusher Plant,bolt thread cutting -4nos,2024-11-19,2024-11-19,cep-03,,,
2024/11/R/871,RD-3537,"chk & repair head lights, wash & grease",2024-11-19,2024-11-21,Badalgama,,,
2024/11/R/872,LL-1782,"Alternator repair,replace CMC R/kit",2024-11-19,2024-11-21,Badalgama,,,
2024/11/R/873,MG-14,Brake booster R/kit,2024-11-19,,Serunuwara,Cancel,,
2024/11/R/874,LJ-5203,Starter motor repair(solenoid coil earth wire defect ),2024-11-20,2024-11-20,cep-03,,,
2024/11/R/875,HEX-42,Track master pin,2024-11-20,2024-11-20,cep-03,,,
2024/11/R/876,LM-7940,Top shaft bearing,2024-11-20,2024-11-21,cep-03,,,
2024/11/R/877,LN-8278,boom repair,2024-11-20,2024-11-22,Ruwanwella,,,
2024/11/R/878,WG-06,Starter motor repair,2024-11-20,2024-11-21,cep-03,,,
2024/11/R/879,RC-9894,replace tie rod end,2024-11-20,2024-11-21,Ruwanwella,,,
2024/11/R/880,SL-04,"replace drive belt, chk travelling chain oil, changed operating seat from SL-05",2024-11-21,2024-11-23,Batticaloa,,,
2024/11/R/881,SL-05,chk running condition,2024-11-21,2024-11-23,Gampaha,,,
2024/11/R/882,PJ-6376,Brake repair(replace brake master pump,2024-11-22,2024-11-26,Badalgama,,,
2024/11/R/883,LN-1867,Brake repair,2024-11-22,2024-11-23,Batticaloa,,,
2024/11/R/884,LO-7180,clutch booster,2024-11-22,2024-11-25,cep-03,,,
2024/11/R/885,28-4314,Elec. Short -sent to Autobacs for insurance claim,2024-11-22,2024-12-14,Badalgama,,,
2024/11/R/886,LP-1569,"Gear shifting defect, light repair",2024-11-22,2024-11-23,cep-03,,,
2024/11/R/887,40-2955,Battery change,2024-11-23,2024-11-23,Badalgama,,,
2024/11/R/888,PC-02,Gear selector grove repair,2024-11-23,2024-11-26,cep-03,,,
2024/11/R/889,LD-03,Replace differential seal,2024-11-23,2024-11-26,Muthur plant,,,
2024/11/R/890,HEX-19,"alternator repair, (replace brushes, bearing 2nos, rewinding field coil)",2024-11-25,2024-11-29,cep-03,,,
2024/11/R/891,PR-1504,steering system repair(tie rod ball joint),2024-11-26,2024-11-27,Katana,,,
2024/11/R/892,MG-07,Gear cable repair,2024-11-26,2024-11-26,cep-03,,,
2024/11/R/893,68-5115,Starter motor repair,2024-11-26,2024-11-28,cep-03,,,
2024/11/R/894,VR-62,"change vibrator switch, greasing, chk all oil levels",2024-11-26,2024-11-26,Port city,,,
2024/11/R/895,SR-12,Damper mount(hy. pump coupling),2024-11-26,2024-11-28,cep-03,,,
2024/11/R/896,CR-02,Brake repair,2024-11-29,2024-12-06,cep-03,,,
2024/11/R/897,HEX-05,"Travelling sys. Repair,service, accelerator cable, bottom roller",2024-11-28,2024-12-06,Raththota,,,
2024/11/R/898,ZA-0447,"chk gear shifting, brakes, loader bucket, pin ,bush",2024-11-28,2025-06-07,Doramadalawa,,,
2024/11/R/899,TM-20,"service, replace windscreen, bucket tilt, lift cylinder R/kit, shooter repair",2024-11-29,2024-12-13,kilinochchi,,,
2024/11/R/900,PE-3911,"Replace T-belt, fan belt, winscreen sealing, park bulb",2024-11-30,2024-11-30,Batticaloa,,,
2024/11/R/901,ZB-1548,"replace gear lever bush set, change trans. Oil with filter",2024-11-30,2024-11-30,Biyagama,,,
2024/11/R/902,LH-5586,starter motor repair-replace mount bushing,2024-11-30,2024-11-30,cep-03,,,
2024/11/R/903,41-7225,"Feed pump, gear lever assy. Repair",2024-11-30,2024-12-03,Solution,,,
2024/11/R/904,LO-5984,starter motor repair,2024-11-30,2024-12-14,cep-03,,,
2024/11/R/905,HM-33,chk & repair,2024-11-30,,cep-03,Cancel,,
2024/11/R/906,LX-1679,"Ramp jack seal, motor repair",2024-11-30,2024-12-03,Badalgama,,,
2024/12/R/907,LO-9810,"cabin rack making, AC belt adjuster repair",2024-12-01,2024-12-03,Badalgama,,,
2024/12/R/908,LK-4056,"Running repair, gear engaging defect, cab tinkering, side mirror arm -LH, head light LH, chk battery charging",2024-12-04,2024-12-31,kilinochchi,,,
2024/12/R/909,TRN-05/19,chk running condition,2024-12-04,2024-12-05,Port city,,,
2024/12/R/910,LY-1614,"change driving seat, repair upholstery",2024-12-04,2024-12-07,Badalgama,,,
2024/12/R/911,LI-3396,"LH glass, chk servcie, chk gear box, driving seat cushion",2024-12-04,2025-02-12,kilinochchi,,,
2024/12/R/912,HEX-46,"cabin door lock, bolt, upholstery lock",2024-12-05,2024-12-14,cep-03,,,
2024/12/R/913,LL-0920,"gear lever, selector repair",2024-12-05,2024-12-10,cep-03,,,
2024/12/R/914,RD-3536,Starter motor repair,2024-12-05,2024-12-06,Ruwanwella,,,
2024/12/R/915,BDJ-2375,"replace rear damper mount, hub bearing",2024-12-05,2024-12-05,Ruwanwella,,,
2024/12/R/916,LP-1580,"chk & repair battery post, rear brake rachet, adblue cut-ok, wash & grease",2024-12-05,2024-12-11,Batticaloa,,,
2024/12/R/917,GE-115,chk & repair,2024-12-05,2024-12-07,Ruwanwella,,,
2024/12/R/918,ASC-21,chk & repair,2024-12-05,2024-12-20,Ruwanwella,,,
2024/12/R/919,VR-44,"travelling defect, hy. leak, gear lever repair, ignition key repair",2024-12-08,2024-12-22,Hambantota,,,
2024/12/R/920,47-5112,water leak repair,2024-12-07,2024-12-07,Badalgama,Duplicate,,
2024/12/R/921,LK-5041,Alternator repair-replace regulator,2024-12-10,2024-12-11,Badalgama,,,
2024/12/R/922,LN-8278,Radiator leak repair,2024-12-07,2024-12-07,Badalgama,,,
2024/12/R/923,47-5112,"water leak repair, brake light repair",2024-12-07,2024-12-07,Badalgama,,,
2024/12/R/924,LD-05,LH steering jack seal,2024-12-08,2024-12-10,Badalgama,,,
2024/12/R/925,PA-6399,chk engine after running test,2024-12-08,2024-12-11,Badalgama,,,
2024/12/R/926,VR-08,fuel sys. Repair,2024-12-08,2024-12-10,H/O,,,
2024/12/R/927,51-7158,"Engine mount , bearing",2024-12-10,2024-12-11,Ruwanwella,,,
2024/12/R/928,PR-1469,"Ball joint, feed pump, steering u-joints",2024-12-10,2024-12-31,Badalgama,,,
2024/12/R/929,SL-06,replace drive belt,2024-12-10,2024-12-10,Ududumbara,,,
2024/12/R/930,SL-02,replace drive belt,2024-12-10,2024-12-10,Port city,,,
2024/12/R/931,Crusher Plant,conveyor drum making,2024-12-10,2024-12-12,Muthur plant,,,
2024/12/R/932,HEX-29,starter motor repair,2024-12-10,2024-12-10,Ududumbara,,,
2024/12/R/933,SL-04,Replaced air filter-sent to site,2024-12-11,2024-12-11,Batticaloa,,,
2024/12/R/934,SL-18,repair accelerator cable,2024-12-11,2024-12-11,cep-03,,,
2024/12/R/935,water pump,"replace impheler , water seal, bearing 2nos",2024-12-11,2024-12-18,cep-03,,,
2024/12/R/936,MGS-01,starter motor repair,2024-12-11,2024-12-15,cep-03,,,
2024/12/R/937,LI-7618,"top shaft repair, chk & replace clutch bearing, clutch liner ",2024-12-11,2024-12-12,cep-03,,,
2024/12/R/938,PD-7049,"Rear brake liners, chk hand brakes, brake oil leak, servcie, F/shockabsorber repair, fog light",2024-12-11,2024-12-17,Solution,,,
2024/12/R/939,LY-1614,"Low pulling power, compressed air leak",2024-12-11,2025-08-15,Badalgama,,,
2024/12/R/940,"AC-01,02","change comressor E/oil, ",2024-12-12,2024-12-18,Asphalt plant-badalgama,Elec. Motor driven compressor,,
2024/12/R/941,PT-1569,clutch repair-clutch plate,2024-12-11,2024-12-12,cep-03,,,
2024/12/R/942,LA-1359,Engine stop booster,2024-12-11,2024-12-14,cep-03,,,
2024/12/R/943,ZB-1521,"replace pinion seal, u-joint 4WD shaft",2024-12-11,2024-12-11,Solution,Raththota,,
2024/12/R/944,HEX-05,hy. hose,2024-12-11,2024-11-12,Raththota,,,
2024/12/R/945,LK-2366,"Replace air dryer R/kit, air brake sys. Repair",2024-12-11,2024-12-13,Ruwanwella,,,
2024/12/R/946,HEX-28,"silensor manifold repair, hy. cylinder broken bolt remove & replace",2024-12-11,2024-12-13,Ruwanwella,,,
2024/12/R/947,WG-9941,"Engine repair, elec. Repair-lights",2024-12-12,2025-02-20,Badalgama,,,
2024/12/R/948,HEX-27,"swing motor oil leak, pin bush, coolant tank, bucket, track line, A/C repair",2024-12-12,2025-01-03,Muthur plant,,,
2024/12/R/949,PH-0765,"suspension, ball joint, elec. Repair",2024-12-12,2024-12-16,Ruwanwella,,,
2024/12/R/950,LB-4824,"replace battery wire, top up p/S oil, E/oil, brake oil",2024-12-12,2024-12-12,Badalgama,,,
2024/12/R/951,PY-2408,door hinger repair,2024-12-12,2024-12-20,Ruwanwella,,,
2024/12/R/952,HEX-39,"replace parking switch, ,elec repair-wire harness defect, wiring short cct",2024-12-13,2024-12-13,Ruwanwella,,,
2024/12/R/953,MG-17,"Change E/oil with filter, guide rail -used",2024-12-14,2024-12-14,cep-03,,,
2024/12/R/954,57-3062,"low pulling force, fuel system chk, tans. Wire connected",2024-12-14,2024-12-17,Badalgama,,,
2024/12/R/955,PA-6399,"brake, wiper, rear deck door repair",2024-12-15,2024-12-18,Badalgama,,,
2024/12/R/956,LP-1580,"Injector service, testing, service, wash & grease",2024-12-17,2025-01-10,Erawur,,,
2024/12/R/957,Crusher Plant,"Bolt thread cutting - 10nos, supply nut 55mm -10 nos",2024-12-16,,cep-03,Cancel,,
2024/12/R/958,HEX-26,Replace feed pump,2024-12-16,2024-12-16,Muthur plant,,,
2024/12/R/959,ZA-7968,replace feed pump,2024-12-16,2024-12-16,Batticaloa,,,
2024/12/R/960,28-4314,replace water hose,2024-12-17,2024-12-18,Badalgama,,,
2024/12/R/961,FL-02,"Alternator repair, fan belt",2024-12-17,2025-01-25,Badalgama,,,
2024/12/R/962,Rammer,"replace air filter assy, carb, Engine repair-block re-sleeving, replace piston ring set, spark plug",2024-12-17,2024-12-17,Badalgama,,,
2024/12/R/963,ZB-2587,Accelerator cable,2024-12-17,2024-12-18,Ruwanwella,,,
2024/12/R/964,PT-1569,"alternator repair, (bearing, seal, regulator, diode plate)",2024-12-19,2024-12-19,cep-03,,,
2024/12/R/965,HEX-01,replace track master pin,2024-12-19,2024-12-19,cep-03,,,
2024/12/R/966,LD-03,replace propellar shaft yoke,2024-12-19,2024-12-22,Muthur plant,,,
2024/12/R/967,LD-08,"E/starting & chk machine, brake hub seal, silensor, water jacket, bucket pin repair, starter motor-reconditioned",2024-12-19,2025-03-15,Badalgama,,,
2024/12/R/968,PA-6398,"F/hub, bearing",2024-12-19,2024-12-22,Serunuwara,,,
2024/12/R/969,LB-4824,clutch repair,2024-12-19,2024-12-19,Ruwanwella,,,
2024/12/R/970,DAH-2231,"clutch repair-ws, Engine starting defect-repaired by ideal motors",2024-12-20,2025-03-10,Port city,,,
2024/12/R/971,ZA-7291,Elec. Repair,2024-12-20,2024-12-22,Port city,,,
2024/12/R/972,ZA-7965,"pin bush, bucket, trans. Seal & sensor, dip. -f pin, light, meter, turbo oil leak, outtriger jack guide, jack seal, steering knuckle, cleaning diesel tank",2024-12-20,2025-01-30,Katana,,,
2024/12/R/973,LB-4824,"clutch repair, lights, brake bind-front, gear handle, diesel leak, S/motor repair",2024-12-20,2025-01-15,Ruwanwella,,,
2024/12/R/974,PY-2408,"steering play , lights",2024-12-21,2024-12-25,Ruwanwella,,,
2024/12/R/975,LB-01,starter motor repair,2024-12-24,2024-12-29,Abanpola,,,
2024/12/R/976,ZA-2963,Fan belt,2024-12-24,2024-12-24,Ruwanwella,,,
2024/12/R/977,AC-24,compressor oil leak,2024-12-24,2024-12-24,Ruwanwella,,,
2024/12/R/978,LP-1712,fan belt,2024-12-23,2024-12-23,Port city,,,
2024/12/R/979,LL-1782,clutch booster,2024-12-23,2024-12-25,Badalgama,,,
2024/12/R/980,LB-9496,Propellar shaft repair,2024-12-24,2024-12-28,cep-03,,,
2024/12/R/981,RC-9894,replaced hub bearing,2024-12-24,2024-12-28,Ruwanwella,,,
2024/12/R/982,LP-1582,Injector service,2024-12-24,2025-01-31,Badalgama,,,
2024/12/R/983,SR-19,Bonnet repair,2024-12-24,2025-01-07,cep-03,,,
2024/12/R/984,LH-5475,"Alternator repair, brake repair",2024-12-24,,Badalgama,Sold,,
2024/12/R/985,MG-04,starter motor repair,2024-12-25,2024-12-29,cep-03,,,
2024/12/R/986,ZA-8511,Mixture water pump repair,2024-12-25,2024-12-28,cep-03,,,
2024/12/R/987,HEX-21,Starter motor repair-field coil,2024-12-25,2025-01-03,Erawur,,,
2024/12/R/988,VR-54,Engine housing repair,2024-12-25,2025-01-02,Batticaloa,,,
2024/12/R/989,HEX-29,fan belt replace,2024-12-25,2024-12-28,Ududumbara,,,
2024/12/R/990,AC-25,"Body, silensor repair, replace air filter, tinkering & painting",2024-12-25,2025-01-30,Muthur plant,,,
2024/12/R/991,ZA-8445,"mixture engine starter motor repair, light repair",2024-12-26,2024-12-31,Doramadalawa,,,
2024/12/R/992,LO-5981,clutch repair,2024-12-26,2024-12-30,cep-03,,,
2024/12/R/993,43-1191,water pump repair,2024-12-26,2024-12-31,cep-03,,,
2024/12/R/994,LB-01,"fuel cut-off solenoid, multi jack seal",2024-12-30,2024-12-31,Abanpola,,,
2024/12/R/995,ZA-7092,outtriger jack seal,2024-12-30,2024-12-31,Abanpola,,,
2024/12/R/996,HEX-19,boom jack pin replace,2024-12-30,2024-12-31,cep-03,,,
2024/12/R/997,SL-10,"change bucket jack 2 nos from SL-15, wash & grease, change bobtach from SL-15, chk all oil levels, clean air filter",2024-12-30,2024-12-30,neluwa,,,
2024/12/R/998,HEX-36,Elec. Repair-parking brake deffect,2024-12-30,2024-12-30,Ruwanwella,,,
2024/12/R/999,HEX-39,Elec. Repair-parking brake deffect,2024-12-30,2024-12-30,Ruwanwella,,,
2024/12/R/1000,57-3062,"Replace F/brake pads, disc",2024-12-30,2024-12-30,Badalgama,,,
2024/12/R/1001,LJ-5203,"clutch repair, flywheel, c/bearing, p/plate, clutch plate re-lining",2024-12-31,2025-01-03,cep-03,,,
2024/12/R/1002,CR-01,Radiator hose,2024-12-31,2025-01-04,cep-03,,,
2024/12/R/1003,ZA-8337,tie rod end repair,2024-12-31,2024-12-31,cep-03,,,
2024/12/R/1004,LI-2427,Gear box repair,2025-01-05,2025-01-13,cep-03,,,
2024/12/R/1005,LL-1782,air bleeding clutch oil pipe lines,2024-12-31,2024-12-31,Badalgama,,,
2024/12/R/1006,LL-0936,"Silensor repair, wash & grease, fuel sys. Repair, light, tyre change",2024-12-31,2025-01-04,Raththota,,,
2024/12/R/1007,SL-15,"chk drive chains, service, bobtach & bucket repair, pin & bush repair",2024-12-31,2025-01-18,Erawur,,,
2025/1/R/001,LK-6740,"chk oil , P/S pump, tipping, differential abnormal noise, tyre change",2025-01-03,2025-01-06,Ruwanwella,,,
2025/1/R/002,41-7225,fuel sys. Repair. Chk accelerator,2025-01-02,2025-01-02,Solution,,,
2025/1/R/003,LK-2366,"P/S pump chk, chk gear engaging, clutch, compressed air leak, fuel sys.",2025-01-04,2025-01-13,Ruwanwella,,,
2025/1/R/004,concrete mixture,"replace drrive belt, chk running condition, replace drive wheel, greasing",2025-03-14,2025-03-17,Neluwa,,,
2025/1/R/005,MG-17,Hy.filter,2025-01-04,2025-01-07,cep-03,,,
2025/1/R/006,43-1191,replace water pump,2025-01-04,2025-01-04,cep-03,,,
2025/1/R/007,DAH-2229,"Radiator, alternator repair, fan belt",2025-01-04,2025-01-07,cep-03,,,
2025/1/R/008,HEX-01,Fuel filter head repair,2025-01-04,2025-01-07,cep-03,,,
2025/1/R/009,LJ-5203,"Engine mount, sliding joint, crank seal housing",2025-01-04,2025-01-07,cep-03,,,
2025/1/R/010,LK-5041,alternator repair-Ex,2025-05-04,2025-01-04,cep-03,,,
2025/1/R/011,LK-4058,Gear box repair,2025-01-06,2025-01-10,cep-03,,,
2025/1/R/012,MG-06,starter motor pinion wheel lock circlip,2025-01-06,2025-01-06,cep-03,,,
2025/1/R/013,LD-05,"operator seat, upholstery repair",2025-01-06,2025-01-07,Badalgama,,,
2025/1/R/014,GE-147,chk & clean machine,2025-01-06,2025-01-06,Badalgama,,,
2025/1/R/015,AC-32,"chk & top up E/oil, door repair",2025-01-06,2025-01-06,Badalgama,,,
2025/1/R/016,LO-5983,clutch repair,2025-01-06,2025-01-10,cep-03,,,
2025/1/R/017,AC-27,"compressor gas back pressure, injector pump with nozzel service",2025-01-10,2025-04-28,Ruwanwella,,,
2025/1/R/018,LM-5721,"drag link, ball joint replace",2025-01-07,2025-01-14,cep-03,,,
2025/1/R/019,LI-3851,air intake hose,2025-01-07,2025-01-09,cep-03,,,
2025/1/R/020,LJ-5559,Brake chamber repair-cup & repair kit replace,2025-01-07,2025-01-18,cep-03,,,
2025/1/R/021,MG-04,"Front axel repair, axel lock made, axel welding & lathe work, axel thread cutting",2025-01-07,2025-01-09,cep-03,,,
2025/1/R/022,GE-84,"change air filter, replace battery, chk working condition",2025-01-07,2025-01-20,Badalgama,,,
2025/1/R/023,GE-53,chk working condition,2025-01-07,2025-01-09,Badalgama,,,
2025/1/R/024,HEX-37,"swing motor oil change, bucket repair",2025-01-08,2025-01-22,cep-03,,,
2025/1/R/025,RD-6318,brake repair-spply spares to site,2025-01-08,2025-01-11,Ruwanwella,,,
2025/1/R/026,RD-3536,brake repair-spply spares to site,2025-01-08,2025-01-11,Ruwanwella,,,
2025/1/R/027,SL-11,drive belt,2025-01-09,2025-01-09,Ruwanwella,,,
2025/1/R/028,SL-25,"fan belt, hy. pressure sensor",2025-01-09,,Ruwanwella,Cancel,,
2025/1/R/029,DAH-2229,alternator repair,2025-01-09,2025-01-09,cep-03,,,
2025/1/R/030,PH-6747,"injector pump with nozzel  service & repair, fan belt, oil seal, bearing, tappet cover packing ",2025-01-09,2025-01-11,Batticaloa,,,
2025/1/R/031,SL-10,"MO-514 error, hy filter & sensor need to check, remover sensor wire connection temporily running, replace hy. sensor & filters",2025-01-09,2025-01-26,Ududumbara,,,
2025/1/R/032,SL-02,"c-com -travelling sys. Repair, parking solenoid chk, Not complete",2025-01-09,,Port city,C-Com,,
2025/1/R/033,MG-18,"replace guide rail set, service, wash & grease, chk machine",2025-01-09,2025-01-09,Badalgama,,,
2025/1/R/034,SR-09,jack seal-steering,2025-01-10,2025-01-11,cep-03,,,
2025/1/R/035,PC-02,"wiper blade, clutch slave pump R/kit",2025-01-10,2025-01-11,cep-03,,,
2025/1/R/036,LD-09,alternator repair,2025-01-10,2025-01-11,cep-03,,,
2025/1/R/037,LD-05,replaced astarter motor oil seal,2025-01-10,2025-01-11,Badalgama,,,
2025/1/R/038,RA-3051,"battery charging, brake repair, water pump repair, alternator repair",2025-01-23,2025-02-12,Ruwanwella,,,
2025/1/R/039,PR-1504,"light repair, replace LH-tail light aasy.",2025-01-10,2025-01-13,Katana,,,
2025/1/R/040,LK-2276,"wiper blade, signal light repair, chassis mount replace",2025-01-12,2025-01-15,Katana,,,
2025/1/R/041,HEX-01,replace fuel filter head,2025-01-10,2025-01-12,cep-03,,,
2025/1/R/042,SL-06,Replace drive belt-Pathumini,2025-01-10,2025-01-12,Neluwa,,,
2025/1/R/043,PH-6744,"chk running condition, disemble brake drum-RH, adjust, AC repair, chk lights",2025-01-10,2025-02-12,Badalgama,,,
2025/1/R/044,BET-3772,"meter cable, service",2025-01-11,2025-01-14,Badalgama,,,
2025/1/R/045,HU-5097,"chk suspension, oil elak, pinion repair, replace engine mount, timing belt replace",2025-01-15,2025-01-22,Badalgama,,,
2025/1/R/046,HEX-39,Hy. hose guard,2025-01-11,2025-05-08,Ruwanwella,,,
2025/1/R/047,48-4849,diesel hose repair,2025-01-11,2025-01-16,Badalgama,,,
2025/1/R/048,ZB-1547,"replace fog light, hy. sys. Repair",2025-01-12,2025-01-12,Ruwanwella,,,
2025/1/R/049,LK-4061,"U-bolt repair, tinkering work",2025-01-12,2025-07-29,cep-03,,,
2025/1/R/050,LD-05,"Hy. hose repair, service",2025-01-15,2025-01-16,Badalgama,,,
2025/1/R/051,PA-6399,"wiper, seat, light, repair, R/cap change",2025-01-15,2025-01-18,Batticaloa,,,
2025/1/R/052,HEX-22,"Elec. , pin bush, jack seal, glass repair, crank oil seal(F), -70*95*13mm",2025-01-15,2025-02-15,Erawur,,,
2025/1/R/053,DAH-2228,"diesel leak, F/tyre change, F/axel sys. , door lock, hand brake repair, replace steering link ball joints, fan belt, shockabsorber repair",2025-01-15,2025-01-22,Badalgama,,,
2025/1/R/054,40-2955,"gear link ball joint repair, ",2025-01-15,2025-01-17,Badalgama,,,
2025/1/R/055,LY-4524,prime mover disc repair,2025-01-16,2025-01-17,Badalgama,,,
2025/1/R/056,LL-1782,"adjust clutch, hand brake repair, cab jack repair",2025-01-17,2025-01-21,Badalgama,,,
2025/1/R/057,MG-03,"replace hy. pump , MR valve, valve box seal, change hy. oil lwith filters",2025-01-17,2025-06-15,Badalgama,,,
2025/1/R/058,LD-01,brake repair,2025-01-18,2025-02-06,Muthur plant,,,
2025/1/R/059,LK-2276,light repair,2025-01-19,2025-01-19,Katana,,,
2025/1/R/060,ZA-2964,"outtrige jack repair, shaft & piston jaclk plate repair, propellar shaft repair",2025-01-19,2025-01-25,Ruwanwella,,,
2025/1/R/061,FL-03,water pump repair,2025-01-19,2025-01-19,Badalgama,,,
2025/1/R/062,SL-02,"Engine overheating, bucket & bobtach repair",2025-01-19,2025-03-08,Badalgama,,,
2025/1/R/063,SL-07,chk & repair-came from c-com,,,Badalgama,,,
2025/1/R/064,HEX-18,"hy. leak, silensor, pin bush repair",2025-01-19,2025-02-05,Raththota,,,
2025/1/R/065,VR-10,"Elec. Repair, vibrating switch replace",2025-01-19,2025-01-20,Badalgama,,,
2025/1/R/066,Pocker,chk & repair,2025-01-19,2025-01-20,cep-03,,,
2025/1/R/067,2' water pump,chk & repair,2025-01-19,2025-01-20,cep-03,,,
2025/1/R/068,Bar cutter,Elec. Repair,2025-01-19,2025-01-20,cep-03,,,
2025/1/R/069,GE-144,Elec. Repair,2025-01-19,2025-01-21,cep-03,,,
2025/1/R/070-1,GE-145,Elec. Repair,2025-01-19,2025-05-25,cep-03,,,
2025/1/R/070,HEX-01,solenoid repair,2025-01-19,2025-01-21,cep-03,,,
2025/1/R/071,SL-08,"Alternator repair, fan belt",2025-01-19,2025-01-28,cep-03,,,
2025/1/R/072,HEX-41,"bucket jack seal, bucket pin, bush repair",2025-01-19,2025-01-26,cep-03,,,
2025/1/R/072-1,HEX-40,bucket pin bush repair,2025-01-19,2025-01-24,cep-03,,,
2025/1/R/073,Batching plant,"replace sprockets, bearings",2025-01-19,2025-01-24,cep-03,,,
2025/1/R/074,LN-8277,"valve box oil leak repair, elec. Repair",2025-01-20,2025-01-22,cep-03,,,
2025/1/R/075,LL-0936,"tie rod repair, silensor repair, light",2025-01-20,2025-01-23,Raththota,,,
2025/1/R/076,VR-12,replace hy. pump coupling,2025-01-20,2025-02-28,Badalgama,,,
2025/1/R/077,GE-62,"service, replace battery, chk working condition",2025-01-22,2025-01-27,Badalgama,,,
2025/1/R/078,Bituman cart,"chk & start engine , running repair",2025-01-22,2025-01-24,Badalgama,,,
2025/1/R/079,LK-5041,"Elec .repair,",2025-01-22,2025-01-23,Badalgama,,,
2025/1/R/080,GL-0019,mud guard repair,2025-01-22,2025-01-25,Badalgama,,,
2025/1/R/081,LX-1045,adjust brakes,2025-01-22,2025-01-23,Badalgama,,,
2025/1/R/082,48-4849,"boom cable bearing repair, fuel sys. Repair, elec .repair",2025-01-22,2025-01-25,Badalgama,,,
2025/1/R/083,LL-0920,"clutch repair, gear box repair",2025-01-28,2025-03-17,cep-03,,,
2025/1/R/084,51-7158,"steering rack, strut rod bush, ball joint-upper arm, rack end repair",2025-01-23,2025-01-30,Ruwanwella,,,
2025/1/R/085,LI-3851,clutch repair-SSO,2025-01-24,2025-01-29,cep-03,,,
2025/1/R/086,AC-37,Replace bearing-SSO,2025-01-24,2025-01-25,Ruwanwella,,,
2025/1/R/087,57-3062,"trans. Oil leak repair, hose replace, pipe repaired",2025-01-24,2025-01-30,Badalgama,,,
2025/1/R/088,PTR-01,replace hy. hose,2025-01-26,2025-01-26,Badalgama,,,
2025/1/R/089,HEX-28,"idler wheel, grease jack repair",2025-01-26,2025-02-03,Ruwanwella,,,
2025/1/R/090,HEX-26,"hy. union, idler wheel, track plate bolt",2025-01-27,2025-01-27,Muthur plant,,,
2025/1/R/091,PT-1569,starter motor repair,2025-01-27,2025-02-02,cep-03,,,
2025/1/R/092,LM-7940,PTO pump,2025-01-27,2025-02-02,cep-03,,,
2025/1/R/093,28-4314,wiper repair,2025-01-27,2025-02-14,Badalgama,,,
2025/1/R/094,RC-9894,"Brake repair, oil elak, battery charging",2025-01-27,2025-02-16,Ruwanwella,,,
2025/1/R/095,LK-2276,"brake repair, F/hub bearing, rear brake, clutch repair",2025-01-28,2025-01-31,Katana,,,
2025/1/R/096,PC-01,"S/valve seal, S-valve welding work, agitator cover welding work",2025-01-30,2025-02-03,cep-03,,,
2025/1/R/097,LI-3405,chassis repair-Kandana,2025-01-29,2025-02-20,Muthur plant,,,
2025/1/R/098,LK-5041,Elec. Repair-head lights,2025-01-29,2025-01-29,Badalgama,,,
2025/1/R/099,LD-05,"Hy. hose replace, top up hy. oil",2025-01-29,2025-02-04,Badalgama,,,
2025/1/R/100,LC-0434,spring blade repair-R/LH,2025-01-30,2025-01-31,Badalgama,,,
2025/1/R/101,PH-3945,"chk brakes, AC repair",2025-01-30,2025-01-30,H/O,,,
2025/1/R/102,PTR-01,replace steering hy. hose,2025-01-31,2025-01-31,Badalgama,,,
2025/1/R/103,ZA-8337,"replace rear axel pinion wheel replace, rim repair, chk tie rod",2025-01-31,2025-02-12,cep-03,,,
2025/1/R/104,LP-1712,abnormal noise,2025-02-02,2025-02-08,Port city,,,
2025/1/R/105,PH-6747,"Engine overhaul,- fixed recondition engine 4JB1, changed air filter with housing, clutch repair(clutch parts japan c/plate, p/plate, c/ bearing, c/ fork, )replace all brake liners & washers, brake master pump R/kit, front brake drums replaced",2025-02-01,2025-08-25,Batticaloa,,,
2025/2/R/106,LN-9046,Replace air dryer R/kit,2025-02-01,2025-02-01,Port city,,,
2025/2/R/107,47-5112,adjust brakes,2025-02-02,2025-02-02,Badalgama,,,
2025/2/R/108,HS-1773,PTO pump repair,2025-02-02,2025-02-05,Muthur plant,,,
2025/2/R/109,GE-34,"Exhaust manifold repair, belt-3nos, alternator bearings, air filter",2025-02-02,2025-03-01,cep-03,,,
2025/2/R/110,Bar Bender,"Bearing with oil seal, main shaft bushing, turning out 2 pins, bending pin holder support pin filling & lathe work",2025-02-02,2025-02-03,cep-03,,,
2025/2/R/111,SR-09,"Engine minor repair-replace gasket, alternator repair, ignition switch, elec .repair-vibrating switch, wash & grease",2025-02-02,2025-03-20,Batticaloa,3775Hr,,
2025/2/R/112,SL-03,"oil leak from F/RH axel, replace 3nos axel oil seals, hy. fan coil (relay), cleaned wire sockets",2025-02-04,2025-02-07,H/O,,,
2025/2/R/113,AC-25,Engine govenor defect,2025-02-04,2025-02-08,Ruwanwella,,,
2025/2/R/114,HEX-18,starter motor repair,2025-02-07,2025-02-09,Raththota,,,
2025/2/R/115,LL-1782,Alternator repair-fixed recondition alternator,2025-02-07,2025-02-08,Badalgama,,,
2025/2/R/116,ZA-8445,"Mixture drum bearing, ",2025-02-04,2025-02-07,cep-03,,,
2025/2/R/117,ZA-7290,"Mixture drum bearing, ",2025-02-04,2025-02-07,cep-03,,,
2025/2/R/118,LO-7184,clutch booster,2025-02-05,2025-02-07,cep-03,,,
2025/2/R/118-1,LK-2276,starter motor repair,2025-02-05,2025-02-08,Ruwanwella,,,
2025/2/R/119,LB-4824,"accelerator pedal repair, diesel leak, elec. Repair",2025-02-07,2025-02-20,Ruwanwella,,,
2025/2/R/120,HEX-05,"replace travelling motor-recondition, feed pump repair, swing motor oil elak repair, arm jack hole line boring-Ex",2025-02-07,2025-03-21,Raththota,,,
2025/2/R/120-1,ZB-1979,"service, wash & grease, replace tie rod end",2025-02-10,2025-02-11,Port city,,,
2025/2/R/121,HEX-18,"replace top roller, hy. hose 4, hy. pressure sensor(valve box), top up hy. oil, bolt 2",2025-02-13,2025-02-14,Raththota,,,
2025/2/R/122,HEX-46,top roller,2025-02-13,2025-02-15,cep-03,,,
2025/2/R/123,LM-7948,propellart shaft yoke,2025-02-13,2025-02-15,cep-03,,,
2025/2/R/124,HEX-23,"arm jack seal kit, hy. hose, 2, silensor repair",2025-02-14,2025-02-15,cep-03,,,
2025/2/R/125,59-5421,"brake , tire rod linkage, suspension repair",2025-02-14,2025-02-15,kilinochchi,,,
2025/2/R/126,HU-5097,"alternator oil leak,",2025-02-14,2025-02-15,Badalgama,,,
2025/2/R/127,SR-19,"Bonnet jack2, made 2 union for bonnet jack mounting",2025-02-14,2025-02-15,cep-03,,,
2025/2/R/128,PJ-6376,replace air hose,2025-02-14,2025-02-14,Badalgama,,,
2025/2/R/129,325-5120,"elec. Repair-horn, replace solenoid valve",2025-02-14,2025-02-14,Badalgama,,,
2025/2/R/130,TR-83/84,14.02.2025,2025-02-14,2025-03-15,Badalgama,,,
2025/2/R/131,LJ-5559,clutch repair,2025-02-14,2025-02-22,cep-03,,,
2025/2/R/132,57-3062,"turbo hose, steering linkage & ball joint repair, shockabsorber repair, replace shock bushes, chk wheel alignment",2025-02-13,2025-02-17,Badalgama,,,
2025/2/R/133,51-8083,"Upper arm bolt, starter motor pinion",2025-02-13,2025-02-15,cep-03,,,
2025/2/R/134,HEX-36,tie rod end with rack end 2,2025-02-13,2025-02-13,Ruwanwella,,,
2025/2/R/135,LM-7951,clutch repair,2025-02-13,2025-02-15,cep-03,,,
2025/2/R/136,43-1191, pinion assy. Repaired ,2025-02-15,2025-02-24,cep-03,,,
2025/2/R/137,LO-4821,Fuel sys. Repair-Dimo Baticaloa,2025-02-15,2025-02-17,Batticaloa,,,
2025/2/R/138,LY-4524,"buffer repair, lights",2025-02-15,2025-02-18,Badalgama,,,
2025/2/R/139,LN-8278,"Lubricate gear cable, chk gear lever assy.",2025-02-16,2025-02-16,Badalgama,,,
2025/2/R/140,RD-3536,Gear sys. Repair(can't engage reverse gear),2025-02-17,2025-03-16,Ruwanwella,,,
2025/2/R/141,47-5112,starter motor repair,2025-02-17,2025-02-17,Badalgama,,,
2025/2/R/142,28-4314,alternater repair,2025-02-16,2025-02-16,Badalgama,,,
2025/2/R/143,SR-08,alternator repair,2025-02-16,2025-02-18,cep-03,,,
2025/2/R/144,PA-4879,Brake repair,2025-02-16,2025-02-18,Batticaloa,,,
2025/2/R/145,49-2288,"Gear engage defect, steering sys. Defect",2025-02-17,2025-02-18,Port city,,,
2025/2/R/146,325-5120,"Replace wheel stud, adjust brakes",2025-02-17,2025-02-17,Badalgama,,,
2025/2/R/147,LC-0434,F/shockabsorber repair,2025-02-17,2025-02-17,Badalgama,,,
2025/2/R/148,LP-1582,"Black smoke, insufficient pulling force",,,Badalgama,cancel,,
2025/2/R/149,LL-1782,"replace clutch booster hose, center bearing",2025-02-19,2025-02-22,Badalgama,,,
2025/2/R/150,LY-4524,"Turbo hose, Head light NW",2025-02-20,2025-02-24,Badalgama,,,
2025/2/R/151,LK-4059,"air leak, chk brake, light",2025-02-20,2025-02-27,Badalgama,,,
2025/2/R/152,49-5294,"Replace fuel filters, top up E/oil,gear box oil, alternator repair, replaced battery HS-1794, fan belt, tinkering & painting, replace F-wheel, starter motor repair, wash & grease, Mud guard & bonnet fixed, chk all oil levels, air filter, hitch repair",2025-02-20,2025-02-23,Muthur plant,,,
2025/2/R/153,bobcat boomer,"Replace brush set-steel, hy. hose, greasing, wash & clean",2025-02-20,2025-02-23,cep-03,,,
2025/2/R/154,DAH-2229,Alternator repair-fixed recondition alternator,2025-02-20,2025-02-24,cep-03,,,
2025/2/R/155,HEX-21,"oil leak, turbo repair, crank seal-R, hy. pump coupling & regulator seal kit, boom jack bush, pin repair, bucket & H-bush with pin repair",2025-02-20,2025-04-05,Erawur,,,
2025/2/R/156,49-5294,Duplicate -2025/2/R/152,,,,,,
2025/2/R/157,48-4849,"hy. leak repair, replace stabilizer jack seal, change hy. oil with filter",2025-02-24,2025-02-25,Badalgama,,,
2025/2/R/158,SR-15,"light repair, wash & greased, reverse horn",2025-02-20,2025-02-27,Badalgama,,,
2025/2/R/159,PTR-01,"Fixed batteries & chk running condition, light repair",2025-02-20,2025-02-27,Badalgama,,,
2025/2/R/160,PTR-08,"fixed batteries, wash & grease, chk all oil levels, P/S oil hose replace",2025-02-20,2025-03-04,Badalgama,,,
2025/2/R/161,PTR-06,"Fixed batteies, elec. Repair, wash & grease, chk all oil levels",2025-02-20,2025-03-04,Badalgama,,,
2025/2/R/162,ZA-6069,"Final drive repair-replace sun wheel, planetary wheel with bearings",2025-02-20,2025-02-27,cep-03,,,
2025/2/R/163,PD-7049,"P/S oil leak repair, Steering rack repair-Ex, check allignment",2025-02-21,2025-02-27,Erawur,,,
2025/2/R/164,AC-41,"check running defect, engine governing system",2025-02-21,2025-02-27,Badalgama,,,
2025/2/R/165,MG-09,"replace guide rail, hub bearing, seal, bearing cap",2025-02-21,2025-03-02,cep-03,,,
2025/2/R/166,MG-10,"replace guide rail, hub bearing ,grease seal",2025-02-21,2025-03-01,cep-03,,,
2025/2/R/167,MG-07,replace guide rail,2025-02-21,2025-03-01,cep-03,,,
2025/2/R/168,LI-3402,clutch lever repair,2025-02-21,2025-06-17,Badalgama,,,
2025/2/R/169,LN-8278,"boom cable repair, change winch gear oil",2025-02-23,2025-02-23,Badalgama,,,
2025/2/R/170,PH-6744,Elec. Repair,2025-02-23,2025-02-24,cep-03,,,
2025/2/R/171,LM-2298,Brake repair-SSO,2025-02-23,2025-02-24,cep-03,,,
2025/2/R/172,SR-18,"Bonnet repair, bonnet jack 2",2025-02-23,2025-03-04,cep-03,,,
2025/2/R/173,MG-09,"hub bearing, oil seal, bearing cap",2025-02-24,2025-02-28,cep-03,,,
2025/2/R/174,AC-37,starter motor repair,2025-02-24,2025-02-28,cep-03,,,
2025/2/R/175,PD-6917,"suspension & steering sys. Repair, D-bush, link end bush, brake pads, repaired shockabsorber, silensor mounts, rack end, strut rod bush, upper arm & lower arm bushes",2025-02-24,2025-02-27,cep-03,,,
2025/2/R/176,LA-9208,"replace tie rod bar(center link), propellar shaft u-joint",2025-02-25,2025-02-25,Badalgama,,,
2025/2/R/177,LK-2276,"vaccume leak, PTO defect, replace PTO engage wheel",2025-02-25,2025-02-27,Ruwanwella,,,
2025/2/R/178,CR-01,"Alternator repair, replace diode plate, field coil repair",2025-02-26,2025-03-03,cep-03,,,
2025/2/R/179,HEX-39,Alternator repair,2025-02-26,2025-03-04,Ruwanwella,,,
2025/2/R/180,RA-3051,Alternator repair,2025-02-26,2025-03-02,Ruwanwella,,,
2025/2/R/181,LK-2366,"Leaf spring repair, replace brake liner F/R, hub greasing",2025-02-27,2025-03-07,Ruwanwella,,,
2025/2/R/182,FL-03,fan belt repair,2025-02-26,2025-02-28,Badalgama,,,
2025/2/R/183,PJ-6376,replace alternator oil seal,2025-02-28,2025-02-28,Badalgama,,,
2025/2/R/184,HU-5097,replaced F-LH hub bearing with seal,2025-02-28,2025-03-01,Badalgama,,,
2025/3/R/185,48-4849,"Repaired brake lights, replace parking brake lever",2025-03-02,2025-03-02,Badalgama,,,
2025/3/R/186,LL-1782,Replace fog lights,2025-03-02,2025-03-02,Badalgama,,,
2025/3/R/187,LK-5041,starter motor repair,2025-03-02,2025-03-02,Badalgama,,,
2025/3/R/188,LD-05,starter motor repair-replace clutch assy.,2025-03-03,2025-03-07,Badalgama,,,
2025/3/R/189,BET-3772,"servcie, meter cable",2025-03-03,2025-03-03,Badalgama,,,
2025/3/R/190,HEX-40,undercarriage repair,2025-03-04,2025-03-08,cep-03,,,
2025/3/R/191,SR-11,replace drum mounts 14 nos,2025-03-03,2025-03-14,cep-03,,,
2025/3/R/192,SR-13,replace drum mounts-2nos,2025-03-03,2025-03-04,kilinochchi,,,
2025/3/R/193,SR-06,Drum mount replacing,2025-03-03,2025-03-05,cep-03,,,
2025/3/R/193-1,LP-1709,Poor pulling force,2025-03-04,2025-03-08,cep-03,,,
2025/3/R/194,28-4314,"Accelerator cable repair, bonnet cable fixing",2025-03-05,2025-03-05,Badalgama,,,
2025/3/R/195,PJ-6376,"chk Spring bush, E/mounts, starter motor repair, wash & grease",2025-03-08,2025-03-14,Badalgama,,,
2025/3/R/196,ZA-8033,"Brake booster, clutch booster repair,truck mixture water pump seal kit, bearing replacement",2025-03-05,2025-03-09,cep-03,,,
2025/3/R/197,1T roller,"service, chk engine, fuel filter assy., hy. hose, chk working condition",2025-03-05,2025-03-08,Batticaloa,,,
2025/3/R/198,BET-3726,"chassis repair, side mirror, brake cable, meter cable, head light bulb, oil burnt-not received approval from HO to repair",2025-03-05,2025-03-20,Batticaloa,,,
2025/3/R/199,BIE-8543,"gear shaft, side stand, foot rack accident repair, S/M cable, oil burnt-not received approval from HO to repair",2025-03-05,2025-03-09,Batticaloa,,,
2025/3/R/200,LH-5586,"Gear box housing damage, propellar shaft yoke damages, air leak, clutch R/kit UP/Down, alternator repair, lights",2025-03-05,2025-03-22,cep-03,,,
2025/3/R/201,LL-0936,"Fuel filter head, replace clutch plate, pressure plate, clutch bearing, gear box mount",2025-03-05,2025-03-14,Raththota,,,
2025/3/R/202,CR-02,Alternator field coil re-winding,2025-03-05,2025-03-07,cep-03,,,
2025/3/R/203,LA-9208,Tie rod ball joint repair,2025-03-08,2025-03-09,Badalgama,,,
2025/3/R/204,LK-5041,"Elec. Repair-wiring defect, replace S/meter cable, Fixed hr meter, 423266Km",2025-03-08,2025-03-25,Badalgama,,,
2025/3/R/205,HEX-43,Bucket collar bush 80*130mm,2025-03-08,2025-03-09,cep-03,,,
2025/3/R/206,PA-6399,Engine repair - insurance work,2025-03-08,2025-04-20,Batticaloa,,,
2025/3/R/207,LM-6653,"winch repair, replace water temp. plug",2025-03-08,2025-03-18,Batticaloa,,,
2025/3/R/208,LP-1567,Accident repair-Autobacs,2025-03-08,2025-03-21,cep-03,,,
2025/3/R/209,HEX-18,"Swival oil leak, battery post filling",2025-03-10,2025-07-02,Raththota,,,
2025/3/R/210,ZA-6255,"chk, service, wiring",2025-03-15,2025-06-22,Badalgama,,,
2025/3/R/211,28-4314,"meter board repair, bonnet cable, hand brake, p/S pump hose, rear door repair, service, suspension repair",2025-03-16,2025-03-27,Badalgama,,,
2025/3/R/212,"porker vibrator, water pump","carb clean, replace air filter, oil change, spark plug",2025-03-10,2025-03-10,Badalgama,,,
2025/3/R/213,TR-20,"replace carb., spark plug, change E/oil",2025-03-10,2025-03-10,Badalgama,,,
2025/3/R/214,325-5120,Diesel tank cleaning,2025-03-11,2025-03-13,Badalgama,,,
2025/3/R/215,LO-7183,starter motor repair-replace brush set & armature,2025-03-11,2025-03-11,cep-03,,,
2025/3/R/216,GL-0019,diesel leak from injector-2nos,2025-03-11,2025-03-14,Badalgama,,,
2025/3/R/217,PA-6398,"fuel sys. Repair, elec. Repair, chk clutch & gear lever",2025-03-11,2025-03-15,Batticaloa,,,
2025/3/R/218,LB-4824,"signal light, wiper",2025-03-11,2025-03-11,Ruwanwella,,,
2025/3/R/219,WQ-9941,Abnormal noise from engine- replace timing chain adjuster,2025-03-11,2025-03-20,Ruwanwella,,,
2025/3/R/220,HEX-39,Alternator repair-colombo Upali motor,2025-03-11,2025-03-13,Ruwanwella,,,
2025/3/R/221,SR-11,returned drum mounts supplied by Mount House Colombo 3/3/25 . Fixed new mounts 14nos,2025-03-11,2025-03-14,cep-03,,,
2025/3/R/222,ZA-7291,Rear Engine starter motor repair-Kamal,2025-03-11,2025-03-18,cep-03,,,
2025/3/R/223,LB-01,"Alternator repair-Kamal, replace diode plate",2025-03-12,2025-03-15,Abanpola,,,
2025/3/R/224,LN-8278,"replace fuel filter, tightened boom mounting bolt",2025-03-14,2025-03-16,Badalgama,,,
2025/3/R/225,MG -Mr Thilina,"Hose repaired, brake repair, elec. Repair",2025-03-11,2025-03-18,Badalgama,,,
2025/3/R/226,LP-1582,Alternator repair-replace bearing,2025-03-14,2025-03-19,Badalgama,,,
2025/3/R/227,FL-03,"starter motor repair-armature, brush set",2025-03-14,2025-03-19,Badalgama,,,
2025/3/R/228,57-3062,"Pinion oil leak,AC repair- 25.03.2025",,,Badalgama,cancel,,
2025/3/R/229,PTR-08,tyre punch,2025-04-22,2025-04-26,cep-03,,,
2025/3/R/230,HEX-36,"boom jack line boring,  bucket pin bush, F/axel seal, tie rod end, Elec. (light, horn), parking brake, cabin glass",2025-03-17,2025-04-01,Ruwanwella,,,
2025/3/R/231,LP-1580,"Gear box major repair, AC repair",2025-03-17,2025-03-30,Batticaloa,,,
2025/3/R/232,LM-7942,Propellar shaft repair,2025-03-17,2025-03-28,Batticaloa,,,
2025/3/R/233,47-5112,Driving seat repair,2025-03-17,2025-03-18,Badalgama,,,
2025/3/R/234,LL-1782,Winch repair-change winch oil,2025-03-17,2025-03-17,Badalgama,,,
2025/3/R/235,VR-61,"Replace battery 95A, wash & grease, chk all oil levels",2025-03-18,2025-03-18,Port city,,,
2025/3/R/236,SL-15,"Wash & grease, chk all oil levels",2025-03-18,2025-03-18,Port city,,,
2025/3/R/237,HEX-42,"Boom jack pin bush line bore, boom main pin bush line bore-Ex Katana",2025-03-19,2025-04-05,cep-03,,,
2025/3/R/238,LL-1782,"Replace E/mounts(4), wash & grease",2025-03-19,2025-03-24,Badalgama,,,
2025/3/R/239,SL-13,Travelling motor seal,2025-03-19,2025-03-27,Batticaloa,,,
2025/3/R/240,ZA-7968,"jack seal 2, multi jack seal, door jack, u-joint cap 4",2025-03-19,2025-03-21,Batticaloa,,,
2025/3/R/241,LB-4824,Starter motor repair-Ex,2025-03-20,2025-03-26,Ruwanwella,,,
2025/3/R/242,LK-6740,Starter motor repair-Ex,2024-03-20,2025-03-24,Ruwanwella,,,
2025/3/R/243,HEX-43,H-repair,2024-03-20,2025-03-24,cep-03,,,
2025/3/R/244,LN-9046,"Injector pump with nozzel  service & repair, wash & grease, service, chk brake liner, air leak",2025-03-20,2025-04-07,Port city,,,
2025/3/R/245,48-4849,"Air compressor repair(replace gasket with valve plate), unloader valve",2025-03-21,2025-03-24,Badalgama,,,
2025/3/R/246,LN-8277,Elec. Repair(dim light),2025-03-21,,cep-03,cancel,,
2025/3/R/247,ZA-8445,"wash & grease, Elec. Repair, lights, chk all oil levels, adjust tie rod ends",2025-03-22,2025-03-24,cep-03,,,
2025/3/R/248,ZA-7810,"R-engine oil leak from push rods, service, shooter repair, driving seat cushion work, replace speedo meter sensor",2025-03-22,2025-03-26,cep-03,,,
2025/3/R/249,BIE-8724,replace horn,2025-03-24,2025-03-30,Badalgama,,,
2025/3/R/250,PR-1504,Brake repair,2025-03-24,2025-03-25,Badalgama,,,
2025/3/R/251,LP-1571,Injector knock-dimo siyabalape 26.04.2025,2025-03-24,2025-06-18,Batticaloa,,,
2025/3/R/252,LL-0936,"Brake repair, replace brake liners, brake washers",2025-03-25,2025-03-26,Raththota,,,
2025/3/R/253,LT-21,"Servcie, chk lights with cables, generator coil re-winding",2025-03-25,2025-04-08,Badalgama,,,
2025/3/R/254,LO-5981,"Clutch repair-pressure plate, clutch liner",2025-03-27,2025-04-08,cep-03,,,
2025/3/R/255,LO-7180,clutch plate re-lining,2025-03-27,2025-03-29,cep-03,,,
2025/3/R/256,LK-5586,clutch repair,2025-03-27,2025-04-05,cep-03,,,
2025/3/R/257,325-5120,clutch master & slave pump replace,2025-03-25,2025-03-27,Badalgama,,,
2025/3/R/258,TM-13,"Fuel sys. Repair-chked fuel pump by supplying directly & observed no defect, then chked fuel pipe lines 7 tank filter blocked, cleaned & repaired, after that apply load to mixer drum & chked -ok, machine operates normally.injector pump has no governor defect.",2025-03-25,2025-03-25,Ududumbara,,,
2025/3/R/259,DAH-2229,"Flywheel facing, pressure plate, clutch plate, clutch bearing",2025-03-28,2025-03-28,cep-03,,,
2025/3/R/260,LI-7701,fixed recondition power steerig pump,2025-03-28,2025-03-29,cep-03,,,
2025/3/R/261,LP-1720,"AC repair, fan belt 8PK-2120",2025-03-28,2025-03-29,cep-03,,,
2025/3/R/262,LK-2366,"clutch repair-replace clutch plate, clutch master cylinder R/kit, slave cylinder R/kit",2025-03-28,2025-04-02,Ruwanwella,,,
2025/3/R/263,DAH-2230,"Fuel sys. Repair-replace high pressure pump by site, injector service & repair, repaired old high pressure pump & fixed to cab",2025-03-28,2025-04-04,Muthur plant,,,
2025/3/R/264,SL-02,"Fuel mixed with E/oil, ",2025-03-28,2025-03-31,Batticaloa,,,
2025/3/R/265,HU-5097,"E/oil leak repair, replace oil hose from engine to alternator",2025-03-28,2025-03-28,Badalgama,,,
2025/3/R/266,GE-144,chk & repair,2025-03-28,,Badalgama,,,
2025/3/R/267,LM-7949,"clutch plate re-lining, pressure plate facing, needle bearing change, top shaft welding filling & lathe work, clutch bearing bushing",2025-03-28,2025-04-01,cep-03,,,
2025/3/R/267-1,LL-0936,Brake repair-replace vaccum cylinder piston & ring set with bore,2025-03-29,2025-03-31,Raththota,,,
2025/3/R/268,LH-5586,king pin repair,2025-03-29,2025-04-23,cep-03,,,
2025/3/R/269,LO-7184,king pin repair,2025-03-29,2025-04-30,cep-03,,,
2025/3/R/270,LM-5721,king pin repair,2025-03-30,2025-04-03,cep-03,,,
2025/3/R/271,ZA-8445,pinion oil leak,2025-04-01,,Moragahakanda,cancel,,
2025/3/R/272,LM-7942,Air dryer R/kit,2025-03-31,2025-04-08,Batticaloa,,,
2025/3/R/273,PWG-01,Fixed recondition alternator,2025-03-31,2025-04-03,Batticaloa,,,
2025/3/R/274,LD-06,windscreen repair,2025-03-31,2025-04-04,Badalgama,,,
2025/3/R/275,LD-08,"Painting, operator seat cushion, signal light",2025-03-31,2025-08-01,Badalgama,,,
2025/3/R/276,RA-3051,"Replace steering rack , shaft, cup set, alternator repair, E/oil leak from manifold",2025-04-03,2025-05-03,Ruwanwella,,,
2025/3/R/277,ASC-25,"Engine overhaul, ",2025-03-31,2025-04-08,Badalgama,,,
2025/3/R/278,LN-8278,"Brake repair, -hand brakes 901373Km",2025-03-31,2025-04-03,Badalgama,,,
2025/4/R/279,LT-18,,2025-04-01,,Batticaloa,cancel,,
2025/4/R/280,LT-20,,2025-04-01,,Badalgama,cancel,,
2025/4/R/281,LT-12,,2025-04-01,,Badalgama,cancel,,
2025/4/R/282,LM-7948,Starter motor repair-commutator repair,2025-04-01,2025-04-08,cep-03,,,
2025/4/R/283,ZA-7810,Alternator repair,2025-04-01,2025-04-01,Moragahakanda,,,
2025/4/R/284,ZA-8445,"Pinion seal, alternator repair",2025-04-01,2025-04-01,Moragahakanda,,,
2025/4/R/285,PH-3945,"A/C repair, chk oil leak",2025-04-02,2025-04-02,H/O,,,
2025/4/R/286,PD-7049,"Brake repair, Top up E/oil",2025-04-03,2025-04-07,Solution,,,
2025/4/R/286-1,LL-0920,"Engine repair, Accident repair-Auto bacs",2025-04-04,2025-06-08,cep-03,,,
2025/4/R/287,ZA-8445,"pinion oil leak, brake repair",2025-04-05,2025-04-06,Moragahakanda,,,
2025/4/R/288,LK-2276,Starter motor repair,2025-04-05,2025-04-26,Ruwanwella,,,
2025/4/R/288-1,253-2574,"Suspension repair, shockabsorber repair, uper arm & lower arm bushing, drop arm, idle arm replace",2025-04-06,2025-04-26,Batticaloa,,,
2025/4/R/289,RS-0483,"Final drive repair-replace planetary wheel ring gear, make a groove on axel, put circlip lock to avoid moving of sun gear wheel",2025-04-06,2025-04-25,Batticaloa,,,
2025/4/R/290,LM-6653,Winch repair,2025-04-07,2025-06-15,Batticaloa,,,
2025/4/R/291,SL-18,Replace drive belt,2025-04-06,2025-04-08,cep-03,,,
2025/4/R/292,28-4314,"Injector service, fuel sys. Cleaned, fuel tank, filter head, chk glow plugs circuit, change fuel filter",2025-04-06,2025-04-25,Badalgama,,,
2025/4/R/293,LP-1569,Gear box repair-dimo Kurunegala,2025-05-21,2025-06-13,cep-03,,,
2025/4/R/294,LY-4524,Head light repair,2025-04-07,2025-04-07,Badalgama,,,
2025/4/R/295,BIE-8724,replace brake cable,2025-04-08,2025-04-09,Badalgama,,,
2025/4/R/296,PH-3945,A/C repair,2025-04-09,2025-04-10,H/O,,,
2025/4/R/297,48-4849,battery charging repair,2025-04-09,2025-04-10,Badalgama,,,
2025/4/R/298,SL-18,"Pin bush repair, oil leak repair, bucket jack seal 2, upholstery repair, controll pedal pin bush repair, wash & grease, adjust RPM",2025-04-22,2024-05-07,cep-03,,,
2025/4/R/299,SL-11,"glas repair, hub seal, bucket jack seal, bucket repair, travellling motor seal kit 2, wash & grease, hy. hose, fan belt, air filter, hy. top up, bucket jack pin repair, bush replace",2025-04-21,2025-05-09,Ruwanwella,,,
2025/4/R/300,47-5112,"Ball joint repair, adjuste F/hub bearings & ball joints, replace B/pad set, shockabsorber repair-F & R",2025-04-21,2025-04-26,Badalgama,,,
2025/4/R/301,DAH-2230,"Fuel sys. Repair, injector service, replace low pressure pump, high pressure pump repair, wash & grease",2025-04-22,2025-05-03,Muthur plant,,,
2025/4/R/302,HEX-17,"AC repair, arm end bushing, bucket repair- 10605Hr",2025-04-23,2025-05-09,Batticaloa,,,
2025/4/R/303,ZA-8445,"Replace tie rod ends, greasing, adjust brakes",2025-04-23,2025-04-24,Moragahakanda,,,
2025/4/R/304,ZA-7810,"replace brake rachets, light repair, adjust brakes, greasing",2025-04-23,2025-04-24,Moragahakanda,,,
2025/4/R/305,HEX-19,"replace bottom rollers 4, track link, bush pin replace,-15nos, idler wheel broken bolt remove & replace, welding work",2025-04-24,2025-04-30,cep-03,,,
2025/4/R/306,AC-01,"starter motor repair-solenoid & pinion assy., chk & repair",2025-04-24,2025-04-26,cep-03,,,
2025/4/R/307,LO-8350,Starter motor repair-field coil burnt,2025-04-24,2025-04-30,cep-03,,,
2025/4/R/308,LJ-5203,Engine ovehaul,2025-04-24,2025-07-20,cep-03,,,
2025/4/R/309,LK-5041,"Elec. Repair(fuse burnt when operating boom) horn NW, change lage fuse-ok",2025-04-25,2025-04-25,Badalgama,,,
2025/4/R/310,LC-0434,"battery charging repair, wiper blades",2025-04-25,2025-04-26,Badalgama,,,
2025/4/R/311,LP-1571,Duplicate -2025/3/R/251,,,,,,
2025/4/R/312,LN-8278,"Adjust drag link bal joints, hand brake repair - R",2025-04-25,2025-04-26,Badalgama,,,
2025/4/R/313,LK-6738,"chk & replace all brake liners, flexible silensor, king pin -RHS, no tipping, radiator fan, door post repair- rear deck",2025-04-26,2025-05-20,Batticaloa,,,
2025/4/R/314,ZA-7925,"chk tie rod, air leak, service, tail light, dryer filter, wash & grease",2025-04-25,2025-05-07,cep-03,,,
2025/4/R/315,ZB-1047,alternator repair,2025-04-25,2025-05-03,Batticaloa,,,
2025/4/R/315-1,VR-14,"Repaired control circuit board-Ex, ignition switch, hy. hose, wash & grease, change operating seat",2025-04-25,2025-05-08,Batticaloa,,,
2025/4/R/316,51-7158,clutch master cylinder,2025-04-26,2025-04-26,Ruwanwella,,,
2025/4/R/317,AC-32,"E/oil mix with water in radiator, compressor cover body damage by site",2025-04-28,2025-06-06,Ruwanwella,,,
2025/4/R/318,LN-8277,"E/mount, boom oil leak, fix hr meter, Elec. Repair, (dash board indicators NW)",2025-04-28,2025-05-01,cep-03,,,
2025/4/R/319,1T roller,chk & repair,2025-04-28,2025-08-05,Badalgama,,,
2025/4/R/320,VR-68,Vibration motor oil leak(replace oil seal,2025-04-28,2025-05-03,Batticaloa,,,
2025/4/R/321,SR-09,Alternator repair,2025-04-29,2025-04-30,Batticaloa,,,
2025/4/R/322,MG-09,Guide rail,2025-04-29,2025-05-09,cep-03,,,
2025/4/R/323,MG-05,"Tie rod repair, Front axel center pin bush repair, king pin , jack seal,hr meter",2025-04-30,2025-07-05,cep-03,,,
2025/4/R/324,LK-4057,"Deck repair, chk brakes, service, tipping valve seal, wiper blades, wash & grease, clutch repair-clutch plate, , fixed new tail light set, horn air line",2025-04-30,2025-08-05,cep-03,,,
2025/5/R/325,AC-41,"Engine overheating, replace gasket, battery change - 2739Hrs",2025-05-02,2025-05-19,cep-03,,,
2025/5/R/326,AC-38,"Running defect, E/stop suddenly after 10min operation, service - 872Hrs, need to change air filters-2, comp. oil filter, cleaned radiator externally, max operating temp. checked 86C, replaced temp. sensor previous & fixed 5pin relay with new sensor-it will cou off machine when tem. reaches 110C",2025-05-02,2025-05-15,cep-03,,,
2025/5/R/327,WG-06,chk & repair,2025-05-02,,cep-03,,,
2025/5/R/328,LY-4524,"gear engaging defect, replace brake pad - middle wheel set",2025-05-02,2025-05-07,Badalgama,,,
2025/5/R/329,HEX-05,"replace sprocket, travelling lever bearings, fixed hr. meter, operating seat cushion",2025-05-02,2025-05-10,Erawur,,,
2025/5/R/330,LO-4816,"Replace clutch booster, chk parking brakes, tinkering, clutch repair, gear box repair, gear box pinion oil change",2025-05-02,2025-06-30,Serunuwara,,,
2025/5/R/331,LP-1712,"chasis repair, replace wiper blades, ",2025-05-02,2025-05-07,Batticaloa,,,
2025/5/R/332,48-4849,"fuel tank floater, boom swing motor bolt tightened, S/Meter cable",2025-05-02,2025-05-05,Badalgama,,,
2025/5/R/333,AC-25,"fuel sys. Repair, replace air regulator valve, attached to tailor, tube replace, service done",2025-05-02,2025-05-15,Ruwanwella,,,
2025/5/R/334,LC-0434,"S/M, F/M, H/M not work, shockabsorber replace, cabin jack seal, gear lever R/kit",2025-05-10,2025-05-30,Badalgama,,,
2025/5/R/335,DAH-2491,"servcie, Fuel sys. Repair(fuel filter and w/sep with housing changed), injector repaired by dimo, replaced high pressure pump supplied by LM perera and fixed by dimo, new high pressure pump repaired by common rail sanjeewa according to the instructions of LM perera-Dimo",2025-05-07,2025-07-30,Batticaloa,,,
2025/5/R/336,FL-03,"Brake repair, replace brake liners-F, wheel cylinder, hand brake cable, hub sea, fuel tank lock made, radiator cleaned externally, adjusted clutch",2025-05-07,2025-05-19,Badalgama,,,
2025/5/R/337,LD-06,"Replace trans. Seal, radiator leak, replace ignition switch",2025-05-08,2025-05-17,Badalgama,,,
2025/5/R/338,LM-7940,Starter motor repair,2025-05-08,2025-05-08,cep-03,,,
2025/5/R/339,47-5112,Suspension repair,2025-05-13,2025-05-20,Badalgama,,,
2025/5/R/340,HEX-23,hy. hose,2025-05-09,2025-05-09,cep-03,,,
2025/5/R/341,PA-6398,Elec. Fuel feed pump 12V,2025-05-10,2025-05-10,Batticaloa,,,
2025/5/R/342,PC-7812,"adjusted hand brakes, chk timing belt, oil eak",2025-05-11,2025-05-11,Batticaloa,,,
2025/5/R/343,LK-2366,"hy. oil leak, hub seal, PTO repair, full service",2025-05-11,2025-05-20,Ruwanwella,,,
2025/5/R/344,LK-2276,"clutch repair-clutch plate, P/plate, c/bearing, clutch booster repair, water drain valves, steering box oil leak repair-Ex Dunagaha",2025-05-11,2025-05-23,Ruwanwella,,,
2025/5/R/345,VR-10,steering jack mounting repair,2025-05-14,2025-05-15,Batticaloa,,,
2025/5/R/346,48-4849,"Engine minor repair, head facing, replace in,Ex valves, 3rd piston seized, ",2025-05-15,2025-06-06,Badalgama,,,
2025/5/R/347,AC-01,"Alternator repair-Ex, fixed recondition alternator, fan belt, starter motor repair- Ex kamal",2025-05-15,2025-07-21,cep-03,,,
2025/5/R/348,ZB-1047,Alternator repair-recondition alternator,2025-05-15,2025-05-17,Batticaloa,return previously sent recondition alternator to site,,
2025/5/R/349,SL-06,"Replace drive belt & belt adjuster, elec. Repair",2025-05-15,2025-06-18,Batticaloa,,,
2025/5/R/350,PTR-09,"Tyre change , chk & repair",2025-05-15,,Badalgama,,,
2025/5/R/351,AC-27,Engine overheating,2025-05-15,2025-05-28,Ruwanwella,,,
2025/5/R/352,LK-5586,"white smoke, ignition switch, air leak , brake liner ,hub oil seal",2025-05-20,2025-07-03,cep-03,,,
2025/5/R/353,ZA-2608,"Low pulling power, boom jack lowering",2025-05-20,2025-06-28,cep-03,,,
2025/5/R/354,PA-4879,"fan clutch, accelerator cable, starter motor repair, elec. Fuel pump, SSO",2025-05-16,2025-05-18,Batticaloa,,,
2025/5/R/355,ZA-7925,"blocked fuel sys., ",2025-05-16,2025-05-16,Moragahakanda,,,
2025/5/R/356,ZA-7810,replace brake rachet,2025-05-16,2025-05-17,Moragahakanda,,,
2025/5/R/357,LL-1782,"Adjusted brakes, wash & grease",2025-05-17,2025-05-17,Badalgama,,,
2025/5/R/358,VR-71,"Travelling sys. Repair,replace parking solenoid",2025-05-17,2025-07-16,cep-03,,,
2025/5/R/359,PD-7049,"chk suspension sys., service",2025-05-18,2025-05-18,Solution,,,
2025/5/R/360,LM-2298,"adjust brakes, repaired b/oil tank",2025-05-19,2025-05-20,Badalgama,,,
2025/5/R/361,DAH-2228,"fuel sys. Repair- replace high  & low pressure pumps, injector service & repair, fuel filter change, wash & grease",2025-05-19,2025-05-23,A/Team,,,
2025/5/R/362,LN-8278,"Brake repair-Rear brake booster R/kit, removed brake drums, adjust brakes",2025-05-20,2025-05-23,Badalgama,,,
2025/5/R/363,LK-6740,"Door repair-accident, kin pin, clutch, spring pin bush, service, p/S oil leak",2025-05-20,2025-10-04,Ruwanwella,,,
2025/5/R/364,VR-12,"chk vibration & all oil levels, fix new battery, chk hr meter, battery charging 4005Hr",2025-05-20,2025-05-23,Batticaloa,,,
2025/5/R/365,ZB-1547,Silensor repair & cleaning,2025-05-20,2025-05-20,Ruwanwella,,,
2025/5/R/366,ZA-7968,F/hub repair-tie rod end welding work,2025-05-20,2025-05-23,Batticaloa,,,
2025/5/R/367,Muthur plant,oil seal & sleeve making-2 nos,2025-05-20,2025-05-21,Muthur plant,,,
2025/5/R/368,ZA-2963,Fuel feed pump,2025-05-20,2025-05-22,Ruwanwella,,,
2025/5/R/369,PD-4739,Accident repair-Autobacs,2025-05-20,2025-06-30,Raththota,,,
2025/5/R/370,PA-6399,Accident repair-Autobacs,2025-05-20,2025-06-05,Batticaloa,,,
2025/5/R/371,LA-9208,Accident repair-Autobacs,2025-05-20,,Badalgama,cancel,,
2025/5/R/372,LM-6653,"service, change pinion, gear box oil, hr .meter repair-ok 13686Hr",2025-05-20,2025-05-22,Batticaloa,,,
2025/5/R/373,PC-7812,"diesel tank cleaning, feed pump assy, battery, tappet cover oil leak, turbo repair, ",2025-05-20,2025-05-27,Batticaloa,,,
2025/5/R/374,PR-1504,Alternator housing repair,2025-05-21,2025-06-05,Badalgama,,,
2025/5/R/375,Diesel bowser,Diesel supply meter housing repair,2025-05-21,2025-06-05,cep-03,,,
2025/5/R/376,LO-5985,flywheel ring gear welding with flywheel,2025-05-21,2025-05-21,cep-03,,,
2025/5/R/377,40-2955,"Tinkering & painting-Autobacs, door  winder , door handle",2025-05-21,2025-06-05,Badalgama,,,
2025/5/R/378,LB-4824,Starter motor repair-Ex,2025-05-22,2025-05-26,Ruwanwella,,,
2025/5/R/379,HEX-39,Alternator repair,2025-05-22,2025-05-27,Ruwanwella,,,
2025/5/R/380,51-7158,"Tinkering & painting-Autobacs, E/oil burning, chk clutch, service",2025-05-22,,Ruwanwella,,,
2025/5/R/381,BET-3772,"service, washing- 37121Km",2025-05-23,2025-05-23,Badalgama,,,
2025/5/R/382,LK-5041,gear box coupling nut & bolt tightened,2025-05-23,2025-05-23,Badalgama,,,
2025/5/R/383,LB-01,alternator repair,2025-05-23,2025-05-27,Abanpola,,,
2025/5/R/384,HEX-33,"Radiator cleaning, water reserve tank fiber, hy. hose, radiator guard net repair, air filter housing repair, turbo inter cooler & hy. cooler externally cleaned",2025-05-23,2025-05-28,kilinochchi,,,
2025/5/R/385,GE-136,"No power output,replace AVR used",2025-05-23,2025-05-27,kilinochchi,,,
2025/5/R/386,ZA-7092,Fuel feed pump,2025-05-23,2025-05-27,Abanpola,,,
2025/5/R/387,HEX-36,tie rod end assy.,2025-05-24,2025-05-25,Ruwanwella,,,
2025/5/R/388,PH-9072,Starter motor repair-commutator repair,2025-05-25,2025-05-26,cep-03,,,
2025/5/R/389,LX-1679,"Replace torque arm bush 8, all brake liners, dial plates, hub greased",2025-05-26,2025-05-31,Badalgama,,,
2025/5/R/390,HEX-28,"replace cabin glass, chk E/mounts, replace radiator hose",2025-05-26,2025-05-29,Iginimitiya,,,
2025/5/R/391,LK-5041,replace u-joint between rear 2 axels,2025-05-27,2025-05-28,Badalgama,,,
2025/5/R/392,FL-02,"clutch repair-clutch plate re-lining, clutch bearing ,flywheel & pressure plate facing",2025-05-27,2025-05-29,Fabrication,,,
2025/5/R/393,SR-06,starter motor solenoid,2025-05-27,2025-05-28,cep-03,,,
2025/5/R/394,PD-6917,Speedo meter cable,2025-05-27,2025-05-28,cep-03,,,
2025/5/R/395,VR-14,E/overheating,2025-05-27,2025-07-08,Batticaloa,,,
2025/5/R/396,MG-15,"replace jack seal, jack shaft repair-2",2025-05-27,2025-06-01,Batticaloa,,,
2025/5/R/397,VR-68,vibrator motor oil leak,2025-05-27,2025-06-01,Batticaloa,,,
2025/5/R/398,LI-7701,Gear box repair,2025-05-27,2025-06-06,cep-03,,,
2025/5/R/399,LN-9046,"Accelerator cable,chk all oil levels, air filter, greasing",2025-05-28,2025-05-30,Raththota,,,
2025/5/R/400,AP-08,screed jack seal,2025-05-28,2025-06-18,A/Team,,,
2025/5/R/401,LP-1573,Replace all brake rachets,2025-05-28,2025-05-28,cep-03,,,
2025/5/R/402,PTR-10,"Replace rear brake washers, adjust travelling chain, chk E/oil, elec repair (light, reverse horn, hr meter)",2025-05-28,2025-06-18,A/Team,,,
2025/5/R/403,SR-04,"Elec .repair(light, horn, hr meter), ",2025-05-28,2025-06-16,A/Team,,,
2025/5/R/404,PTR-06,"Radiator cleaning, travelling chain adjust, elec. Repair(reverse horn, light ,hr meter, battery charging), wash & grease , chk all oil levels",2025-05-28,2025-06-18,A/Team,,,
2025/6/R/405,LL-0936,"E/mount, air filter ,air cleaner hose, gear box coupling bolt tightening, radiator cleaning, alternator repair",2025-06-01,2025-06-06,Raththota,,,
2025/6/R/406,LP-1574,1st gear shifting defect,2025-06-02,2025-07-02,cep-03,,,
2025/6/R/407,LJ-5559,"Hub seal, grease seal, brake liner",2025-06-02,2025-06-06,cep-03,,,
2025/6/R/408,LM-6653,"Replace u-joint 2 between rear two differentials, replace clutch bearing, p/plate finger R/kit, top shaft bearing",2025-06-02,2025-06-06,Badalgama,,,
2025/6/R/409,PC-7812,"Abnormal noise fron rear brakes, replace hub bolts, battery change",2025-06-03,2025-06-03,Batticaloa,,,
2025/6/R/410,PD-7049,"fuel sys. , suspension, turbo repair",2025-06-03,2025-06-16,Solution,,,
2025/6/R/411,LO-5985,turbo hose,2025-06-03,2025-06-03,cep-03,,,
2025/6/R/412,LO-4925,oil leak near gear box,2025-06-06,2025-06-10,Solution,,,
2025/6/R/413,PA-6399,"E/mounts, ",2025-06-05,2025-06-08,Badalgama,,,
2025/6/R/414,RF-0748,"Radiator repair, tinkering, elec. Repair, chk brakes, fuel leak repair, chk service",2025-06-05,2025-06-25,Mundalama estate,,,
2025/6/R/415,51-8083,"Spares- air hose, hub bearing, grease seal, axel nut, brake shoe, clutch master & slave r/kit, shock bushes, tie rod bar repair",2025-06-05,2025-06-07,cep-03,,,
2025/6/R/416,LO-7184,tie rod end 2,2025-06-06,2025-06-09,cep-03,,,
2025/6/R/417,LO-5983,tie rod end 2,2025-06-06,2025-06-09,cep-03,,,
2025/6/R/418,LM-5720,Power steering box repair,2025-06-06,2025-06-17,cep-03,,,
2025/6/R/419,LA-1359,fuel pump rotor plates,2025-06-05,2025-06-16,cep-03,,,
2025/6/R/420,LD-8875,"clutch repair, starter motor repair, turn flywheel ring gear, clutch plate & pressure plate replace, service, fuel feed pump R/kit",2025-06-06,2025-06-14,Batticaloa,,,
2025/6/R/421,MG-04,"center pin bush repair, gear lever cover welding work, wheel cylinder boring 4nos, piston turn out 8nos, Brake system assemble, testing",2025-06-06,2025-10-25,Batticaloa,,,
2025/6/R/422,LL-1782,"Replace hub bolt,  F/LH brake wheel cylinder, brake washer, hub bearing, hub greasing",2025-06-07,2025-06-17,Badalgama,,,
2025/6/R/423,LK-2276,Power steering box repair,2025-06-07,2025-07-02,Ruwanwella,,,
2025/6/R/424,ZB-1546,Tie rod end 2-SSO,2025-06-07,2025-06-09,cep-03,,,
2025/6/R/425,TM-20,"fixed steering jack assy. Removed from   , replace steering jack seal kit",2025-06-07,2025-06-16,kilinochchi,,,
2025/6/R/426,LC-0434,"hub seal, hub with axel LHS-Rear, adjust clutch",2025-06-07,2025-06-18,Badalgama,,,
2025/6/R/427,GE-11,Slip ring ,2025-06-07,2025-06-09,cep-03,,,
2025/6/R/428,PV-6889,"spares- water pump, brake washer, dust cap, brake shoe re-lining, radiator, u-joint, center bearing",2025-06-07,2025-06-14,Batticaloa,,,
2025/6/R/429,ZA-7092,tie rod end thread & hole repair-12000,2025-06-07,2025-06-10,Abanpola,,,
2025/6/R/430,LH-5586,"Starter motor repair- field coil re-winding, brush set",2025-06-09,2025-06-17,cep-03,,,
2025/6/R/431,LO-9810,replace spring bolt(F/LH),2025-06-10,2025-06-12,Badalgama,,,
2025/6/R/432,AC-27,"E/overheating(no gasket leak, battery fixed to sold truck mixer, tyre punched, informed to use to get only air without using any equipments",2025-08-01,2025-08-23,Ruwanwella,,,
2025/6/R/433,AC-25,"E/overheating, replaced engine head-recondition, radiator cleaning",2025-06-25,2025-08-12,Ruwanwella,,,
2025/6/R/434,PJ-6376,"clutch slave pump rod, clutch master & slave pump R/kit, clutch fork",2025-06-11,2025-06-17,Badalgama,,,
2025/6/R/435,ASC-27,Engine repair,2025-06-11,2025-06-24,Ruwanwella,,,
2025/6/R/436,ZB-2587,"Engine mount 4 , changed by site",2025-05-28,2025-06-11,Ruwanwella,,,
2025/6/R/437,ZA-2964,filter head,2025-06-13,2025-06-14,Ruwanwella,,,
2025/6/R/438,ZA-0447,"fixed 95A  new battery, injector & pump repair",2025-06-12,2025-09-06,Inginimitiya,,,
2025/6/R/439,LD-05,radiator cover repair,2025-06-13,2025-06-23,Badalgama,,,
2025/6/R/440,PR-1469,side mirror,2025-06-14,2025-06-20,Badalgama,,,
2025/6/R/441,PA-6399,"adjust brakes, s/m NW, diesel tank cap",2025-06-14,2025-06-18,Badalgama,,,
2025/6/R/442,LN-8278,"S/blade repair, AC repair, b/oil leak , water leak repair",2025-06-30,2025-07-03,Badalgama,,,
2025/6/R/443,PH-3945,"AC repair, service",2025-06-16,2025-06-16,H/O,,,
2025/6/R/444,LP-1569,"pinion oil change, tipping sys. Chk",2025-06-17,2025-06-17,cep-03,,,
2025/6/R/445,DAH-2229,"S/motor repair(replace brush set with holder, armature done by site",2025-06-18,2025-06-18,cep-03,,,
2025/6/R/446,HEX-01,bucket repair,2025-06-18,2025-06-19,cep-03,,,
2025/6/R/447,LK-5041,"headlight repair, adjust clutch, fixed new speedo meter",2025-06-18,2025-06-20,Badalgama,,,
2025/6/R/448,LB-9496,"chk brakes, tipping, lights",2025-06-18,2025-06-25,Muthur plant,,,
2025/6/R/449,LP-1568,Accident repair-Autobacs(air filter with housing),2025-06-18,2025-06-21,Batticaloa,,,
2025/6/R/450,ZA-6068,Starter motor repair(replace brush set with holder),2025-06-18,2025-06-21,Batticaloa,,,
2025/6/R/451,PD-6917,"sump drain nut & bolt repair, sump damage tinkering, brake hose",2025-06-20,2025-06-25,cep-03,,,
2025/6/R/452,HU-5097,"steering linkage repair, chk wheel alignment",2025-06-19,2025-06-25,Badalgama,,,
2025/6/R/453,LP-1571,Gear box repair,2025-06-19,2025-07-10,Batticaloa,,,
2025/6/R/454,ZB-2587,replace door damper jack,2025-06-20,2025-06-21,Ruwanwella,,,
2025/6/R/455,LJ-5559,Starter motor  repair-ex,2025-06-20,2025-06-22,cep-03,,,
2025/6/R/456,LI-7701,Starter motor  repair-ex,2025-06-20,2025-06-22,cep-03,,,
2025/6/R/457,LO-5983,"Drag link ball joint (40mm dia. Thread side, 27mm dia. Taper end)",2025-06-20,2025-06-24,cep-03,,,
2025/6/R/458,GL-0019,"Temp . MNW, silensor repair",2025-06-20,2025-06-26,Badalgama,,,
2025/6/R/459,WP-118,"replace pump housing, carb, water seal, plug, air filter, starting rachet",2025-06-23,2025-06-26,Batticaloa,,,
2025/6/R/460,PRP-15,"replace air filter, carb, s/plug, service",2025-06-23,2025-06-26,Ruwanwella,,,
2025/6/R/461,SL-02,"Elec. Repair(fuel shut off solenoid),operator seat repair, bucket repair, fuel sys. Repair",2025-06-23,2025-07-11,cep-03,,,
2025/6/R/462,TRN-13,"Engine overhaul, ",2025-06-23,2025-06-30,Batticaloa,,,
2025/6/R/463,TRN-07,"Engine overhaul, ",2025-06-23,2025-06-30,Batticaloa,,,
2025/6/R/464,PR-1469,"Accelerator cable, chk battery charging",2025-06-26,2025-06-30,Badalgama,,,
2025/6/R/465,SAC-02,silensor  repair,2025-06-26,2025-06-29,Solution,,,
2025/6/R/466,PA-6398,"steering link repair(link adjustment lathe work, adjust ball joint, replace idle arm bush)",2025-06-26,2025-07-01,Batticaloa,,,
2025/6/R/467,HU-5097,"Replace T-belt, ",2025-06-26,2025-07-02,Badalgama,,,
2025/6/R/468,PJ-6376,AC repair,2025-06-27,2025-06-30,Badalgama,,,
2025/6/R/469,HEX-40,Engine stop solenoid,2025-06-27,2025-06-28,cep-03,,,
2025/6/R/470,LM-5722,"Air compressor repair, P/S pump repair",2025-06-27,2025-06-27,cep-03,,,
2025/6/R/471,LN-8277,"Hy. pump R/kit , Pto propellar shaft u-joint ",2025-06-28,2025-06-30,cep-03,,,
2025/6/R/472,LK-5041,replace clutch slave & master pump assy.,2025-06-29,2025-07-01,Badalgama,,,
2025/6/R/473,LY-4524,Cabin air baloon,2025-06-30,2025-07-05,Badalgama,,,
2025/6/R/474,SL-08,"bucket lift jack lowering, replace spool seal, jack seal",2025-07-02,2025-08-07,cep-03,,,
2025/7/R/475,RD-3536,Gear box repair,2025-07-02,2025-08-14,Ruwanwella,,,
2025/7/R/476,48-4849,Alternator repair,2025-07-02,2025-07-05,Badalgama,,,
2025/7/R/477,GL-0019,Head light repair(not enough light),2025-07-02,2025-08-21,Badalgama,,,
2025/7/R/478,HEX-23,"sent alternator spares,hy. pressure sensores 2 nos, finally alternator repaired by upali-colombo",2025-07-02,2025-07-03,cep-03,,,
2025/7/R/479,VR-66,vibration motor  coupling,2025-07-02,2025-07-10,baticaloa,,,
2025/7/R/480,SR-09,"silensor, radiator repair, replace drum mount, wash & grease, chk service & all oil levels",2025-07-02,2025-07-07,Serunuwara,,,
2025/7/R/481,LO-7855,Speedo meter sensor-replaced by sathosa motors,2025-07-02,2025-07-03,Solution,,,
2025/7/R/482,LD-09,"alternator belt, fan belt",2025-07-02,2025-07-02,cep-03,,,
2025/7/R/483,RS-0401,4WD switch,2025-07-02,,Badalgama,,,
2025/7/R/484,LI-3851,"Door lock, service, wash & grease, fuel sys. Repair, chk brakes",2025-07-02,2025-07-12,cep-03,,,
2025/7/R/486,LN-8278,"Brake repair, engine overheating(head chk & repair, radiator cleaning0",2025-07-02,2025-07-26,Badalgama,,,
2025/7/R/487,VR-44,"Replace hy. hose 4nos , chk vibration",2025-07-02,2025-08-21,Badalgama,,,
2025/7/R/488,HEX-33,"bucket jack shaft repair, replace jack seal",2025-07-03,2025-07-09,kilinochchi,,,
2025/7/R/489,LB-4824,replace pinion with axel-recondition,2025-07-03,2025-07-11,Ruwanwella,,,
2025/7/R/490,HS-1773,replace 2 tipping jack seal by ws & sent to site,2025-07-03,2025-07-09,Muthur plant,,,
2025/7/R/491,DAH-2230,fuel system repair(3rd injector repair),2025-07-03,2025-07-09,Muthur plant,,,
2025/7/R/492,GE-83,"Fan belt 2, service, machine cleaning, chk power o/p, fixed new  2 batteries",2025-07-03,2025-07-14,Badalgama,,,
2025/7/R/493,LP-1572,"Gear box repair(1 st gear shifting),hy. filter cover",2025-07-04,2025-07-31,cep-03,,,
2025/7/R/494,SL-03,"replace axel bearing 8nos, axel seal 4, axel shaft key way repair, service, wash & grease,seat cushion",2025-07-04,2025-07-24,baticaloa,,,
2025/7/R/495,PR-1469,Engine cooling sys. Repair,2025-07-05,2025-07-06,Badalgama,,,
2025/7/R/496,LB-01,"Accident repair(replace trans, filter with oil, hy, hose)",2025-07-06,2025-07-06,Inginimitiya,,,
2025/7/R/497,LC-0434,"clutch repair(replace clutch plate, pressure plate flywheel new )",2025-07-07,2025-07-13,Badalgama,,,
2025/7/R/498,LO-7855,Ball joint repair,2025-07-07,2025-07-08,Solution,,,
2025/7/R/499,GE-01,Engine cooling sys. repair,2025-07-07,2025-07-18,cep-03,,,
2025/7/R/500,VR-10,steering jack mounting repair,2025-07-08,2025-07-27,Marawila,,,
2025/7/R/501,SL-13,Replace travelling motor seal-2nos,2025-07-08,2025-07-10,baticaloa,,,
2025/7/R/502,ZA-8445,starter motor repair-ex kamal,2025-07-08,2025-07-12,cep-03,,,
2025/7/R/503,Asphalt cutter,Engine overhaul,2025-07-08,2025-08-02,Asphalt team,,,
2025/7/R/504,VR-23,"steering jack seal, wire harness repair, fuel feed pump(elec.)",2025-07-08,2025-09-05,Badalgama,,,
2025/7/R/505,MG-18,"tandem repair(replaced axel bolt 12.9 strength 18 nos , apply lock tight 423, machine was testing by applying load , removed axel cover and chk tightness of bolts again)drive chain link bush & pin turning out  ",2025-07-11,2025-07-17,cep-03,,,
2025/7/R/506,HEX-21,"track line pin welding, hr meter chk, lights, hy. leak repair, wash & grease, boom lower pin & arm end bushes worn out due to not applying grease",2025-07-10,2025-07-27,baticaloa,,,
2025/7/R/507,LY-4524,"water leak, indicate steering wheel repair, tailor control, gear engaging defect",2025-07-12,2025-09-22,Badalgama,,,
2025/7/R/508,HEX-17,silensor repair,2025-07-12,2025-07-15,Marawila,,,
2025/7/R/509,LX-1679,"Brake repair, park light",2025-07-12,2025-10-02,Badalgama,,,
2025/7/R/510,GE-104,"service, chk power o/P, fuel tank cleaning, supply fuel 40L",2025-07-12,2025-07-26,Badalgama,,,
2025/7/R/511,HEX-33,Replace accelerator actuator,2025-07-12,2025-07-16,kilinochchi,,,
2025/7/R/512,28-4314,P/S hose repalce,2025-07-13,2025-07-14,Badalgama,,,
2025/7/R/513,HEX-22,"track link set, track plate, plate bolt, master pin supply to site",2025-07-15,2025-05-17,baticaloa,,,
2025/7/R/514,ZA-2608,replace 5 nos jack seal,2025-07-15,2025-07-17,baticaloa,,,
2025/7/R/515,ZA-7965,replace 3 nos jack seal,2025-07-15,2025-07-17,baticaloa,,,
2025/7/R/516,MG-15,Door jack 2nos,2025-07-15,,baticaloa,,,
2025/7/R/517,VR-54,radiator fan-sent VR-64 fan to site,2025-07-15,2025-07-17,baticaloa,,,
2025/7/R/518,SL-13,sent wheel stud & bolt 4nos,2025-07-15,2025-07-17,baticaloa,,,
2025/7/R/519,PA-4879,"Door lock , wash & grease",2025-07-15,2025-07-17,baticaloa,,,
2025/7/R/520,PH-6742,Alternator repair-Ex kamal,2025-07-15,2025-07-16,cep-03,,,
2025/7/R/521,GE-05,Rear crank oil seal,2025-07-15,2025-08-12,Badalgama,,,
2025/7/R/522,LP-1571,"fuel sys. Repair, hy. return filter change, top up hy. oil",2025-07-15,2025-07-16,kilinochchi,,,
2025/7/R/523,LI-3396,replace clutch slave pump,2025-07-15,2025-07-16,kilinochchi,,,
2025/7/R/524,LB-4824,Replace brake disc F/LH,2025-07-16,2025-07-16,Ruwanwella,Done by site,,
2025/7/R/525,LK-2366,Replaced rear axel -recondition,2025-07-16,2025-07-18,Ruwanwella,,,
2025/7/R/526,LC-0434,"Replace R/LH hub seal, air leak repair",2025-07-16,2025-07-17,Badalgama,,,
2025/7/R/527,PH-6744,"Engine repair(fixed reconditioned engine 4JG2),Clutch repair(clutch spares JMC) accident repair-windscreen Autobacs, Buffer fiber works, air filter assy changed & modified, silensor modified",2025-07-18,2025-09-09,baticaloa,,,
2025/7/R/528,325-5120,E/oil mixed with water,2025-07-18,2025-07-31,Badalgama,,,
2025/7/R/529,49-5294,chk working condition,2025-10-01,,baticaloa,MR,,
2025/7/R/530,HEX-23,"machine shutdown when operating arm, boom. Unable to travell",2025-07-17,2025-08-13,cep-03,,,
2025/7/R/531,VR-14,"Servcie, check for overheating-no defect, ",2025-07-19,2025-07-23,Marawila,,,
2025/7/R/532,LD-06,"replace brake caliper seal kit in axel, gear lever cable repair",2025-07-20,2025-07-31,Badalgama,,,
2025/7/R/533,LO-9810,"replace F/brake pads, rear brake liners & all hub greasing, replaced body lights",2025-07-29,2025-08-01,Badalgama,,,
2025/7/R/534,LP-1582,"Black smoke, low power,replaced engine head by Dimo siyabalape",2025-08-13,2025-10-16,Batticaloa,,,
2025/7/R/535,HEX-17,Bucket teeth repair,2025-07-21,2025-07-22,Marawila,,,
2025/7/R/536,VR-71,"hy. leak repair- solenoid O-ring replaced, done by service team",2025-07-21,2025-07-21,Marawila,,,
2025/7/R/537,SR-09,"replaced steering jack seal, elec. Repair(solenoid)",2025-07-20,2025-07-23,Marawila,,,
2025/7/R/538,MG-05,Battery charging repair-fixed wire damages,2025-07-22,2025-07-23,Marawila,,,
2025/7/R/539,LK-5586,"Clutch repair(replace flywheel disk, clutch plate, clutch bearing, withdrawal plate, pilot bearing , bell housing bolts, ), brake repair-replace brake chamber R/kit 4 Nos(rear)",2025-07-21,2025-08-05,cep-03,,,
2025/7/R/540,LL-1782,"Hy. filter changed with hy. oil, repaired hy. leak, replaced hub bolt 10nos",2025-07-22,2025-07-27,Badalgama,,,
2025/7/R/541,LM-6653,"replaced water pump, Radiator hose 2, thermostat upper housing, temp . Sensor, water reserve tank",2025-07-23,2025-07-30,Batticaloa,,,
2025/7/R/542,LO-7855,"A/C repair, alternator repair & service done by c-com",2025-07-23,2025-07-26,Solution,,,
2025/7/R/543,MG-08,replace rail guide,2025-07-26,2025-07-30,Batticaloa,,,
2025/7/R/544,MG-17,"fuel sys. Repaired by C-Com, sent w/sep 2, fuel filters to wadakada",2025-07-23,2025-07-26,cep-03,,,
2025/7/R/545,MG-13,replace rail guide,2025-07-26,2025-07-30,Batticaloa,,,
2025/7/R/546,LP-1568,Air filter sent to Batticaloa,2025-07-26,2025-07-28,Batticaloa,,,
2025/7/R/547,LP-1713,w/sep filter sent to cep-03,2025-07-27,2025-07-30,cep-03,,,
2025/7/R/548,air compressor,elec. Repair,2025-07-28,2025-07-29,batching plant,,,
2025/7/R/549,LM-2298,"Brake repair, adjusted brakes, chk clutch",2025-07-28,2025-08-05,cep-03,,,
2025/7/R/550,RA-3052,"checked battery charging, wash & grease, changed gear oil",2025-07-30,2025-07-31,baticaloa,,,
2025/7/R/551,GE-39,"Engine repair(crankshaft re-grinding, replace piston with ring set, con rod bearing, crank bearing",2025-07-31,2025-08-09,Badalgama,,,
2025/7/R/552,LI-2427,"replace king pin, tipping jack seal, wash & grease",2025-07-29,2025-08-02,cep-03,,,
2025/7/R/553,LK-2366,"replace rear both brake chamber R/kit, hy. Suction  hose oil leak repair, MNW",2025-07-29,2025-08-05,Ruwanwella,,,
2025/7/R/554,LK-4059,"Gear box repair(replace reverse gear fork, needle bearings), clutch repair(clutch liner,flywheel disc, c/bearing)",2025-07-30,2025-08-07,Batticaloa,,,
2025/7/R/555,LI-3396,Fuel sys. Repair,2025-07-30,2025-07-30,kilinochchi,,,
2025/7/R/556,LO-7180,"Engine overheating(remove water in cooling system, cleaned blocked water hose, need to change fan clutch gel, & radator cleaning",2025-07-30,2025-07-30,kilinochchi,,,
2025/7/R/557,ZB-2587,replaced oil pressure plug,2025-07-30,2025-07-30,Ruwanwella,,,
2025/7/R/558,LI-3401,"replaced rear all brake liners(same with tata1615), hub seal inner & outer. Parts sent to site)",2025-07-30,2025-07-31,Muthur plant,,,
2025/7/R/559,AC-09,"Replace engine mounts L-2, S-2. SSO",2025-07-30,2025-07-30,Batticaloa,,,
2025/7/R/560,LP-1713,"Low pulling force, -dimo kurunegala",2025-07-30,2025-07-31,cep-03,,,
2025/7/R/561,LM-5723,"Clutch repair9new p/plate, clutch plate, c/bearing, flywheel facing, top shaft repair- Lathe & welding work",2025-07-30,2025-08-01,cep-03,,,
2025/7/R/562,MG-13,AC fan motor repair,2025-07-30,2025-08-15,cep-03,,,
2025/7/R/563,LD-02,transmission repair,2025-07-30,,Badalgama,,,
2025/7/R/564,LP-1568,"replace PTO valve, changed pinion & gear box oil, wash & greased, air pressure meter repaired",2025-07-31,2025-08-05,Marawila,,,
2025/7/R/565,LC-6767,"Gear lever repair, Brake foot valve R/kit, clutch master pump -New",2025-07-31,2025-08-02,Solution,,,
2025/8/R/566-1,LP-1571,"Fuel sys. Repair(changed fuel filters, cleaned fuel lines, adjusted rail pressure, adblue system repair- error clearing by scan tool) done by dimo jafna",2025-08-01,2025-08-13,kilinochchi,,,
2025/8/R/566,SR-09,Starter motor repair(replaced solenoid),2025-08-01,2025-08-01,Marawila,,,
2025/8/R/567,LB-01,"Wire harness repair- done by ex. Elec. By site, replaced ignition switch  by ex .elec. 31.07.2025 informed by operator, alternator repaired by Kamal katana",2025-08-02,2025-08-08,Abanpola,,,
2025/8/R/568,CR-02,Alternator repair-sent vinod to check wire harness,2025-08-02,2025-08-02,cep-03,,,
2025/8/R/569,CR-01,"swival joint seal sent to site, sucker shaft repair",2025-08-02,2025-08-05,cep-03,,,
2025/8/R/570,PC-01,"S-valve seal, concrete pipe seal 30 nos sent to site",2025-08-02,2025-08-09,cep-03,,,
2025/8/R/571,LC-0434,"fixed hr meter, elec. Repair",2025-08-04,2025-08-04,Badalgama,,,
2025/8/R/572,LI-7618,"Clutch repair(new clutch plate, pressure plate, top shaft bearing, facing flywheel) SSO",2025-08-02,2025-08-05,cep-03,,,
2025/8/R/573,LM-7940,"Clutch repair(clutch plate re-lining, clutch bearing, p/plate disc facing,p/plate spring set, finger R/kit, flywheel facing",2025-08-02,2025-08-12,cep-03,,,
2025/8/R/574,HEX-41,"swing wheel ring gear and bearing replace, pinion wheel, track link repair, silensor, hy. leak, bucket jack pin bush, travelling motor repair, chk boom & swing controlling",2025-08-05,2025-10-13,cep-03,MJ,,
2025/8/R/575,LL-1782,"Service, brake wheel cylinder Front ,brake washer front, hub seal, deck repair, light, MNW",2025-08-05,2025-08-07,Badalgama,,,
2025/8/R/576,LN-8279,"Gear cable repair, air brake system repair, compressor head removed &  clean, cabin leveling control valve, air solenoid valve, brake booster -rear 2nos, f/brake diaphram, pneumatic hoses replaced, air dryer R/kit & brake foot valve R/kit replaced(Hino 700 E13C air dryer kit 44086-1170 (DU-05) Dryer assy- S4430-E0120",2025-08-05,2025-10-07,Badalgama,,,
2025/8/R/577,SR-13,replaced drum mount 2nos,2025-08-05,2025-08-06,kilinochchi,,,
2025/8/R/578,MG-07,jack seal 3nos replaced and sent jacks to site,2025-08-06,2025-08-07,cep-03,,,
2025/8/R/579,GE-139,defeect of power O/P,2025-08-06,,kilinochchi,,,
2025/8/R/580,57-3062,"replace F/brake pads, facing both  brake disc",2025-08-08,2025-08-10,Badalgama,,,
2025/8/R/581,48-4849,replacing gear lever ball joints,2025-08-09,2025-08-10,Badalgama,,,
2025/8/R/582,SL-15,"replace travelling motor seal kit 2nos, wash & grease, chk battery charging, all oil levels",2025-08-09,2025-08-23,Ududumbara,,,
2025/8/R/583,CR-02,"fuel system repair(diesel leak from D-valves, low level of fuel, fuel feed pump valve seat grinding",2025-08-09,2025-08-10,cep-03,,,
2025/8/R/584,LO-4822,"Clutch repair(clutch plate, c/bearing, finger R/kit, p/plate springs, clutch fork, ), PTO lever replace, wash & grease",2025-08-09,2025-08-18,Batticaloa,,,
2025/8/R/585,LO-7183,"Replaced F/RH brake chamber air hose, wash & grease, wiper blades, wiper arms",2025-08-11,2025-08-12,port city,,,
2025/8/R/586,SR-09,starting defect(fuel sys. Repair),2025-08-11,2025-08-11,Marawila,,,
2025/8/R/587,SR-13,"Coolant temp. & engine oil low pressure warning lamp indicate(radiator fan clutch locked, service done)",2025-08-11,2025-08-13,kilinochchi,,,
2025/8/R/588,LP-1569,fan belt 8PK-2124,2025-08-11,2025-08-13,kilinochchi,,,
2025/8/R/589,LP-1720,fan belt 8PK-2124,2026-08-11,2026-08-13,kilinochchi,,,
2025/8/R/590,59-5421,starting defect,2025-08-12,2025-08-13,kilinochchi,,,
2025/8/R/591,HEX-40,arm end collar bush 80*95*90mm 2nos,2025-08-12,2025-08-12,cep-03,,,
2025/8/R/592,RD-3537,"center pin spares supplied from badalgama, done by site",2025-08-12,2025-08-13,Ruwanwella,,,
2025/8/R/593,PC-01,"agitator motor , motor coupling welding & lathe work inner & outer, key way cutting",2025-08-13,2025-08-22,cep-03,,,
2025/8/R/594,LN-8277,blower motor -fixed recondition motor,2025-08-13,2025-08-22,cep-03,,,
2025/8/R/595,PD-6917,"brake booster assy. , air filter, alternator repair SSO",2025-08-13,2025-08-14,cep-03,,,
2025/8/R/596,HEX-01,track plate bolt & nut 4nos,2025-08-12,2025-08-20,cep-03,,,
2025/8/R/597,one bag mixture,"engine repair, pinion wheel, drive belt, fuel filter, structure tinkering",2025-08-13,2025-08-28,Batticaloa,,,
2025/8/R/598,Tractor bowser,replaced axel bearing inner & outer with hub greasing,2025-08-13,2025-08-13,Marawila,,,
2025/8/R/599,ZA-6255,Diesel block,2025-08-13,2025-08-13,Kimbulapitiya,,,
2025/8/R/600,PY-2408,"Alternator repair-done by site, diode plate, regulator, hose, oil seal(8400)",2025-08-13,2025-08-13,Ruwanwella,,,
2025/8/R/601,DAH-2491,starter motor repair(commutator repair),2025-08-16,2025-08-17,Badalgama,,,
2025/8/R/602,LO-4925,silensor repair(replace flexible unit),2025-08-16,2025-08-17,solution,,,
2025/8/R/602-1,SL-11,starter motor repair(pinion wheel lock fixed),2025-08-16,2025-08-18,Ruwanwella,,,
2025/8/R/603,LK-2276,"F/axel repair(hub seal, hub bearing inner , outer, lock nut , washer, hub bolt 2 nos) hub greasing",2025-08-16,2025-08-23,Ruwanwella,,,
2025/8/R/604,LI-3401,Starter motor repair,2025-08-17,2025-08-25,Muthur plant,,,
2025/8/R/605,ZA-7965,Turbocharger repair,2025-08-17,2025-08-25,Batticaloa,,,
2025/8/R/606,PA-4879,"Clutch repair(clutch plate, c/bearing, p/plate) SSO",2025-08-17,2025-08-18,Batticaloa,,,
2025/8/R/607,LP-1568,"Coolant leak from radiator-Radiator cleaned & repaired by Nainamadama , assemble & disembled by WS",2025-08-18,2025-08-18,Marawila,,,
2025/8/R/608,LK-6738,Accident repair-Autobacs,2025-08-18,2025-10-31,Batticaloa,,,
2025/8/R/609,SL-06,Replaced drive belt 6736775,2025-08-19,2025-08-19,Marawila,,,
2025/8/R/610,MG-05,Replace hr meter,2025-08-19,2025-08-19,Marawila,,,
2025/8/R/611,DAH-2231,"replace low pressure pump, high pressure pump repair, SSO",2025-08-19,2025-08-21,Serunuwara,,,
2025/8/R/612,MG-10,"jack seal, air filter, guide rail",2025-08-19,2025-09-20,cep-03,,,
2025/8/R/613,MG-17,"AC repair, indicate warning lamp",2025-08-19,,cep-03,,,
2025/8/R/614,GL-0019,Battery charging defect,2025-08-19,2025-08-21,Badalgama,,,
2025/8/R/615,LO-5981,"Replace F/R brake liners, hub greasing, SSO",2025-08-19,2025-08-20,cep-03,,,
2025/8/R/616,LO-7182,"replace drag link ball joint, tie rod end 2 nos, SSO",2025-08-19,2025-08-20,cep-03,,,
2025/8/R/617,HEX-18,Track repair(track adjuster grease leak),2025-08-20,2025-08-21,Inginimitiya,,,
2025/8/R/618,HEX-46,"Track link & pin replacing 3 nos, boom jack pin bush repair, chk all oil levels",2025-08-19,2025-08-31,Erawur,,,
2025/8/R/619,PTR-01,"Clutch repair, P/S pump pulley repair, battery & main switch checking",2025-08-20,2025-09-29,Batticaloa,,,
2025/8/R/620,CR-02,Alternator repair(replace diodes-fixed externaly),2025-08-19,2025-08-26,cep-03,,,
2025/8/R/621,LP-1568,Radiator leak repair-apply glue externally,2025-08-20,2025-08-30,Marawila,,,
2025/8/R/622,ZB-2587,"Abnormal noise, jack seal replacement, hy. Suction filter , silensor repair, chk pin bushes",2025-08-20,2025-08-23,Ruwanwella,,,
2025/8/R/623,AC-25,starter motor repair-sent AC-33 motor temporily),2025-08-20,2025-08-25,Rathmalana Airport,,,
2025/8/R/624,PH-6742,"Gear box repair(3rd gear stuck- conter shaft 4th wheel, top shaft , all bearings, lock pin, wheel lock), engine mounts, steering box oil leak repair-Ex, dash board meter (fuel , temp . MNW),",2025-08-21,2025-09-10,cep-03,,,
2025/8/R/625,51-8083,"Engine repair(replace head-reconditioned, radiator cleaning)valve seat ,guide replace, head facing by edirisinghe",2025-08-25,2025-09-18,cep-03,,,
2025/8/R/626,HEX-19,"Engine mount-8, swing wheel repair, radiator cleaning",2025-08-21,2025-08-30,cep-03,,,
2025/8/R/627,LN-8278,"Replaced injector pipe o-rings, diesel block",2025-08-21,2025-08-22,Badalgama,,,
2025/8/R/628,AC-32,,,,Ruwanwella,,,
2025/8/R/629,,Engine repair,2025-08-21,2025-08-22,Badalgama,,,
2025/8/R/630,HEX-39,"Engine overheating(Radiator cleaning, Hy. Cooler oil leak repair,) ",2025-08-23,2025-08-28,Ruwanwella,,,
2025/8/R/631,VR-53,"Wash & grease, service, chk working condition",2025-08-23,2025-08-23,Marawila,,,
2025/8/R/632,48-4849,Alternator repair-Ex Kamal,2025-08-23,2025-08-27,Badalgama,,,
2025/8/R/633,DAH-2230,Replace fuel L/P pump,2025-08-24,2025-08-28,Ruwanwella,,,
2025/8/R/634,AC-24,"Replaced compressor tank filter, compressor oil filter & air filter",2025-10-22,2025-10-25,Ruwanwella,MR,,
2025/8/R/635,LN-9046,"Adjusted drag link, tie rod ball joints, fuel sys. Defect(engine RPM slow on high mountain roads), change PTO air hose",2025-08-25,2025-08-27,Ududumbara,,,
2025/8/R/636,57-3062,"water leak(replaced water pump, fan belt, fuel floater, radiator cleaning)",2025-08-25,2025-08-27,Badalgama,,,
2025/8/R/637,LO-4822,"clutch repair(replace CMC, p/plate & flywheel disc facing)",2025-08-27,2025-09-06,Batticaloa,,,
2025/8/R/638,PH-6747,"check E/oil level, oil leak repair",2025-08-27,2025-08-30,Batticaloa,292747Km,,
2025/8/R/639,PR-1504,replace flexible silensor,2025-08-26,2025-09-04,Muthur plant,,,
2025/8/R/640,LP-1720,replace engine mounts(F),2025-08-26,2025-08-28,kilinochchi,,,
2025/8/R/641,LP-1709,Low pulling force-dimo K'gala,2025-08-26,2025-08-28,cep-03,,,
2025/8/R/642,LP-1576,"Scanning & chk elec. Sys. , replace thermostat valve, repair wire harness short cct by Dimo K'gala Rs. 9901.31",2025-08-26,2025-08-26,cep-03,,,
2025/8/R/643,LP-1569,Replace PTO lever,2025-08-27,2025-08-28,kilinochchi,,,
2025/8/R/644,HEX-21,"starter motor repair(replace brush set, field coil repair) ",2025-08-28,2025-08-29,Marawila,,,
2025/8/R/645,SL-06,"wire harness repair(Error code M 1507, M 909, M 613), service, multi bucket welding, greasing, removed multi bucket hy. Hose set, wheel fix, feed pump fix",2025-08-28,2025-10-30,Marawila,,,
2025/8/R/646,LK-5041,"king pin repair-RH, R/axel oil leak repair LH, tie rod ball joint replace, drag link R/kit, tightened F/LH hub nuts, need to replace axel bearings both sides",2025-08-28,2025-09-02,Badalgama,,,
2025/8/R/647,PC-7812,Tinkering & painting(Auto bacs),2025-08-31,2025-10-17,Lab,,,
2025/8/R/648,SR-11,"wash & grease, light repair, E/oil top up, fixed sheep foot set",2025-08-31,2025-08-31,kilinochchi,,,
2025/8/R/649,PH-0765,"steering rack repair, replace rack ends, brake pads set, rack mount",2025-08-31,2025-09-05,Ruwanwella,,,
2025/8/R/650,LP-1720,Abnormal noise from pinion,2025-08-31,2025-10-07,kilinochchi,MJ,,
2025/9/R/651,GL-0019,"Water leak repair(R/hose, water outlet made by lathe)",2025-09-01,2025-09-02,Badalgama,,,
2025/9/R/652,SL-14,"Starter motor repair(brush set, solenoid) SSO",2025-09-02,2025-09-03,cep-03,,,
2025/9/R/653,CR-01,"water pump repair(water seal, bearing, O-ring, brush set) pump assemble and sent to site",2025-09-02,2025-09-03,cep-03,,,
2025/9/R/654,PT-1569,Replace pinion assy. SSO,2025-09-02,2025-09-03,cep-03,,,
2025/9/R/655,GE-34,"Replaced exhaust manifold(imported), turbocharger checked by Mendis Kandana, turbo packing replaced",2025-09-02,2025-09-03,cep-03,,,
2025/9/R/656,28-4314,replaced LH tie rod,2025-09-02,2025-09-05,Badalgama,,,
2025/9/R/657,PH-3945,"LH caliper piston rust off, F/brake disc edge facing, chk brake pads, rear brake drum remove & cleaned, need to repair E/oil leak(crank oil seal)",2025-09-02,2025-09-03,H/O,,,
2025/9/R/658,VR-49,"service,",2025-09-02,2025-09-10,Mallawagedara Bridge,,,
2025/9/R/659,LO-4824,"Wash & grease, wiper motor repair",2025-09-04,2025-09-15,Batticaloa,,,
2025/9/R/660,LP-1567,"wash & grease, service",2025-09-04,2025-09-09,Batticaloa,,,
2025/9/R/661,TM-13,"hy, leak repair, shoote repair, tie rod , wiper, light, chk diff., hy. Oil changing intervals",2025-09-10,2025-09-27,Ududumbara,,,
2025/9/R/662,LP-1578,"head light wire harness repair( short cct), wash & grease, gear box & pinion oil change",2025-09-04,2025-09-10,Batticaloa,,,
2025/9/R/663,HEX-21,Alternator repair(replace diodes),2025-09-04,2025-09-04,Marawila,,,
2025/9/R/664,VR-10,Elec. Repair( parking doesn't release),2025-09-04,2025-09-04,Marawila,,,
2025/9/R/665,SR-11,replace drum mount 6nos,2025-09-04,2025-09-06,kilinochchi,,,
2025/9/R/666,SR-13,replace drum mounts 2nos,2025-09-04,2025-09-06,kilinochchi,,,
2025/9/R/667,ZA-2964,Replaced 4WD shaft u-joint,2025-09-04,2025-09-09,Batticaloa,,,
2025/9/R/668,HEX-17,replace sprocket wheel,2025-09-04,2025-09-06,Marawila,,,
2025/9/R/669,HEX-18,"starter motor repair-done by operator at site, travelling motor oil leak repaired by ex. Shop (Mr. Thilina), replace hy. Hose",2025-09-07,2025-09-17,Mundalama estate,,,
2025/9/R/670,SR-11,Starter motor & alternator repaired by site Rs.15500,2025-09-07,2025-09-10,kilinochchi,,,
2025/9/R/671,LM-5721,"Center bolt repair, rear deck door repair, pinion oil leak, service",2025-09-06,,Marawila,,,
2025/9/R/672,SL-08,"Bucket jack lowering, chk battery charging-ok",,,Kalalgamuwa,,,
2025/9/R/673,LK-4061,"clutch repair, low pulling force, unable to engage gears properly",,,cep-03,,,
2025/9/R/674,LO-7181,"Brake liner -Rear all, brake rachet 2 nos, hub bolt 8nos",2025-09-10,2025-09-11,cep-03,,,
2025/9/R/675,LO-7182,"Brake liner -Rear one side, hub bolt 2 nos",2025-09-10,2025-09-11,cep-03,,,
2025/9/R/676,LO-5983,Replace rear all brake liners(SSO),2025-09-10,2025-09-11,cep-03,,,
2025/9/R/677,CR-01,"Swival joint water supply pump water seal kit, brush set fixed and sent water pump to site",2025-09-10,2025-09-11,cep-03,,,
2025/9/R/678,PA-6399,"Fuel sys. Repair, change speed meter cable",2025-09-11,2025-09-13,Inginimitiya,,,
2025/9/R/679,LN-9046,"Tie rod ball joint 2, drag link R/kit 2, SSO",2025-09-11,2025-09-12,Mathale,,,
2025/9/R/680,48-4849,"Boom motor broken, fixed LC-0434 boom swing motor to this boom truck",2025-09-28,2025-09-29,Badalgama,,,
2025/9/R/681,LL-0920,"Gear box repair(disemble gear box and reduce spring tension of gear wheel lock), wash & grease, need to fix engine stop cable",2025-09-11,2025-09-13,cep-03,,,
2025/9/R/682,HEX-17,"Removed short arm boom, fixed long arm boom, AC repair, greasing, bucket repair, arm & boom joining pin lock made",2025-09-12,2025-09-18,port city,,,
2025/9/R/683,MG-09,"Front axel repair(Bearing 32018 2nos, oil seal, hub cup made)",2025-09-13,2025-09-17,Batticaloa,,,
2025/9/R/684,PT-1569,"Suspension repair(shock absorber repair, bush, bolt",2025-09-13,2025-09-16,cep-03,,,
2025/9/R/685,LN-8278,"kin pin repair(RHS only), replace clutch booster",2025-09-15,2025-09-18,Badalgama,,,
2025/9/R/686,LJ-8055,"Brake repair, gear cable repair, steel brake hose repair, hub greased",2025-09-15,2025-10-02,Badalgama,,,
2025/9/R/687,PH-3945,Engine overheating(radiator cooling fan relay repalced),2025-09-15,2025-09-16,H/O,,,
2025/9/R/688,LK-5047,"Replace clutch booster, brake booster, (brake hose replace, air brake sys. Repair, service, greasing",2025-09-15,2025-09-30,Badalgama,,,
2025/9/R/689,DAH-2491,"Replaced water pump, p/steering hose, & belt",2025-09-15,2025-09-17,Badalgama,,,
2025/9/R/690,43-1191,starter motor repair-ex kamal,2025-09-15,2025-09-19,Batticaloa,,,
2025/9/R/690-1,DAH-2228,Replace fuel tank pump-SSO,2025-09-16,2025-09-17,Asphalt team,,,
2025/9/R/691,VR-23,vibration sys. Repair,2025-09-16,2025-09-26,Marawila,,,
2025/9/R/692,VR-64,Hy. Leak from vibration motor hose union,2025-09-16,2025-09-16,Mallawagedara Bridge,,,
2025/9/R/693,VR-71,Starting defect(Elec. Sys. Repair),2025-09-17,2025-09-18,Gampaha,,,
2025/9/R/694,48-4849,"Alternator breakdown at Rathmalana, Fixed another alternator (HO-9850)& came to Badalgama",2025-09-17,2025-09-17,Badalgama,,,
2025/9/R/695,ZB-1521,"Fuel sys. Repair. Change fuel filter, AC pump cleaning",2025-09-18,2025-09-18,solution,,,
2025/9/R/696,LY-1614,Fix emergency light & fog light,2025-09-18,,Badalgama,,,
2025/9/R/697,LN-9046,Starter motor repair(repaced brush set),2025-09-18,2025-09-18,Mathale,,,
2025/9/R/697-1,LK-5041,"Replace hub seal inner & outer-Rear left, hub greasing",2025-09-18,2025-09-18,Badalgama,,,
2025/9/R/698,Asphalt cutter,Engine overhaul,2025-09-18,,Ruwanwella,S/N EH25D-2041046,,
2025/9/R/699,Concrete Mixer,Structure repair works,2025-09-18,,,,,
2025/9/R/700,VR-29,Vibrator shaft bearing replacement,2025-09-18,2025-10-02,Inginimitiya,,,
2025/9/R/701,PH-6742,"Dash board meter repair(fuel, heat meter NW), Gear lever bushing( unable to engage gears properly)",2025-09-19,2025-09-27,cep-03,,,
2025/9/R/702,LO-5984,"E/oil level decreasing & mix with fuel, clutch repair, king pin checked-ok",2025-09-30,2025-10-23,kilinochchi,MJ,,
2025/9/R/703,LO-7181,Brake shoe 2 nos(SSO),2025-09-19,2025-09-22,cep-03,,,
2025/9/R/704,LO-4822,Clutch sys. Repair,2025-09-19,2025-09-25,Batticaloa,,,
2025/9/R/705,LM-5722,"U-joint, sliding joint, PTO housing, nut & bolt-SSO",2025-09-19,2025-09-22,cep-03,,,
2025/9/R/706,ZA-8033,"Silensor repair, shooter repair, chk service, wash & grease, injector pump & injector repair, LHS seat cushion",2025-09-19,2025-10-03,cep-03,,,
2025/9/R/707,PA-3911,"Suspension repair(shockabsorber repair, bushes, etc)",2025-09-19,2025-09-22,Batticaloa,,,
2025/9/R/708,"Water Pump 2""",Engine repair,2025-09-19,2025-09-28,Batticaloa,,,
2025/9/R/709,ZB-1521,"Diesel mixed with E/oil-informed by operator, change E/oil, oil filter, fuel ac pump, checked machine -ok",2025-09-20,2025-09-20,solution,Mathale,,
2025/9/R/710,GL-0019,"Alternator repair(diode plate, regulator, bearings), replaced engine rear mount 2 nos(recondition)",2025-09-21,2025-09-29,Badalgama,,,
2025/9/R/711,DAH-2230,Unble to engage reverse gear(gear box repair-clutch plate),2025-09-22,2025-10-02,Ruwanwella,,,
2025/9/R/712,MGS-01,Replace jack seal 3nos,2025-09-20,2025-09-25,solution,,,
2025/9/R/713,LM-7949,Pinion wheel with bearings,2025-09-20,2025-10-11,cep-03,,,
2025/9/R/714,ZB-1979,Tie rod end with rack end-SSO,2025-09-20,2025-09-22,Batticaloa,,,
2025/9/R/715,LO-7184,Sent fuel filters to site(abnormal noise of injector pump due to less fuel supply),2025-09-20,2025-09-22,Batticaloa,,,
2025/9/R/716,ZA-6255,"check & repair battery charging, concrete mixing defect",2025-09-25,2025-10-08,cep-03,,,
2025/9/R/717,BIE-8543,"service, sprocket wheel, speedo meter cable, timing chain, handle cup set",2025-09-22,2025-09-29,Batticaloa,,,
2025/9/R/718,PH-6744,"Check starting, tie rods, F/buffer repair, brake repair, replace brake master pump, spring blade repair, door winder handle, hoo light",2025-09-23,2025-10-15,Badalgama,,,
2025/9/R/719,LL-1782,"Center axel repair(disemble torque arms, center axel mountings, spring blades with u-bolt, replace center pin bushes, center pin filleng & turn out, pin holder crack repair with lathe work, replaced torque arm bush 4 nos, assemble all above parts",2025-09-29,2025-10-15,Badalgama,,,
2025/9/R/720,PH-6747,"Elec. Repair, (replace fuses, checked lights)",2025-09-23,2025-09-24,Badalgama,,,
2025/9/R/721,SL-04,"Drive belt, belt tensioner-SSO",2025-09-23,2025-09-26,Batticaloa,,,
2025/9/R/722,HEX-05,Travelling motor seal With bearing-SSO,2025-09-24,2025-09-25,cep-03,,,
2025/9/R/723,LM-5720,"Starter motor repair(brush set, bush set)",2025-09-23,2025-09-26,Marawila,,,
2025/9/R/724,VR-23,Vibration system repair(checked electrical & hy system),2025-09-23,2025-09-26,Marawila,,,
2025/9/R/725,TM-17,"Steering jack seal, bucket jack seal replaced by ccom, fixed by WS badalgama",2025-09-25,2025-09-25,Batticaloa,,,
2025/9/R/726,PJ-6376,"Check clutch system, electrical system",2025-09-25,2025-09-26,Gampaha,,,
2025/9/R/727,LM-6653,"Brake repair(hub seal, rear all brake liners, brake springs), service",2025-09-25,2025-09-27,Batticaloa,,,
2025/9/R/728,LD-06,"aceelerator cable repair, hand brake cable repair, brake pad replace, ",2025-09-25,2025-10-02,Badalgama,,,
2025/9/R/729,ZA-2608,"Multi jack repair, alternator belt replace, outriger jack fix",2025-10-05,2025-10-11,Serunuwara,MR,,
2025/9/R/730,GE-04,"Water leak, check starting, service, body painting, roof making",2025-09-26,2025-10-14,kandawala Filling station,MJ,,
2025/9/R/731,HEX-28,"Arm jack pin filling & lathework, jack bore repair/ replace",2025-09-28,2025-10-09,Ruwanwella,MJ,,
2025/9/R/732,ZB-1546,"Jcb pin filling & lathework 2 nos, bushes, grease seal, shims-SSO",2025-09-27,2025-09-30,cep-03,SSO,,
2025/9/R/733,PD-6917,Gear box repair(clutch plate-springs damaged due to gear gear neutral & engaging while running,2025-09-30,2025-10-11,cep-03,MJ,,
2025/9/R/734,PA-6399,"Engine overheating(replace gasket, r/hoses), checked engine head by Edirisinghe, suspension system repair, steering linkage repair, wheel alignment",2025-10-03,2025-10-25,Inginimitiya,MJ,,
2025/9/R/735,LK-4057,"P/S oil leak, accelerator cable repair, fix door glass, rim repair, gear engaging defect repair",2025-09-29,2025-10-03,port city,MR,,
2025/9/R/736,RS-0483,Replace backhoe boom jack seal,2025-09-29,2025-10-01,Batticaloa,MR,,
2025/9/R/737,LO-5986,PTO lever-SSO,2025-09-29,2025-10-01,Batticaloa,SSO,,
2025/9/R/738,HEX-27,"Track repair( track plate bolt 4, link set 2 with bushes, pin 2, seal 4)-SSO",2025-09-30,2025-10-02,cep-03,SSO,,
2025/9/R/739,LN-8277,Mud cover repair,2025-09-30,2025-10-23,cep-03,MR,,
2025/9/R/740,PR-1469,Adjusted gear linkage,2025-09-30,2025-09-30,Badalgama,MR,,
2025/9/R/741,PH-0765,Replace clutch R/kit-up,2025-09-30,2025-09-30,Ruwanwella,MR,,
2025/9/R/742,LO-5983,Brake drum facing - nos,2025-09-30,2025-09-30,cep-03,MR,,
2025/10/R/743,GE-05,"E/oil leak from filter, fil E/oil 38ltrs",2025-10-01,2025-10-01,A/P Badalgama,MR,,
2025/10/R/744,LY-4524,"Head light repair(wires connected), buffer bolt fixed",2025-10-01,2025-10-01,Badalgama,MR,,
2025/10/R/744-1,48-4849,"Replace hub bolt, alternator repair-Kamal(Katana)",2025-10-01,,Badalgama,MR,,
2025/10/R/745,PTR-06,"Brake booster pump R/kit sent to Asphalt team Marawila, removed brake master pump(pedal pump)valve due to brake bind of machine by asphalt team",2025-10-01,2025-10-01,Marawila,MR,,
2025/10/R/746,DAH-2231,Replace fuel tank pump-SSO,2025-10-02,2025-10-05,Serunuwara,MR,,
2025/10/R/747,HEX-40,"Replace single track line with plates, top roller 4, roller bolt 16, sprocket wheel, idler wheel new-SSO",2025-10-02,2025-10-07,cep-03,MJ,,
2025/10/R/748,SL-09,Drive belt 7233409- SSO,2025-10-02,2025-10-02,Marawila,SSO,,
2025/10/R/749,HEX-19,"Alternator repair(Field coil rewinding, bearing, regulator, brush set)",2025-10-03,2025-10-10,cep-03,MJ,,
2025/10/R/750,DAH-2228,starter motor repair(brush set)-ex kamal,2025-10-04,2025-10-04,Asphalt team,MR,,
2025/10/R/751,PH-6747,"Tie rod ball joint 2, CMC washer,P/S steel hose leak repair , check wheel alignment",2025-10-04,2025-10-06,Marawila,MR,,
2025/10/R/752,LJ-8055,"Hand brake repair, fog light fix",2025-10-04,,Badalgama,MR,,
2025/10/R/753,DAH-2230,Replace CMC & CSC new,2025-10-04,2025-10-07,Batticaloa,MR,,
2025/10/R/754,FL-03,"replace hy. Hose2, top up hy. Oil",2025-10-04,2025-10-05,Badalgama,MR,,
2025/10/R/755,HEX-22,replace safety solenoid 24V,2025-10-04,2025-10-05,Batticaloa,SSO,,
2025/10/R/756,LK-5041,Clutch slave cylinder rod bolt replace,2025-10-05,2025-10-06,Badalgama,MR,,
2025/10/R/757,LO-5985,Replace ignition switch,2025-10-05,2025-10-07,kilinochchi,MR,,
2025/10/R/758,LO-7855,Replace brake liner & jack seal-C COM,2025-10-07,2025-10-13,solution,MJ,,
2025/10/R/759,HEX-17,Accident repair,2025-10-08,,port city,MJ,,
2025/10/R/760,LB-4824,E/oil burning,2025-10-08,,Ruwanwella,MJ,,
2025/10/R/761,GL-0019,"Light repair, tailor air hose repair",2025-10-09,2025-10-09,Badalgama,MR,,
2025/10/R/762,LK-5041,Starter motor repair(field coil rewinding),2025-10-09,2025-10-10,Badalgama,MR,,
2025/10/R/763,HEX-18,"Replace hy. Hose, top up hy. Oil",2025-10-09,2025-09-10,Badalgama,MR,,
2025/10/R/764,LD-05,Replaced bucket tilt jack seal kit,2025-10-11,2025-10-11,Badalgama,MR,,
2025/10/R/765,LO-7180,Engine overheating,2025-10-11,,kilinochchi,MJ,,
2025/10/R/766,Elec. Air compressor,"Low air pressure,fully cleaned maching compressor piston ring replacement, air filter, oil changed, testing",2025-10-21,2025-11-05,Muthur plant,MJ,,
2025/10/R/767,Elec. Air compressor,Low air pressure,,,Muthur plant,MJ,,
2025/10/R/768,Elec. Air compressor,Low air pressure,,,Muthur plant,MJ,,
2025/10/R/769,325-5120,Chassis repair(removed engine with gear box ),2025-10-11,2025-10-18,Badalgama,MJ,,
2025/10/R/770,PTR-10,"Brake repair, light repair",,,Asphalt team,MJ,,
2025/10/R/771,LN-8277,"Blower motor impeller repair, boom jack seal replaced, boom 2nd box repair, valve box repair, service, ",2025-10-21,2025-10-31,cep-03,MJ,,
2025/10/R/772,ZA-7290,Starter motor repair,2025-10-13,2025-10-16,Badalgama,MR,,
2025/10/R/773,ZA-8337,bucket repair,2025-10-13,,Batticaloa,MJ,,
2025/10/R/774,LO-4824,"Gear box oil changed, wiper system repair, pinion removed from vehicle & cleaned, removed cast iron piece broken ,adjust crown wheel,Pinion fix & oil filling, odometer repaired 3494.2Hrs, 74091Km",2025-10-15,2025-10-16,Badalgama,MR,need to disemble & repair gear box near future(observed small particals in gear oil,
2025/10/R/775,VR-71,oil leak from drum,2025-10-30,,Badalgama,MR,,
2025/10/R/776,VR-62,"hy. Tank nut repair, service, changed hy. Oil only, fixed VR-71 battery, ignition switch repair",2025-10-15,2025-10-24,Batticaloa,MR,,
2025/10/R/777,LT-21,Engine repair,2025-10-15,2025-10-16,Marawila,MJ,,
2025/10/R/778,MG-07,"Parking brake valve, turn out union",2025-10-13,2025-10-14,cep-03,SSO,,
2025/10/R/779,GL-0019,Replaced steering U-joint,2025-10-14,2025-10-16,Badalgama,MR,,
2025/10/R/780,HD-9005,Brake repair,2025-10-23,2025-11-01,Badalgama,MJ,,
2025/10/R/781,LX-1679,Brake repair,,,Badalgama,,,
2025/10/R/781-1,AC-01,Fan belt 8PK-1530,2025-10-14,2025-10-14,Mathale,SSO,,
2025/10/R/782,AC-38,"Engine oil sludge, check & clean engine",2025-10-15,,cep-03,MJ,,
2025/10/R/783,LK-5586,Low pulling power,,,cep-03,MJ,,
2025/10/R/784,51-8083,Check tappet noise-ok,2025-10-15,2025-10-15,cep-03,MR,,
2025/10/R/785,LN-8278,Engine cooling system repair-replaced radiator hose,2025-10-15,2025-10-16,Badalgama,MR,,
2025/10/R/786,LO-7183,"Wiper repair, check brake liners & hub greasing , check reverse switch",2025-10-23,2025-11-02,port city,MJ,,
2025/10/R/787,SL-14,Replace travelling motor seal kit  repair-done by Wadakada team ,2025-10-15,2025-10-20,cep-03,MJ,,
2025/10/R/788,SL-24,Engine stop solenoid,2025-10-15,2025-10-17,cep-03,SSO,,
2025/10/R/789,325-3448,"Gear box repair, glow plug 2, injector repair(replace all noxzzels)",2025-10-15,2025-11-04,cep-03,MJ,,
2025/10/R/790,PJ-6376,Starter motor repair-Kamal,2025-10-15,2025-10-15,Gampaha,MR,,
2025/10/R/791,57-3062,Ignition switch repair-fixed recondition switch,2025-10-15,2025-10-17,Badalgama,MR,,
2025/10/R/792,HEX-23,Engine oil pressure sensor,2025-10-16,2025-10-17,cep-03,SSO,,
2025/10/R/793,LY-4524,Emmobilizer defect-ex. Repair,2025-10-16,2025-10-18,Badalgama,MR,,
2025/10/R/794,PR-1469,Radiator fan NW-elec. Repair,2025-10-17,2025-10-17,Badalgama,MR,,
2025/10/R/795,PJ-6376,"king pin repair, brake shoe re-lining",2025-10-17,2025-10-19,Gampaha,MJ,,
2025/10/R/796,LO-7855,Hy. & filter change-done by c-com,2025-10-18,,solution,MR,,
2025/10/R/797,GE-01,Starter motor repair(Solenoid defect)-upali motor colombo,2025-10-18,2025-10-18,cep-03,MR,,
2025/10/R/797-1,HEX-40,"Idler wheel repair(grease seal, duo corn seal, spare supply & external repair)",2025-10-18,2025-10-28,cep-03,MJ,,
2025/10/R/798,LP-1578,Brake repair (Replaced rear brake rachet 2nos),2025-10-18,2025-10-22,cep-03,SSO,,
2025/10/R/799,ZB-1546,Replaced jack backhoe arm jack seal(jack sent to site),2025-10-19,2025-10-22,Ruwanwella,MR,,
2025/10/R/800,RD-6318,"Brake repair(Replaced brake pad set 2, axel oil seal 2 , brake disc assy. 2 nos, tailor hose coupling",2025-10-19,2025-10-22,Ruwanwella,SSO,,
2025/10/R/801,LM-6653,"Winch abnormal noise, stabilizer jack seal",2025-10-20,2025-11-03,Batticaloa,MJ,,
2025/10/R/802,AC-01,"Alternator repair(replaced bearings, pulley repair), adjusted air pressure, E/oil top up, 1st injector leak repair",2025-10-20,2025-10-20,Mathale,MR,,
2025/10/R/803,LD-8875,Injector pump repair,2025-10-29,2025-11-05,Batticaloa,MJ,,
2025/10/R/804,ZB-2583,Replaced U-joint2 nos,2025-10-21,2025-10-22,Batticaloa,SSO,,
2025/10/R/804-1,LY-4524,Head light repair,2025-10-20,2025-10-20,Badalgama,MR,,
2025/10/R/805,ZB-1979,"Blower motor repair(permanent magnet fix), resistor 2nos",2025-10-21,2025-10-22,Batticaloa,MR,,
2025/10/R/806,RD-3537,"Starter motor repair(replaced armature, brush set, bush set)",2025-10-21,2025-10-22,Ruwanwella,MR,,
2025/10/R/807,PC-7812,"Diesel leak repair, Wiper system repair(wiper arm nut tightened)",2025-10-22,2025-10-22,Lab,MR,,
2025/10/R/808,Asphalt cutter- S/N 2018 18003820009,"Replaced rocker arm used, top up E/oil",2025-10-22,2025-10-22,Asphalt team,MR,,
2025/10/R/809,LO-7855,Accumilation amount error- done by Sathosa Motors,2025-10-24,2025-10-31,solution,MR,,
2025/10/R/810,SR-09,Replaced elec. Fuel feed pump,2025-10-24,2025-10-27,Marawila,SSO,,
2025/10/R/811,LO-8350,Wiper motor,2025-10-24,,Marawila,SSO,,
2025/10/R/812,LO-4823,Wiper motor,2025-10-24,,Marawila,SSO,,
2025/10/R/813,LO-4822,"Wiper system repair, door lock repair, replace side mirror",2025-10-24,2025-10-29,Badalgama,MR,,
2025/10/R/814,SR-14,"replace drum mount, ignition switch, check Hr meter",2025-10-24,2025-10-31,Badalgama,MR,,
2025/10/R/815,AP-09,"fix fog lights, screed mount, wire harness repair, service, fix blower motor, gas distribution solenoid valve",2025-10-24,2025-10-29,Badalgama,MJ,,
2025/10/R/816,one bag mixture,check & repair,,,Mathale,MJ,,
2025/10/R/817,PH-6744,Engine repair(e/oil not pump to rocker arms),2025-10-26,,Badalgama,MJ,,
2025/10/R/818,ZA-7968,Tie rod end ,2025-10-26,2025-10-28,Batticaloa,SSO,,
2025/10/R/819,PR-1469,Replace F/axel bearing,2025-10-28,2025-10-29,Badalgama,MR,,
2025/10/R/820,LK-5041,Battery charging defect(alternator repair),2025-10-29,2025-10-29,Badalgama,MR,,
2025/10/R/821,TB-02,"replace bowser axel bearing in & out, grease seal, grease cup",2025-10-29,2025-10-29,Marawila,SSO,,
2025/10/R/822,VR-14,Circuit board repair(tempory fixed VR- circuit),2025-10-29,,Marawila,MR,,
2025/10/R/823,SR-09,Fuel sys. Repair(send fuel filters),2025-10-29,2025-10-29,Marawila,SSO,,
2025/10/R/824,BET-8772,"Remove engine , chassis repair",2025-10-29,2025-10-31,Badalgama,MR,,
2025/10/R/825,253-2574,"Steering system repair, P/S box repair-Ex. , starter motor repair(pinion wheel with clutch )",2025-10-29,2025-11-06,Batticaloa,SSO,,
2025/10/R/826,ZB-0050,replace crank oil seal,2025-10-29,2025-10-31,cep-03,SSO,,
2025/10/R/827,28-4314,replaced steering link end,2025-10-29,,Badalgama,MR,,
2025/10/R/828,LL-0936,replaced sliding joint by site,2025-10-29,2025-10-30,Mathale,MR,,
2025/10/R/829,HEX-19,"Arm end repair & bushing, bucket repair, bucket pin repair bush replacing",2025-10-30,2025-11-04,cep-03,MJ,,
2025/10/R/830,VR-13,"fuel cut off , elec. Fuel feed pump, fan  belt, ignition switch, hood repair, oil leak",2025-10-30,,Badalgama,MJ,,
2025/10/R/831,HEX-18,"replace grease jack nipple, idler wheel guide repair, track remove & fix, hy. Hose replace",2025-10-30,2025-10-30,Badalgama,MR,,
2025/10/R/832,Vibro Hammer,check & repaired by C-com,2025-10-31,,Badalgama,MJ,,
2025/10/R/833,LI-3402,Repring blade replacement,,,Muthur plant,SSO,,
2025/11/R/834,LK-6738,"Replace R/LH hub seal, gear lever bush set, P/Steering hose repair, replace P/S filter, clutch slave pump, cultch master pump R/kit, ",2025-11-01,2025-11-04,Batticaloa,MR,,
2025/11/R/835,ZA-7092,Tie rod end knuckle arm repair-done by site,2025-11-02,2025-11-02,Abanpola,MR,,
2025/11/R/836,LK-2366,Air brake system repair,2025-11-02,,Ruwanwella,,,
2025/11/R/837,PY-2408,"clutch repair(replace clutch plate, c/bearing), gear box mount",2025-11-02,2025-11-04,Ruwanwella,SSO,,
2025/11/R/838,CR-02,Replaced radiator hose,2025-11-02,,cep-03,SSO,,
2025/11/R/839,PD-4739,"Brake repair(replaced F/brake pads, rear brake shoes), fog light 2nos",2025-11-03,2025-11-03,Marawila,SSO,,
2025/11/R/840,TM-17,Replaced steering jack seal,2025-11-03,2025-11-03,Batticaloa,MR,,
2025/11/R/841,51-8083,Replaced brake master pump- item purchased & repair done by site,2025-11-03,2025-11-03,cep-03,MR,,
2025/11/R/842,LO-5984,abnormal noise of engine,,,Badalgama,,,
2025/11/R/843,PA-4193,"starter motor repair(brush set with holder, bearing 2nos)",2025-11-04,2025-11-04,H/O,MR,,
2025/11/R/844,AP-09,"Burner elec. Repair, screed adjustment control (hy. & elec. Repair)",2025-11-04,,Marawila,MR,,
2025/11/R/845,KC-08,starting defect,2025-11-04,,Batticaloa,,,
2025/11/R/846,DAH-2491,"clutch repair(clutch plate, clutch bearing, CMC & CSC R/kit), gear box mount, service",2025-11-06,2025-11-11,Badalgama,MJ,,
2025/11/R/847,PC-7812,"Fuel system elec. Repair(suction controll valve), service",2025-11-06,2025-11-08,Lab,MR,,
2025/11/R/848,SL-09,Bucket pin bush repair,2025-11-06,2025-11-10,Marawila,MR,,
2025/11/R/849,HEX-18,Engine overheating ( fan belt broken-6440) ,2025-11-06,2025-11-07,Badalgama,MR,,
2025/11/R/850,LD-08,"Engine overhaul, radiator cleaning, injector pump repair",2025-11-06,,Badalgama,MJ,,
2025/11/R/851,ZB-1521,"silensor repair, loader bucket pin bush repair, bucket repair, air hose",2025-11-10,2025-11-20,solution,MJ,,
2025/11/R/852,BGY-6440,"Replace chian sprocket, brake light",2025-11-07,2025-11-12,Badalgama,MR,,
2025/11/R/853,LD-05,"repalaced steering jack seal, AC repair",2025-11-07,2025-11-08,Badalgama,MR,,
2025/11/R/854,LO-7183,"Replaced tie rod ends, spring leaf lock repair, radiator repair",2025-11-10,2025-11-13,Badalgama,MR,,
2025/11/R/855,AC-41,Engine overheating,,,cep-03,MJ,,
2025/11/R/856,HU-5097,"Water leak, Engine RPM low, Service",2025-11-08,2025-11-09,Badalgama,MR,,
2025/11/R/857,HEX-29,"Disel tank guard, idle wheel repair, bucket repair, hy. Hose, fan belt, air filter, AC repair",,,Mathale,MJ,,
2025/11/R/858,LP-1571,"AC repair, changed fan clutch gel",2025-11-08,2025-11-11,kilinochchi,MR,,
2025/11/R/859,LO-5985,Starter motor repair(replaced brush set),2025-11-10,2025-11-11,Badalgama,MR,,
2025/11/R/860,PR-1504,"Abnormal noise of alternator, replace fan belt, tinkering & painting",2025-11-10,,Badalgama,MJ,,
2025/11/R/861,LI-3401,Starter motor repair,2025-11-11,,Muthur plant,MR,,
2025/11/R/862,LI-3402,"Starter motor repair, brake oil tank, spring suckle",2025-11-11,2025-12-22,Muthur plant,SSO,,
2025/11/R/863,LD-01,U-joint,2025-11-11,2025-11-12,Muthur plant,SSO,,
2025/11/R/864,FL-02,Engine stop solenoid repair,2025-12-11,2025-11-12,Fabrication,MR,,
2025/11/R/865,HEX-01,"Undercarriage repair(Replaced two tracks with plates, sprocket wheel 2, sprocket bolt 42, master pin 2, idler wheel filling)",2025-11-11,2025-11-18,cep-03,MJ,,
2025/11/R/866,48-4849,Brake repair(replaced 4 rachets),2025-11-11,2025-11-11,Badalgama,MR,,
2025/11/R/867,PH-6744,Replaced p/s hose,2025-11-12,2025-11-12,Badalgama,MR,,
2025/11/R/868,HEX-41,"Bucket line boring, hy. Hose, hy. Steel hose repair, bucket jack changed(fixed HEX-7 bucket jack)",2025-11-13,2025-11-14,port city,MJ,,
2025/11/R/869,TM-20,replaced steering jack seal,2025-11-14,2025-11-15,Batticaloa,MR,,
2025/11/R/870,MG-15,circle jack shaft replaced,2025-11-14,2025-11-22,Batticaloa,MR,,
2025/11/R/871,325-5120,"Brake repair, MNW",2025-11-14,2025-11-19,Badalgama,MR,,
2025/11/R/872,HU-5097,AC repair,2025-11-14,2025-11-15,Badalgama,MR,,
2025/11/R/873,WG-10,"Engine overheating, radiator cleaning, replaced gasket, service",2025-11-14,2025-11-18,Fabrication,MJ,,
2025/11/R/874,LO-5985,"Brake repair(replaced rear all liners-done by wadakada WS), replaced hub bolt",2025-12-10,2025-12-15,Badalgama,MJ,,
2025/11/R/875,41-1130,"Spring blade repair,door lock repair, fuel supply meter repair-claibration",2025-11-15,2025-11-22,cep-03,MR,,
2025/11/R/876,57-3062,AC repair,2025-11-14,2025-11-15,Badalgama,MR,,
2025/11/R/877,HEX-40,"Elec. Repair(emergency light, reverse horn, fog light)",2025-11-14,2025-11-15,port city,MR,,
2025/11/R/878,GE-82,"service, starting defect- hard starting, frequency & O/P voltage defect- done by Geni Buddhika ",2025-11-15,2025-11-26,Muthur plant,MJ,,
2025/11/R/879,DAH-2231,"service , steering box repair",2025-11-15,2025-11-18,Batticaloa,MR,,
2025/11/R/880,PH-9072,Brake repair(brake shoe with liner),2025-11-15,2025-11-16,cep-03,SSO,,
2025/11/R/881,GL-0019,"comprssor hose, head light, cabin jack seal",,,Badalgama,,,
2025/11/R/882,FL-02,"Radiator cleaning, jack seal 2",2025-11-17,2025-11-18,Fabrication,MR,,
2025/11/R/883,LK-6738,"Gear box repai, light S/M repair",2025-11-17,2025-12-22,Batticaloa,MJ,,
2025/11/R/884,HEX-27,arm jack seal replace-tempory fixed HEX-17 jack,2025-11-17,2025-11-18,port city,MR,,
2025/11/R/885,LP-1572,Replaced F & R brake liners,2025-11-17,2025-11-17,cep-03,SSO,,
2025/11/R/886,325-5120,Starter motor repair,2025-11-17,,Badalgama,MR,,
2025/11/R/887,HEX-37,"swing motor seal, planetary wheel bush replacing",2025-11-17,2025-11-21,cep-03,MJ,,
2025/11/R/888,48-4849,"replaced boom cable, speedo meter cable replace",2025-11-17,2025-11-25,Badalgama,MR,,
2025/11/R/889,ZA-7925,"air leak, hub seal R/LH, water pump check & repair",2025-11-18,2025-11-25,Badalgama,MR,,
2025/11/R/890,325-3448,"Gear box repair, door handle",2025-11-19,,cep-03,MJ,,
2025/11/R/891,PH-6747,"E/oil burning, drag link ball joint, brake adjust, E/oil pressure check by pressure gauge, replaced oil plug",2025-11-19,2025-11-24,Marawila,MR,,
2025/11/R/892,CR-02,"boom jack seal, Elec. Deffect-display overload without load, limit switch repair",,,cep-03,MJ,,
2025/11/R/893,51-8083,Injector pump & nozzel service,2025-11-19,2025-11-20,cep-03,SSO,,
2025/11/R/894,LM-7942,Tinkering & painting,2025-11-20,,Batticaloa,MJ,,
2025/11/R/895,DAH-2491,"Brake repair(b/pads, B/booster, BMC R/kit",2025-11-02,2025-11-25,Badalgama,MR,,
2025/11/R/896,VR-65,signal flasher,2025-11-20,2025-11-21,cep-03,SSO,,
2025/11/R/897,SR-14,starter motor repair-solenoid ,2025-11-02,2025-11-23,Marawila,MR,,
2025/11/R/898,VR-40,starting defect,2025-11-21,2025-11-22,Ruwanwella,MR,,
2025/11/R/899,HEX-37,fix pile hammer,2025-11-21,2025-11-25,cep-03,MJ,,
2025/11/R/900,LA-1359,bowser tank repair,2025-11-22,,cep-03,MJ,,
2025/11/R/901,ZB-1979,Replaced tie rod end,2025-11-22,2025-11-25,Batticaloa,MR,,
2025/11/R/902,DAH-2228,spring blade repair,2025-11-22,2025-11-22,Asphalt team,MR,,
2025/11/R/903,LA-4229," cabin tinkering, deck repair",,,Muthur plant,MJ,,
2025/11/R/904,HEX-45,"Remove tool box, boom jack holder hole line boring. Jack pin filling & turn out, replace jack bush with grease seals ",2025-11-22,2025-12-18,Marawila,MJ,,
2025/11/R/905,41-7225,Brake repair,,,solution,MJ,,
2025/11/R/906,LY-4524,"R/coolant leak, head light, AC repair, AC belt 8PK-1500",2025-11-23,2025-11-26,Badalgama,MR,,
2025/11/R/907,HEX-23,"Engine overhaul, hy. Pump coupling",2025-11-23,,cep-03,MJ,,
2025/11/R/908,57-3062,"Abnormal tyre wear, shockabsorber & steering link ball joint repair-Deeman",2025-12-18,2025-12-20,Badalgama,MR,,
2025/11/R/909,PC-7812,Abnormal noise when accelerating- replaced propellarshaft u-joint,2025-11-24,2025-11-24,lab,MR,,
2025/11/R/910,LB-01,Wire harness defect,2025-11-24,,Abanpola,MJ,,
2025/11/R/911,PH-3945,"Brake repair-Rear brake drum cleaning, brake liner rough, F/brake pad replace, caliper pin boot, r/coolant leak repair, tapper cover oil leak repair",2025-11-24,2025-11-27,H/O,MR,,
2025/11/R/912,LK-4058,"silensor repair, gear box repair",,,cep-03,MJ,,
2025/11/R/913,PA-4193,"Turbo repair, clutch repair, steering rack repair, ",2025-11-25,2025-12-14,H/O,MJ,,
2025/11/R/914,ZA-6069,tie rod end assy.,2025-11-25,2025-11-27,cep-03,SSO,,
2025/11/R/915,LP-1567,wiper sys. Repair,2025-11-26,2025-11-26,Badalgama,MR,,
2025/11/R/916,HEX-40,"starting defect(battery charged by site), changed battery",2025-11-26,2025-11-26,port city,MR,,
2025/11/R/917,,,,,,,,
2025/11/R/918,,,,,,,,
2026/1/R/001,LP-1720,"Indicate "" check engine""",2026-01-01,2026-01-05,CEP-03,MR,,
2026/1/R/002,LI-3396,"starter motor repair, brake repair , unble to engage gears",2026-01-04,,Kilinochchi,MJ,,
2026/1/R/003,LC-0434,"Fuel sys. & engine cooling sys. Repair, adjust clutch, E/stop cable",2026-01-03,2026-01-15,Badalgama,MR,,
2026/1/R/004,LM-5722,"E/oil burning, P/S oil elak, deck repair, light repair",2026-01-05,,CEP-03,MR,,
2026/1/R/005,LD-05,"Brake repair, check & changed axel oil",2026-01-09,2026-01-11,Badalgama,MR,,
2026/1/R/006,PV-6889,"E/stop cable, door winders, floor board carpet, signal , gear lever boot replace",2026-01-09,2026-01-15,Badalgama,MR,,
2026/1/R/007,PH-9072,Tinkering & painting,2026-01-09,2026-01-23,H/O,MR,,
2026/1/R/008,PA-4879,"Gear lever bush, door hingers, check battery, speedo meter cable, hand brake, gear box repair, light repair",2026-01-09,2026-03-04,Battcaloa,MJ,,
2026/1/R/009,LY-1614,Silensor repair,2026-01-12,2026-01-15,Badalgama,MR,,
2026/1/R/010,LO-5985,Spring blade repair(R/LH),2026-01-13,2026-01-15,Badalgama,MR,,
2026/1/R/011,LO-5981,"Steering U-joint, tie rod ball joint repair, fuel cut off switch",2026-01-13,2026-01-18,Badalgama,MR,,
2026/1/R/012,48-4849,"Fuel sys. Repair(filter change), wash & grease , adjust brakes",2026-01-14,2026-01-20,Badalgama,MR,,
2026/1/R/013,BIE-8576,"Service, adjust clutch",2026-01-14,2026-01-20,Mallawagedara,MR,,
2026/1/R/014,XW-9222,"Service, check running condition",2026-01-14,2026-01-18,Mathale,MR,,
2026/1/R/015,41-1130,"Engine overheating, (injector service, E/head pressure testing, replace gasket), engine mount",2026-01-15,2026-01-30,Marawila,MJ,,
2026/1/R/016,LC-0434,"Replaced F/axel bearing, hub greasing",2026-01-15,2026-01-20,Badalgama,MR,,
2026/1/R/017,325-5120,"Check abnormal noise of clutch bearing, replaced speedo meter assy.",2026-01-16,2026-01-19,Badalgama,MR,,
2026/1/R/018,BIE-8543,Replace f/axel bearing,2026-01-16,2026-01-20,Badalgama,MR,,
2026/1/R/019,LO-5983,Spring blade repair,2026-01-16,2026-01-20,CEP-03,MR,,
2026/1/R/020,LO-7855,"Replace outriger jack seal, service, deck repair, hy. Change",2026-01-16,2026-02-24,Solution,MJ,,
2026/1/R/021,LY-1614,Elec. Repair( brake light),2026-01-16,2026-01-22,Badalgama,MR,,
2026/1/R/022,LP-1720,"LHS Side mirror bracket repair, wash & grease, adjust brakes, reverse light",2026-01-17,2026-01-25,Badalgama,MR,,
2026/1/R/023,59-5421,"light repair, silensor, starting defect, suspension repair, vSpeedo meter , door lock, door pin, hand brake, service, service brake, tinkering & painting",2026-01-17,2026-04-07,Kilinochchi,MJ,,
2026/1/R/024,LP-1712,"RH door lock repair, brake light NW",Cancel,,Badalgama,Cancel,,
2026/1/R/025,VR-12,"Engine overheating, radiator cleaning, fan belt, ignition switch, circuit repair, hy. Leak repair",2026-01-17,2026-02-06,Battcaloa,MJ,,
2026/1/R/026,PT-1569,"replace axel oil seal, pinion oil seal, axel bearing, steering box repair, center bearing",2026-01-17,2026-02-14,CEP-03,MJ,,
2026/1/R/027,SL-06,"Bucket pin bush bolt repair, black smoke, abnormal noise from fan belt",2026-01-18,2026-01-27,Mundalama Estate,MR,,
2026/1/R/028,VR-23,"Hy. Leak, vibration defect, diesel block",2026-01-24,2026-02-06,Marawila,MR,,
2026/1/R/029,SR-09,"replace drum mount, silensor repair, elec. repair",2026-01-18,2026-01-22,Marawila,MR,,
2026/1/R/030,VR-14,"Service, wash & grease, injector leak repair",2026-01-18,2026-01-22,Marawila,MR,,
2026/1/R/031,LD-06,"hy. Leak, accelerator & gear cable lubricating, light repair",2026-01-19,2026-01-22,Badalgama,MR,,
2026/1/R/032,LY-4524,"Radiator coolant leak repair, head light repair",2026-01-19,2026-02-10,Badalgama,MR,,
2026/1/R/033,LX-1045,"Brake repair, Number plate light NW, replaced brake liners RH",2026-01-19,1908-03-20,Badalgama,MJ,,
2026/1/R/034,51-7158,"Clutch repair(CMC, CSC)",2026-01-20,2026-01-24,Badalgama,MR,,
2026/1/R/035,PV-6889,"seat belt, hand brake, speedo meter cable, rear brake wheel cylinder",2026-02-21,2026-01-24,Badalgama,MR,,
2026/1/R/036,SR-12,"Welding work-near engine, light repair",2026-01-21,2026-01-26,Marawila,MR,,
2026/1/R/037,LN-8279,Speedo meter repair,,,Badalgama,MR,,
2026/1/R/038,LY-1614,Speedo meter repair,,,Badalgama,MR,,
2026/1/R/039,GL-0019,Speedo meter repair,,,Badalgama,Cancel,,
2026/1/R/040,LL-1782,Speedo meter repair,,,Badalgama,Cancel,,
2026/1/R/041,48-4849,"Abnormal noise of engine, fix another engine removed from LA-4229",2026-01-22,2026-02-24,Badalgama,MJ,,
2026/1/R/042,LC-0434,alternator repair( Fix LM-7949 alternator),2026-01-22,2026-01-23,Badalgama,MR,,
2026/1/R/043,BDI-8556,Engine overhaul,2026-02-14,2026-02-25,CEP-03,MJ,,
2026/1/R/044,LJ-5559,"Tinkering & painting , clutch repair",2026-03-07,,CEP-03,MJ,,
2026/1/R/045,LK-5041,Replace head lights,,,Badalgama,Cancel,,
2026/1/R/046,PA-6399,"Engine overheating, light repair, repair temp. meter",2026-01-23,2026-02-10,Inginimitiya,MJ,,
2026/1/R/047,LD-06,Bucket lift arm pin repair,2026-01-28,2026-01-31,Badalgama,MR,,
2026/1/R/048,DAH-2491,Trans. Sys. Repair(gear engage defect) ,2026-01-25,2026-01-26,Badalgama,MR,,
2026/1/R/049,325-5120,Replace F/RH hub bearing,2026-01-26,2026-01-28,Badalgama,MR,,
2026/1/R/050,LP-1571,Elec. Sys. Repair(fuse burnt when parking on),2026-01-26,2026-01-26,Badalgama,MR,,
2026/1/R/051,LL-1782,"Elec. Repair(Wiper, park light, fog light, tail, emergency light, number plate light)",2026-01-26,2026-01-30,Badalgama,MR,,
2026/1/R/052,PA-4193,"A/C , diesel tank cap lock, starting defect",2026-01-26,2026-01-26,H/O,MR,,
2026/1/R/053,LO-5985,"Elec. Repair(park light, horn NW)",2026-01-28,2026-01-28,Badalgama,MR,,
2026/1/R/054,RS-0483,"replace flywheel ring gear, jack seal(swing, stabilizer), check tie rod RH, check all oil levels, wash & grease, change Trans, oil with seal",2026-01-29,2026-03-12,Battcaloa,MJ,,
2026/1/R/055,PH-3945,starter  motor repair(Rs.8500 ex repair),2026-01-28,2026-01-28,H/O,MR,,
2026/1/R/056,HEX-41,"E/stop solenoid, A/c repair, hy. Oil leak near the pump, check service, water temp. meter repair, arm end & bucket pin bush repair, arm painting",2026-01-29,2026-02-09,Port city,MJ,,
2026/1/R/057,51-7158,clutch oil leak repair(elec. Repair),2026-01-29,2026-01-30,Badalgama,MR,,
2026/1/R/058,TM-20,Replace steering jack seal(done by C-com),2026-01-29,2026-01-29,Battcaloa,MR,,
2026/1/R/059,GE-131,"cleaning all parts of machine(petrol tank, coil pack, )E/oil change, testing",2026-01-29,2026-01-29,Marawila,MR,,
2026/1/R/060,HD-9005,Tail light repair,2026-01-30,2026-01-30,Badalgama,MR,,
2026/1/R/061,LP-1710,"elec. Repair, (replaced main switch, DC-DC convertor repair",2026-01-30,2026-02-02,Badalgama,MR,,
2026/1/R/062,LD-05,"Starter motor oil leak, loader lift jack seal, service, change R/coolant",2026-01-30,2026-02-10,Badalgama,MJ,,
2026/1/R/063,SMG-01,"R/cap, ",2026-01-30,2026-04-08,Solution,MJ,,
2026/1/R/064,SMG-02,"R/cap, ",2026-01-30,2026-04-08,Solution,MJ,,
2026/1/R/065,PH-3945,"Fuel system  repair(Engine sudden stop, injector clean, rail with pressure sensor replaced, injector pump repair, ), tail light lence, body control unit, painting, steering link bushing, door beeding",2026-01-31,2026-04-20,H/O,MJ,,
2026/1/R/066,LN-8278,"Replace shockabsorber, check clutch for abnormal noise, brake oil level decreasing-checked",2026-01-31,2026-01-31,Badalgama,MR,,
2026/1/R/067,57-3062,"Replace brake pad, AC belt pulley change, AC belt, fan belt change",2026-01-31,2026-02-02,Badalgama,MR,,
2026/2/R/068,LP-1577,"Diesel leak from filter, AC repair, Tail light repair RH, replaced fuel filter drain valve",2026-02-02,2026-02-03,Badalgama,MR,,
2026/2/R/069,LC-0434,"P/S hose repair, P/S oil change, replaced fuel feed pump",2026-02-02,2026-02-03,Badalgama,MR,,
2026/2/R/070,LO-5981,"Speedo meter repair, tail light NW, F/RH signal light, wiper blades",2026-02-03,2026-02-13,Badalgama,MR,,
2026/2/R/071,LP-1571,Adjust clutch,2026-02-03,2026-02-03,Badalgama,MR,,
2026/2/R/072,LD-06,"Starting defect(fuel sys. Repair), fan belt adjust, fuel filter change",2026-02-03,2026-02-03,Badalgama,MR,,
2026/2/R/073,PV,"cleaning, E/oil change, start & testing",2026-02-05,2026-02-08,Battcaloa,MR,,
2026/2/R/074,68-5115,"examiner inquiry- Repaired by Autobacs, F/RH brake washer replaced, hand brake liners re-lining",2026-02-03,2026-02-10,Ruwanwella,MJ,,
2026/2/R/075,AC-37,Check & repair,,,Muthur Plant,Cancel,,
2026/2/R/076,PV-6889,"Silensor repair, alternator braket repair, wash & grease, check lights",2026-02-04,2026-02-05,Kotugoda Bridge,MR,,
2026/2/R/077,LK-5041,"Gear engage deffect, replaced head lights",2026-02-05,2026-02-15,Badalgama,MJ,,
2026/2/R/078,PH-6744,"P/S sys. Repair, silensor repair, replace glow plugs replaced",2026-02-07,2026-02-09,Marawila,MR,,
2026/2/R/078-1,FL-01,"Overheating, radiator cleaning, fuel feed pump replaced(elec)",2026-02-06,2026-02-13,Badalgama,MJ,,
2026/2/R/079,PA-4193,"Speed meter repair, Service & parking brake checked - ok, door lock repair, diesel tank cap lock cable repair, AC repair, temp. meter repair, replaced 3 wheel nuts",2026-02-06,2026-02-18,H/O,MJ,,
2026/2/R/080,LO-4823,"P/S oil leak, gear lever boot, check tie rods, Elec. Repair(park, signal, tail light lence), check service, cab tinkering & painting, adjusted tie rod ends",2026-02-14,2026-02-20,Marawila,MJ,,
2026/2/R/081,LC-0434,Silensor repair,2026-02-10,2026-02-11,Badalgama,MR,,
2026/2/R/082,41-1130,"Brake ,king pin, tie rod, brake washer(F), replaced alternator oil hose, E/stop motor repair-EX, park light repair -EX",2026-02-10,2026-02-22,Marawila,MJ,,
2026/2/R/083,PH-6742,"Service done, engine & under wash, adjust fan belt, repaired gear lever clamping bolt, 20w 50 oil used to check oil burning, oil leak near crank seal",2026-02-10,2026-02-15,Marawila,MJ,,
2026/2/R/084,ASC-25,Engine repair(fixed new engine),2026-02-10,2026-03-11,Marawila,MJ,,
2026/2/R/085,ASC-21,"Check engine, carb. Cleaning, cheange E/oil, check machine working condition",2026-02-10,2026-02-12,Marawila,MR,,
2026/2/R/086,Plate Compactor,"machine cleaning, check engine condition, change E/oil, check working condition",2026-02-11,2026-02-13,Chilaw,MR,,
2026/2/R/087,PV-6889,Steering & suspension system repair,2026-02-11,2026-02-26,Kotugoda Bridge,MJ,,
2026/2/R/088,LN-8278,Accident repair-Autobacs,2026-02-11,2026-05-13,Badalgama,MJ,,
2026/2/R/089,51-7158,"starting defect, door winder repair",2026-02-12,2026-02-15,Badalgama,MR,,
2026/2/R/090,28-4314,"meter board repair, shockabsorber repair, gear box seal, center bearing, hub bolt, S/meter cable",2026-02-28,2026-03-30,Badalgama,MJ,,
2026/2/R/091,TB-01,"Fabrication work, replaced wheel studs(6), adjusted hub bearings",2026-02-13,2026-02-14,Badalgama,MR,,
2026/2/R/092,GL-0019,"Fuel hose repair, tail light set replace, check & repair all lights, fuel feed pump repair",2026-02-14,2026-02-15,Badalgama,MR,,
2026/2/R/093,LD-06,Repaired fuel leak from pump,2026-02-14,2026-02-14,Badalgama,MR,,
2026/2/R/094,PD-6917,"Suspension & steering sys. Repair, door lock, body tinkering work, cab mount tinkering, deck painting, hand brake  repair-Ex, replace speed meter cable",2026-02-19,2026-03-10,Batticaloa,MJ,,
2026/2/R/095,HEX-18,"Fuel sys. Repair(block), starter motor defect, replaced feed pump from 48-4849 engine",2026-02-16,2026-02-18,Badalgama,MR,,
2026/2/R/096,GE-126,Check & repair,2026-02-20,2026-02-23,Badalgama,MR,,
2026/2/R/097,GE-147,Check & repair,2026-02-16,2026-02-24,Badalgama,MR,,
2026/2/R/098,GE-62,Check & repair,2026-02-16,2026-02-17,Port city,MR,,
2026/2/R/099,HEX-27,"Swing gear, bucket pin bush, jack seal, AC, hy. Leak, track repair, H repair with pin bush",2026-02-17,2026-02-24,Port city,MJ,,
2026/2/R/100,LC-0434,"Engine mount, water leak, P/S oil leak, propellar shaft repair, cab shockabsorber repair, shock bolt repair",2026-02-17,2026-02-25,Badalgama,MJ,,
2026/2/R/101,LO-5985,"Side guard repair, light repair",2026-02-18,2026-02-22,Marawila,MR,,
2026/2/R/102,BGY-6440,Adjusted brakes & tyre air pressure checked,2026-02-19,2026-02-19,Badalgama,MR,,
2026/2/R/103,PC-7812,"Engine overhual, Injector service, T belt, turbocharger  repair, radiator cleaning, clutch repair(Clutch plate, p/plate, c/bearing)",2026-02-20,2026-02-27,Batticaloa,MJ,,
2026/2/R/104,51-7158,"P/S oil leak,(steering rack repair)",2026-02-19,2026-03-06,Badalgama,MR,,
2026/2/R/105,DAH-2228,"Starter motor repair(ex.), service",2026-02-19,2026-02-19,Asphalt Team,MR,,
2026/2/R/106,FL-01,Engine overheating,2026-02-19,2026-02-22,Ware house project,MJ,,
2026/2/R/107,FL-03,e/oil leak repair(Deep stick oil pipe damage),2026-02-20,2026-02-20,Badalgama,MR,,
2026/2/R/108,LO-9810,"Brake & clutch repair(replaced c/bearing, clutch plate re-lining, ), repalce brake pads, clutch pedal repair",2026-02-22,2026-02-26,Badalgama,MJ,,
2026/2/R/109,LL-1782,"silensor, wiper, brake, hand brake, clutch plate check, AC , Adjusted hand brakes, speedo meter repair",2026-02-20,2026-02-26,Badalgama,MJ,,
2026/2/R/110,LJ-8055,Replaced air dryer from LL-0690(air brake sys. Repair),2026-02-20,2026-02-22,Ware house project,MJ,,
2026/2/R/111,LY-1614,"Replaced battery terminals, tempory fix 325-5120 & PTR-01 batteries to this vehicle",2026-02-20,2026-02-20,Badalgama,MR,,
2026/2/R/112,325-5120,Fix seat belt,2026-02-20,2026-02-24,Badalgama,MR,,
2026/2/R/113,PA-4193,"Abnoumal noise from propeelar shaft U-joints-checked(need to replace), dash board loose parts fixed, inspection done",2026-02-23,2026-02-23,H/O,MR,,
2026/2/R/114,LO-4824,"side fence fix, replace tail light set, wash & grease",2026-02-24,2026-02-28,Badalgama,MR,,
2026/2/R/115,CR-01,"Service, wash & grease",2026-02-23,2026-04-02,Jafna,MR,,
2026/2/R/116,FL-01,"Engine overheating, radiator water level decreasing, starting defect",2026-02-27,2026-03-07,Ware house project,MJ,,
2026/2/R/117,HD-9005,Brake hose repair,2026-02-24,2026-02-24,Badalgama,MR,,
2026/2/R/118,LO-5985,LH side mirror arm & door joining point tinkering & painting,2026-03-09,2026-03-10,Badalgama,MR,,
2026/2/R/119,LY-1614,"Ignition switch defect, speedo meter repair",2026-02-25,2026-02-26,Badalgama,MR,,
2026/2/R/120,LP-1571,Replace tail light,2026-03-25,2026-03-30,Badalgama,MR,,
2026/2/R/121,PV ,"check repair & testing, changed E/oil, fuel sys. Cleaning, ",2026-02-25,2026-02-27,Awissawella Bridge,MR,,
2026/2/R/122,LP-1712,Replace tail light,2026-02-26,2026-03-14,Badalgama,MR,,
2026/2/R/123,1T Roller,"Change E/oil, e/starting, hy. Pump cleaning, check hy. Syetem, travelling motor groove repair",2026-02-28,2026-06-20,Batticaloa,MJ,,
2026/2/R/124,68-5115,"Fixed silensor bracket, Engine no punching-ex, light & horn repair",2026-02-27,2026-02-27,Ruwanwella,MR,,
2026/2/R/125,LC-0434,"Oil leak from brake chambers, propellar shaft vibration, engine overheating, air leak from dryer",2026-02-28,2026-03-10,Badalgama,MJ,,
2026/3/R/126,HU-5097,Brake repair(replace caliper piston with seal),2026-03-03,2026-03-04,Badalgama,MR,,
2026/3/R/127,LD-06,"Fuel mixed with E/oil(fuel feed pump repair, change E/oil with filter)",2026-03-03,2026-03-07,Ware house project,MJ,,
2026/3/R/128,49-5294,"Check battery , starter motor wash & greased",2026-03-03,2026-03-05,Badalgama,MR,,
2026/3/R/129,RF-8340,"Service, power steering sys. Repair, hitch repair(unable to lift), roof fibre work",2026-03-03,2026-03-08,Mundalama Estate,MJ,,
2026/3/R/130,LK-2276,"Brake repair(service, Parking), light(signal, tail, Head light), MNW, Tinkering, Painting, Spring blade repair, E/oil & hy. Leak repair",2026-03-03,2026-04-27,Ruwanwella,MJ,,
2026/3/R/131,Rammer,starting defect(fuel sys. Repair & testing,2026-03-05,2026-03-06,Ware house project,MR,,
2026/3/R/132,BDI-8556,starting defect,2026-03-05,2026-03-07,Ware house project,MR,,
2026/3/R/133,PA-6399,"P/S oil leak, E/oil , check suspension sys. (F & R), replaced gear box mount",2026-03-06,2026-03-08,Inginimitiya,MJ,,
2026/3/R/134,PH-6742,Horn & hand brake repair,2026-03-06,2026-03-07,Batticaloa,MR,,
2026/3/R/135,2KW Generator,Check & repair,2026-03-09,2026-03-11,Kilinochchi,MJ,,
2026/3/R/136,325-5120,"Starter motor repair, brake repair(vehicle went out from WS after S/motor repair without inform. Therefore brake repair was not done)",2026-03-06,2026-03-06,Badalgama,MR,,
2026/3/R/137,LD-05,"Loader lift jack seal & bushes replace, Brake repair(F- disemble axel , check & assemble)jack pin repair, tinkering, Brake repair(rear)",2026-03-18,2026-03-31,Badalgama,MJ,,
2026/3/R/138,51-7158,Starting defect,2026-03-07,2026-03-07,Badalgama,MR,,
2026/3/R/139,DAH-2230,"Water leak from radiator, abnormal noise from brake sys., & clutch, F-park light repair, service",2026-03-08,2026-03-20,Ruwanwella,MJ,,
2026/3/R/140,LY-4524,"Cabin air ballon sys. Repair, pedal travell sys. Repair(EX)",2026-03-10,2026-03-17,Badalgama,MJ,,
2026/3/R/141,LN-8279,"speedo meter repair, AC repair, head light, emergency light, gear engaging defect, air brake sys. Repair",2026-03-11,2026-03-17,Badalgama,MJ,,
2026/3/R/142,LO-5985,Tipper bucket & cabin painting,2026-03-11,2026-03-17,Badalgama,MJ,,
2026/3/R/143,GL-0019,Air hose repair,2026-03-11,2026-03-13,Badalgama,MR,,
2026/3/R/144,LK-6738,"Tipping jack seal, R/RH door lock & fabrication  work of rear door",2026-03-12,2026-03-13,Marawila,MR,,
2026/3/R/145,MG-04,"Brake repair, jack seal(blade shift, blade lift),tandem oil leak, check service",,,Marawila,MJ,,
2026/3/R/146,PJ-6376,"Door lock repaired  F/RH,repaired p/s belt adjuster ",2026-03-13,2026-03-13,Badalgama,MR,,
2026/3/R/147,325-5120,R/RH hub oil leak,,,Badalgama,Cancel,,
2026/3/R/148,PA-6399,"Service & parking brake repair, replaced speedo meter cable, service",2026-03-13,2026-03-14,Inginimitiya,MJ,,
2026/3/R/149,HU-5097,Brake oil leak from load sensing valve(body controll),2026-03-13,2026-03-17,Badalgama,MR,,
2026/3/R/150,LM-7949,Elec. Repair(lights),2026-05-16,2026-05-17,Badalgama,MR,,
2026/3/R/151,FL-02,Starter motor repair,2026-03-13,2026-03-14,Fabrication,MR,,
2026/3/R/152,FL-01,"Engine overheating, starting defect",2026-03-20,2026-03-22,Ware house project,MR,,
2026/3/R/153,PTR-06,"Drive chain adjusted, check all oil levels, check running condition",2026-03-14,2026-03-15,CEP-03,MJ,,
2026/3/R/154,PTR-10,"Brake repair(brake washer, dust boot), brake booster changed by parked machine, adjusted drive chain, changed rear complete wheel",2026-03-14,2026-03-16,CEP-03,MJ,,
2026/3/R/155,LH-5586,starter motor repair(sent LA-4229 motor),2026-03-14,2026-03-18,CEP-03,MR,,
2026/3/R/156,HEX-37,"Remove short arm Boom & fix long arm with boom ,fix pile hammer",2026-03-16,2026-03-17,Awissawella Bridge,MJ,,
2026/3/R/157,"6"" WP","Replaced pump bearings, E/oil, air filter & exhaust manifold repair, engine internal cleaning, water pump testing",2026-03-17,2026-03-25,karathiv Bridge,MJ,,
2026/3/R/158,LI-7701,Replaced axel tube & shaft,2026-03-17,2026-03-25,CEP-03,SSO,,
2026/3/R/159,HEX-05,"Track repair, top roller 2nos, sprocket wheel",2026-03-17,2026-04-26,CEP-03,SSO,,
2026/3/R/160,PV-2nos,"check , change E/oil, fuel sys. Cleaning, testing",2026-03-18,2026-03-23,karathiv Bridge,MR,,
2026/3/R/161,LD-08,"fix hour meter, replaced steering jack seal 2nos, changed trans. Oil ,diesel leak repair, parking brake repair(re-lining pads), hy. Leak repair of orbital motor",2026-03-18,2026-03-19,Badalgama,MJ,,
2026/3/R/162,HEX-18,"Replace hy. Hose, top up hy. Oil",2026-03-18,2026-03-18,Badalgama,MR,,
2026/3/R/163,GE-102,"check, repair & testing",2026-03-18,2026-03-18,Abanpola,MR,,
2026/3/R/164,48-4849,"Adjusted accelerator, e/oil leak from oil filter housing",2026-03-19,2026-03-21,Badalgama,MR,,
2026/3/R/165,LO-7855,Fix boom cable,2026-03-19,2026-03-19,Solution,MR,,
2026/3/R/166,PA-4879,fuel sys. Repair(injector pump with injector repair),2026-03-19,2026-03-31,Inginimitiya,MJ,,
2026/3/R/167,57-3062,"Radiator cap water leak, alternator repair, AC pulley repair,f/ bumper & shell fixed",2026-03-21,2026-03-24,Badalgama,MJ,,
2026/3/R/168,41-1130,Register as diesel bowser,2026-03-23,2026-06-15,Auto Bacs,MJ,,
2026/3/R/169,51-7158,"repair hard starting, replace engine mount, air cleaner hose",2026-03-23,2026-03-24,Badalgama,MJ,,
2026/3/R/170,DAH-2230,"E/stops while running, (check fuel system), check brakes & P/S pump noise, replace fuel tank pump",2026-03-23,2026-03-30,Ruwanwella,MJ,,
2026/3/R/171,GE-152,starting defect,2026-03-23,2026-03-27,Ruwanwella,MR,,
2026/3/R/172,48-4849,Door repair(replace lock riverts),2026-03-24,2026-03-25,Badalgama,MR,,
2026/3/R/173,HEX-18,fuel leak from feed pump,2026-03-25,2026-04-08,Badalgama,MR,,
2026/3/R/174,ZA-7290,Emission test fail(changed fuel filters),2026-03-25,2026-03-26,Badalgama,MR,,
2026/3/R/175,LK-5041,"Adjusted brakes, air leak from PTO, park light repair, boom pulley bush turnout & replaced bearings",2026-03-24,2026-03-28,Badalgama,MJ,,
2026/3/R/176,ZA-7092,"jack seal(multi, loader lift, backhoe arm), turbocharger oil leak, extradig pad adjusting",2026-03-30,2026-04-25,Abanpola,MJ,,
2026/3/R/177,GE-64,starting defect(injector with pump repair)water mixed with diesel,2026-03-25,,Badalgama,MJ,,
2026/3/R/178,Fuel filling station,fuel pump leak repair,2026-03-25,2026-03-25,Badalgama,MR,,
2026/3/R/179,GE-82,flood recover(Geni Buddika),2026-03-25,2026-04-10,Badalgama,MJ,,
2026/3/R/180,GE-104,flood recover(Geni Buddika),2026-03-25,,Badalgama,MJ,,
2026/3/R/181,MG-09,"jack seal(steering-2, blade-1)",2026-03-25,2026-03-26,Batticaloa,SSO,,
2026/3/R/182,253-2574,"steering box repair, shockabsorber repair, shock bush 4",2026-03-25,2026-03-28,Batticaloa,SSO,,
2026/3/R/183,"4"" WP","fix new 12HP water cooled engine ,water pump repair(seal, bearing, axel with nut) ",2026-03-25,2026-03-27,Awissawella Bridge,MJ,,
2026/3/R/184,PA-4193,"Brake oil level decreasing, F/shockabsorber repair, propellarshaft U-joint, suspension repair(lower arm, upper arm , tie rod ball joint repair)",2026-03-26,2026-04-02,H/O,MJ,,
2026/3/R/185,ZA-6255,"Replace mixer drum bearing, check abnormal noise of brakes, signal NW, MNW, hy. Change with filter , hy. Hose ",2026-03-27,2026-03-31,Ruwanwella,MJ,,
2026/3/R/186,PD-7049,"Replaced alternator(kamal-Katana), AC repair, ",2026-03-17,2026-03-31,Marawila,MJ,,
2026/3/R/187,HU-5097,"AC repair(elec. Work), service, battery change, full wash",2026-03-26,2026-03-27,Badalgama,MR,,
2026/3/R/188,49-5294,"Starter motor repair, fixed 2"" engine driven water pump",2026-03-26,2026-05-10,Badalgama,MJ,,
2026/3/R/189,HEX-01,"Engine overheating,(radiator cleaned by site), replaced water reserve tank cap",2026-03-26,2026-04-10,CEP-03,MJ,,
2026/3/R/190,41-7225,"starter motor repair, brake repair",2026-03-26,,Solution,MJ,,
2026/3/R/191,Asphalt plant,thread cutting 4nos bolt-2',2026-03-30,2026-03-31,A/plant,MR,,
2026/3/R/192,LY-4524,Brake repair(replaced brake chamber seal),2026-03-30,2026-04-01,Badalgama,MR,,
2026/3/R/193,LO-8348,"MNW, center joint mount, wire harness repair",,,Badalgama,MR,,
2026/3/R/194,PH-0765,"Clutch repair(clutch plate, bearing), p/s pump, tinkering & painting, door lock, AC ,MNW",2026-03-31,2026-05-03,Ruwanwella,MJ,,
2026/4/R/195,ZA-6068,alternator repair(fixed ZA-7092 alternator),2026-04-02,2026-04-02,Batticaloa,SSO,,
2026/4/R/196,40-2955,"Lower arm bushing, ball joint 2nos repair",2026-04-02,2026-04-20,Batticaloa,SSO,,
2026/4/R/197,ZA-7965,Starter motor repair(fixed ZA-7092 s/motor),2026-04-02,2026-04-02,Batticaloa,SSO,,
2026/4/R/198,CM,"Clean, check, greasing, testing, fabrication work of structure",2026-04-02,2026-04-02,Badalgama,MR,,
2026/4/R/199,51-7158,Starter motor repair-Kamal,2026-04-02,2026-04-02,Badalgama,MR,,
2026/4/R/200,Light Plant,starting defect,2026-04-02,2026-04-08,Ware house project,MJ,,
2026/4/R/201,GL-0019,"replaced alternator belt, 6PK-1067, check belt alignment, cabin jack hy. Hose repair",2026-04-02,2026-05-02,Badalgama,MR,,
2026/4/R/202,PA-4193,Abnormal noise(F/RH dial plate contact with brake disc),2026-04-04,2026-04-04,H/O,MR,,
2026/4/R/203,MG-11,HY. Level indicator glass replaced,2026-04-04,2026-04-04,Batticaloa,MR,,
2026/4/R/204,LJ-8055,"Diesel hose repair, door glass unable to operate(door winder motor electrical repair)",2026-04-04,2026-04-04,Whare House project,MR,,
2026/4/R/205,ZA-0447,Replaced hy. Hose,2026-04-04,2026-04-09,Badalgama,MR,,
2026/4/R/206,HEX-21,"Engine overheating, bucket repair, service, Hy. Leak repair",2026-05-16,,CEP-03,MJ,,
2026/4/R/207,HEX-33,"Undercarriage repair, AC repair, floor board repair, governor repair, horn NW",2026-04-27,,Kilinochchi,MJ,,
2026/4/R/208,LD-06,Steering sys. Hy. Repair,2026-04-05,2026-04-08,Whare House project,MR,,
2026/4/R/209,LN-8277,"Boom cable hy. Motor oil leak(changed by LC-0434 motor), AC repair, vehicle scanning, injector with pump repair, rail pressure sensor replaced, fuel tank cleaning, filter change(fuel filter, engine breather , gear box filter, air filter), replaced fuel overflow hoses",2026-04-22,2026-05-14,CEP-03,MJ,,
2026/4/R/210,LN-1867,"king pin, steering sys. Repair, seat cushion, speedo meter repair, silensor repair, door hinger repair, injector service, diesel tank bracket repair,fix seat belt, hand brake repair, tie rod end replacing,  ",2026-04-22,2026-05-19,Batticaloa,MJ,,
2026/4/R/211,1T Roller,Check & repair,,,Musali,MR,,
2026/4/R/212,57-3062,Alternator repair(replaced brush set),2026-04-22,2026-04-22,Badalgama,MR,,
2026/4/R/213,ZB-2587(LB-23),"Travelling system repair, light repair(brake, signal), 4WD switch check ",2026-04-23,2026-04-24,Ruwanwella,MR,,
2026/4/R/214,ZB-1548(LB-18),"Loader & backhoe bucket repair, F/R pin bush repair, replaced backhoe arm jack seal, Elec. Sys. Repair(H/light, brake light, ), 4WD sys. Repair, check & repair trans, oil leak, service, AC repair, diesel block repair, hy. Oil change, replaced tie rod with rack ends",2026-04-24,2026-05-05,Ruwanwella,MJ,,
2026/4/R/215,SL-11,"Machine sudden stop, parking sys. Repair, hour meter NW, Sent To C-Com",2026-04-24,,Ruwanwella,MJ,,
2026/4/R/216,LO-4824,Tipping sys. Repair,,,Badalgama,MR,,
2026/4/R/217,RD-3536,"Gear shifting defect repair, wash & grease, checked all oil levels",2026-04-20,2026-04-24,Ruwanwella,MJ,,
2026/4/R/218,57-3062,"AC repair, battery not chargine(alternator repair)",2026-04-24,2026-04-28,Badalgama,MR,,
2026/4/R/219,FL-03,Starter motor repair-Ex kamal,2026-04-24,2026-04-28,Badalgama,MR,,
2026/4/R/220,DAH-2229,Fuel sys. Repair-injector repair-Ex Lansakara Auto Engineerers Pannala,2026-04-25,2026-07-10,CEP-03,MJ,,
2026/4/R/221,PH-3945,"Elec. Sys. Repair(starter motor repair Ex. Pannala), Engine cooling sys. Repair(replaced radiator hose) ",2026-04-25,2026-05-04,CEP-03,MJ,,
2026/4/R/222,PV-6889,Silensor repair,2026-04-27,2026-04-27,Kotugoda Bridge,MR,,
2026/4/R/223,SL-06,"Elec. Sys. Repair(travelling defect, error code, etc)",2026-04-27,,Marawila,MJ,,
2026/4/R/224,LX-1679,"Final drive system repair(repaired hub, replaced bearings with nut, seal, grease), greasing all hubs",2026-04-28,2026-05-12,Badalgama,MJ,,
2026/4/R/224-1,51-8083,"Spares supply(engine mount, gear box mount, brake pads, upper arm bushing, silent bush)",2026-04-28,2026-05-02,CEP-03,MJ,,
2026/4/R/225,HEX-45,"Swing motor repair(replaced seal), bucket repair, AC repair, swing motor ring gear greasing, travelling motor oil changed, hy. Top up",2026-04-27,2026-05-14,CEP-03,MJ,,
2026/4/R/226,LC-0434,Replaced rear axel tube without pinion with bearing,2026-04-28,2026-05-09,Badalgama,MJ,,
2026/4/R/227,LB-01,"replaced backhoe clamp seal, clamp housing repair, light repair(brake, signal, park), F/hub knuckle arm repair, replaced tie rod end with rack end",2026-04-27,2026-05-14,CEP-03,MJ,,
2026/4/R/228,HEX-41,"travelling motor repair(2nos), undercarriage major repair9replaced two track with plates, etc), door lock repair, machine stop when apply heavy loads",2026-05-04,2026-05-26,Kilinochchi,MJ,,
2026/4/R/229,48-4849,"silensor repair(fixed silensor packing), adjusted brakes",2026-05-03,2026-05-03,Badalgama,MR,,
2026/4/R/229,48-4849,"silensor repair(fixed silensor packing), adjusted brakes",2026-05-07,2026-05-08,Badalgama,MR,,
2026/4/R/230,LB-25,"Abnormal tyre wear(LHS), wiper & horn NW, RHS head light NW, 1000Hr service(oil & filters supplied by WS), done by C COM",2026-05-11,2026-05-11,Marawila,MR,,
2026/4/R/231,MG-10,Hy. Hose replaced,2026-04-29,2026-04-30,Whare House project,MR,,
2026/4/R/232,LD-05,"starter motor repair(1st time return to kamal, 2nd time repair -OK)",2026-04-30,2026-05-12,Badalgama,MR,,
2026/4/R/233,TM-17,Spare parts sent to site(gear lever ball joint),2026-04-30,2026-05-02,Batticaloa,SSO,,
2026/4/R/234,TM-20,supply spares-water seperator assy to site,2026-04-30,2026-05-04,Batticaloa,SSO,,
2026/4/R/235,ZB-1979,supply spares-tie rod end(used),2026-04-30,2026-04-30,Batticaloa,SSO,,
2026/4/R/236,LM-5720,"Supply spares-(heat meter, HR meter, S/M cable, clutch hose, p/s pump seal",2026-04-30,,CEP-03,Cancel,,
2026/4/R/237,PH-9072,Accident repair-Autobacs,2026-04-30,2026-05-21,CEP-03,MJ,,
2026/5/R/238,SL-05,"Spares supply- (water pump, pump packing, fan belt, Radiator hose)",2026-05-03,2026-05-05,Batticaloa,SSO,,
2026/5/R/239,LY-4524,Middle axel(RHS) air baloon repalced,2026-05-03,2026-05-09,Badalgama,MJ,,
2026/5/R/240,PA-4879,speedo meter repair,2026-05-18,2026-05-22,Badalgama,MR,,
2026/5/R/241,SR-06,spares supply(drum mount-4 nos),2026-05-03,2026-05-05,Batticaloa,SSO,,
2026/5/R/242,LK-6740,"spares supply(c/plate, clutch bearing, c/ bearing lock, propellar shaft nut & bolts, u-joint, PTO shaft nut & bolts)",2026-05-03,2026-05-05,Batticaloa,SSO,,
2026/5/R/243,ZA-7968,spares supply(tie rod with rack end),2026-05-05,2026-05-05,Batticaloa,SSO,,
2026/5/R/244,ZA-8511,"Fuel sys. Repair(ex-Makandura), fuel tank cleaning",2026-05-05,2026-05-18,CEP-03,MJ,,
2026/5/R/245,PY-2408,"Driver & passenger seat cushion work, tinkering & painting(Floor board, battery bracket, engine room, foot board, etc), hand brake repair, speedo meter repair",2026-05-06,2026-07-04,Ruwanwella,MJ,,
2026/5/R/246,LK-2366,"air brake repair(replaced air dryer R/kit), adjusted brakes, upholstery repair, Elec. Sys. Repair(signal , s/m repair), LH door panel fix, check & repair speedo meter",2026-05-07,2026-05-30,Ruwanwella,MJ,,
2026/5/R/247,PT-1569,"Pinion oil leak repair, steering wheel is tight",2026-05-07,2026-05-15,CEP-03,MJ,,
2026/5/R/248,51-7158,"replaced water pump, T-belt(412232Km)",2026-05-07,2026-05-11,Badalgama,MJ,,
2026/5/R/249,ZA-6255,Concrete mixer drum roller making(turn out),2026-05-07,2026-05-08,Ruwanwella,SSO,,
2026/5/R/250,HEX-19,"supply boom jack pin(Dia. 70mm*17"")",2026-05-07,2026-05-07,CEP-03,SSO,,
2026/5/R/251,MG-15,"Hy. Pump repair, diesel block(tank cleaning)",2026-05-08,,Serunuwara,MJ,,
2026/5/R/252,PA-4879,Starter motor repair-Kamal,2026-05-09,2026-05-11,Badalgama,MR,,
2026/5/R/253,HU-5097,AC repair,2026-05-11,2026-05-11,Badalgama,MR,,
2026/5/R/254,59-5421,spares supply(Hand brake cable repair),2026-05-11,2026-05-20,CEP-03,SSO,,
2026/5/R/255,PJ-7606,Accident repair-Autobacs,2026-05-11,,H/O,MJ,,
2026/5/R/256,325-5120,Tinkering & painting- Autobacs,2026-05-11,,Badalgama,MJ,,
2026/5/R/257,VR-48,"Vibrate switch repair, silensor repair, diesel tank cap making",2026-05-13,2026-05-22,Batticaloa,MJ,,
2026/5/R/258,HEX-26,"undercarriage major repair, bucket repair, starter motor relay, swing motor free play, boom jack seal, side mirror fix",,2026-05-28,Muthur Plant,MJ,,
2026/5/R/259,LN-8278,"Boom switch board repair, brake repair(shoe re-lining), shockabsorber replace, diesel meter & temp. meter repair, AC repair ",2026-05-17,2026-05-28,Badalgama,MJ,,
2026/5/R/260,HD-9005,Tail light repair,2026-05-16,2026-05-16,Badalgama,MR,,
2026/5/R/261,SL-14,Replace loader lift jack seal(2Nos),2026-05-16,2026-05-16,Marawila,MR,,
2026/5/R/262,CR-01,Stabilizer jack seal replacement(4nos),2026-05-18,2026-05-20,Badalgama,MJ,,
2026/5/R/263,59-5421,"spare parts request(steering box shaft needle bearing, oil seal, pressure seal, O-ring, ball bearing)",2026-05-20,2026-05-23,CEP-03,SSO,,
2026/5/R/264,LD-09,Spare request(brake booster R/kit,2026-05-20,2026-05-22,CEP-03,SSO,,
2026/5/R/265,LK-5041,"F/LH hub bearing reeplace, compressed air leak repair, adjust brakes(19135Km)",2026-05-20,2026-05-21,Badalgama,MR,,
2026/5/R/266,CR-02,"Replaced engine mounts, FD oil leak(4WD), boom jack seal",,2026-05-29,CEP-03,MJ,,
2026/5/R/267,SL-14,Hy. hose replace (2 Nos),2026-05-21,2026-05-21,Mallawagedara,,,
2026/5/R/268,51-7158,Starting defect (main fuse repair); check & tighten engine mounts; check service – ok,2026-05-22,2026-05-22,Badalgama,,,
2026/5/R/269,LP-1720,Bucket door pin repair; full inspection of vehicle; greasing & full body wash,2026-05-23,2026-05-28,Badalgama,,,
2026/5/R/270,DAH-2228,Engine minor repair; door bush repair; door handle (outer),2026-05-26,2026-06-06,Batticaloa,,,
2026/5/R/271,LN-8279,Starter motor repair,2026-05-26,2026-06-03,Badalgama,,,
2026/5/R/272,LD-08,Full inspection after 50 hr of engine overhaul; 1st service done,2026-05-25,2026-05-25,Badalgama,,,
2026/5/R/273,MT-270,Hy. hose repair,2026-05-25,2026-05-26,Mundalama Estate,,,
2026/5/R/274,PA-4193,Service; tail light repair; idling engine RPM checking,2026-05-27,2026-05-29,H/O,,,
2026/5/R/275,FL-01,Radiator hose repair (engine cooling system),2026-05-27,2026-05-30,Warehouse Project,,,
2026/5/R/276,PA-4879,Brake system repair,2026-05-29,2026-06-04,Badalgama,,,
2026/5/R/277,LN-8279,Starter motor repair (kamel katane),2026-05-28,2026-06-03,Badalgama,,,
2026/5/R/278,51-7158,P/S oil leak; light repair (dimmer),2026-05-28,2026-05-30,Badalgama,,,
2026/5/R/279,57-3062,Engine overheating,2026-05-28,2026-05-28,Badalgama,,,
2026/5/R/280,Jack Hammer,Machine inspection & lubrication,2026-05-28,2026-05-28,Mallawagedara Bridge,,,
2026/5/R/281,HEX-21,Hy. leak repair (replace O-rings),2026-05-28,2026-05-28,Mallawagedara Bridge,,,
2026/5/R/282,49-5294,Head light; signal; service,2026-05-30,,Badalgama,,,
2026/5/R/283,MG-05,Jack seal (blade jada); Hy. pump oil leak; brake repair; E/oil level decreasing; service,2026-05-30,,Marawila,,,
2026/6/R/284,LO-8350,Accelerator cable repair; clutch adjust; buffer repair; F/windscreen insurance work; wiper repair; greasing,2026-06-01,2026-06-15,Badalgama,,,
2026/6/R/285,LB-4824,Abnormal heat of F/hub; speedo meter repair; starter motor not working sometimes,2026-06-02,2026-06-05,Badalgama,,,
2026/5/R/286,FL-02,CMC & CSC R/kit,2026-06-02,2026-06-03,Fabrication,,,
2026/5/R/287,57-3062,Battery bracket repair; battery repair (damaged due to no bracket),2026-06-02,2026-06-02,Badalgama,,,
2026/5/R/288,CR-02,Fuel system repair,2026-06-02,2026-06-02,Badalgama,,,
2026/5/R/289,PH-6744,Fuel feed pump replace; speedo meter repair; door winder repair,2026-06-02,2026-06-04,Marawila,,,
2026/5/R/290,VR-48,Travelling lever cable lubricating,2026-06-02,2026-06-03,Badalgama,,,
2026/5/R/291,57-3062,Abnormal noise of engine (check & identify AC belt & adjuster pulley loosen),2026-06-05,2026-06-07,Badalgama,,,
2026/5/R/292,LL-1782,Brake foot valve air leak repair; fan belt replace,2026-06-05,2026-06-06,Badalgama,,,
2026/6/R/293,LN-8278,Service; door repair (F),2026-06-05,2026-06-10,Badalgama,,,
2026/5/R/294,LP-1568,Rear brake system air leak repair; adjust brakes; deck light repair (not done); LH door mirror replace (not done),2026-06-05,2026-06-05,Badalgama,,,
2026/6/R/295,48-4849,Cab mount loosen,2026-06-05,2026-06-09,Badalgama,,,
2026/6/R/296,SL-15,Bucket repair,2026-06-05,2026-06-07,Marawila / Badalgama,,,
2026/6/R/297,PV-6889,F/LH axle repair; door winder repair,2026-06-05,2026-06-09,Kotugoda Bridge,,,
2026/5/R/298,CR-02,Alternator repair (overcharging),2026-06-05,2026-06-06,Warehouse Project,,,
2026/6/R/299,,Spares request,2026-06-06,2026-06-25,Batticaloa,,,
2026/6/R/300,AC-25,Starter motor repair,2026-06-06,2026-06-19,Mallawagedara Bridge,,,
2026/6/R/301,ZA-2609,(No remark recorded),2026-06-07,2026-06-08,Badalgama,,,
2026/6/R/302,LO-8348,Front right side footstep repair; speedo meter repair; accelerator cable repair,2026-06-07,2026-07-06,Badalgama,,,
2026/6/R/303,PA-4879,"Speedo meter repair,made a gear wheel for gear box inside.173241KM",2026-06-07,2026-06-09,Badalgama,,,
2026/6/R/304,ZB-1546,"Spaires Request,Multi jack seal kit 2,loader bucket seal kit 1 ,backhoe bucket seal kit 1, arm seal kit 1, F pinion seal.",2026-06-08,2026-06-08,Batticaloa,,,
2026/6/R/305,LO-4816,"Spaires request,water pump 1,door lock 2",2026-06-08,2026-06-08,Batticaloa,,,
2026/6/R/306,SR-06,Drum mount supply 4 nos,2026-06-08,2026-06-30,Batticaloa,,,
2026/6/R/307,RS-0483,Spairs Request,2026-06-09,2026-06-12,CEP-03,,,
2026/6/R/308,28-4314,"Hand brake cable,car set ,carpet,transmission system repair,suspention & steering system repair",2026-06-09,2026-06-22,Badalgama,,,
2026/6/R/309,PH-3945,"Fuel system repair(Engine starting defect),Injector 4 nos & injector pump repair ( sanjaya - colombo)",2026-06-09,2026-07-09,H/O,,,
2026/6/R/310,ACS-21,"Fix new engine,Travelling wheel repair",2026-06-09,2026-06-26,Batticaloa,,,
2026/6/R/311,LO-7855,"Adjust brake,boom u bolt chck and tight bolt and nut,adjust ball joints,wash and grease",2026-06-10,2026-06-10,Solution,,,
2026/6/R/312,LL-1782,"Service,Spring blade repair,increase engine oil level,decrease water level in the reserve tank,diesel tank leak repair and clean",2026-06-16,2026-06-20,Badalgama,,,
2026/6/R/313,LX-1679,Rear LH hub bearing replace (HM212049) bore diameter 66.675mm,2026-06-10,2026-06-10,Badalgama,,,
2026/6/R/314,PTR-10,"Brake Repair ( Hose,Starter motor repair,ignition switch,R/LH hub bolt replace",2026-06-10,2026-06-30,Maravila,,,
2026/6/R/315,PD-7049,"F/LH shock absorber repair, Rear door lock repair, F/buffer repair (Accident), Upper arm bush, Lower arm bush, Lower arm ball joint,CV boot, rear shock absorber 2, Rear spring bush 12, Rear Spring blade, Fiber plate 12, Spring blade forming, wheel alignment.",2026-06-11,2026-06-24,Marawila,,,
2026/6/R/316,HEX-41,Hydraulic Hose repair,2026-06-10,2026-06-10,Mallawagedara Bridge,,,
2026/6/R/317,51-7188,"steering Rack oil leak, Steering rack check, wheel Alignment, Check suspension sys.",2026-06-11,2026-06-19,Badalgama,,,
2026/6/R/318,SR-11,"Starting defect, Fuel repair, Water in fuel tank.",2026-06-11,2026-06-13,Warehouse project,,,
2026/6/R/319,LD-08,"Steering jack pin repair, center Pin free play.",,,Badalgama,Cancell,,
2026/6/R/320,DAH-2228,Brake System repair (Hand brake cable),2026-06-12,2026-06-13,Batticaloa,,,
2026/6/R/321,LX-1045,"Final drive system repair, Check & replace Hub bolt & nut, Check & replace rims.",,,Badalgama,,,
2026/6/R/322,LD-09,"Spare supply, Diode plate alternator repair.",2026-06-03,2026-06-21,CEP-03,,,
2026/6/R/323,10-7182,Spares Supply (Speedo meter Sensor),2026-06-13,2026-06-14,CEP-03,,,
2026/6/R/324,10-5983,Spares Supply (Speedo meter Sensor),2026-06-13,2026-06-14,CEP-03,,,
2026/6/R/325,CR-01,"Spares supply, Main Hy speed Solenoid Coil repair",2026-06-15,2026-06-17,CEP-03,,,
2026/6/R/326,PA-6744,"Speedo meter repair, Seat Cushion, R/ door repair (Auto Base), Replace water pump, check & repair Steering free play",2026-06-15,2026-06-26,Mannar,,,
2026/6/R/327,SR-13,"Wash & grease, check all levels, Seat Cushion, Elec repair (Lights).",2026-06-15,2026-06-20,Kilinochchi,,,
2026/6/R/328,LD-05,"Fuel system repair.Repair (Diesel block)Stop solenoid adjust, Wash, grease, ",2026-06-14,2026-06-16,Badalgama,,,
2026/6/R/329,MG-14,"Spares Supply,Jack seal kit (Nos), Dust Boot",2026-06-14,2026-06-20,Batticaloa,,,
2026/6/R/330,SL-17,"Travelling motor Seal kit replace, Seat cushion, Travelling motor bearing replace",2026-06-17,2026-06-30,Batticaloa,,,
2026/6/R/331,CM,Mixer drive sys. repair,2026-06-17,,Mannar,,,
2026/6/R/332,BGY-6440,Starting defect,2026-06-18,2026-06-18,Badalgama,,,
2026/6/R/333,FL-01,Overheating,2026-06-20,2026-06-24,Warehouse Project,,,
2026/6/R/334,LA-9208,F/LH axel repair,2026-06-18,2026-06-19,Marawila,,,
2026/6/R/335,SR-11,Starting defect. ,2026-06-20,2026-06-21,Badalgama,,,
2026/6/R/336,MG-07,"Circle motor pin replace, F/Number plate repair,Roof repair (Replace nut & bolt), Oil leak repair, Does not engage 6th gear",2026-06-19,2026-06-22,Warehouse project,,,
2026/6/R/337,HD-9005,Pay-loader lifting jack shoe repair,2026-06-19,2026-06-23,Badalgama,,,
2026/6/R/338,LB-26 / ZB-4605,1st Service (C-Com),2026-06-19,,Mannar,,,
2026/6/R/339,Wacker 2 Nos,Check start & testing,2026-06-20,2026-06-20,Mannar (Musali),,,
2026/6/R/340,PA-4879,Speedo Meter replaced. Done by site,2026-06-20,2026-06-22,Musali,,,
2026/6/R/341,41-1130,"Engine cooling system repair,1167Hrs,Head pressure test by edirisighe (replace valve guide)",2026-06-20,2026-07-10,Badalgama,,,
2026/6/R/342,LI-7618,"Oil change wiper repair,F/cab mount repir, F/ brake pin repair, Silancer repair, F/LH door lock, door winder repair, pinion repair,Light repair, F/ Foot rack repair,speedo meter check and repair,",,,CEP-03,,,
2026/6/R/343,57-3062,"Radiator water inlet repair,Replace shockabsober,replace pinion seal",2026-06-20,2026-06-24,Badalgama,,,
2026/6/R/344,48-4849,Bucket pin turn out,2026-06-22,2026-06-22,Badalgama,,,
2026/6/R/345,51-7158,Fix Seat belt,,,,Cancell,,
2026/6/R/346,PC-7812,"Steering rack repair,power steering oil leak, replace rack ends",2026-06-22,2026-06-23,Mannar,,,
2026/6/R/347,LB-01,Starter motor repair,2026-06-22,2026-06-23,Badalgama,,,
2026/6/R/348,LN-8278,Boom Elec repair ( Engine rpm increase but dosenot decrease,2026-06-26,2026-06-26,Badalgama,,,
2026/6/R/349,GE-102,Check and repair service,2026-06-24,2026-06-30,Batticaloa,,,
2026/6/R/350,Engine driven water pump,Prepair a machine,,,Panama Site,,,
2026/6/R/351,LK-4058,"Check  Trans system (gear box),Engine mirnor repair, (repalced used con rod), starter motor repair wash and clean, ",2026-06-24,2026-06-27,Badalgama,,,
2026/6/R/352,CM-02,running fabrication repair,2026-06-25,,Where House project,,,
2026/6/R/353,Diesel Unloading Motor - Filling station badalgama yard,"Motor Rewinding,Coupling making",2026-06-24,2026-06-30,Badalgama,,,
2026/6/R/354,LY-4524,"Mid axal repair, fix fog lights, service,air suspention system  repair,LH signal(tailer) F/Head light replace.Indicate switch off,on dashboard, air drayer leak,cab lifting jack oil leak",2026-06-24,2026-07-07,Badalgama,,,
2026/6/R/355,40-8060,"Gear box repair,Spares supply (clutch plate,clutch bearing)",2026-06-24,,Batticaloa,,,
2026/6/R/356,LB-21,Turbocharger replace New one,2026-06-24,2026-06-26,Galagedara,,,
2026/6/R/357,HEX-29,"Engine mount repair,Undercarriage check and repair, AC repair,Electrical system check and repair",,,Badalgama,,,
2026/6/R/358,PV-6889,Replace clutch washer ( Done by site) labor -3500,2026-06-26,2026-06-27,Gampaha Bridge,,,
2026/6/R/359,HU-5097,Engine cooling system repair (water leak),2026-06-27,2026-06-27,Badalgama,,,
2026/6/R/360,MG-10,"Check all oil levels ( Wash and greasing) replace guide rads,cutting edge with nut and bolt",2026-06-27,2026-06-30,Mannar,,,
2026/6/R/361,SL-09,"Starting default,electrical system repair,wash and greasing,check service ",2026-06-27,2026-07-05,Mannar,,,
2026/6/R/362,LP-1574,"AC repair,Adjust breake,replace tail light cup and battery,diesel meter not working",2026-07-01,2026-07-01,Badalgama,,,
2026/6/R/363,LP-1720,"Abnormal noice of pinion(Propeller shaft turn out,but not move vehicle),Deck painting",2026-06-28,,Badalgama,,,
2026/6/R/364,ZA-2964,"Jack seal,Valve box oil leak, starter motor repair,4WD propeller shaft repair,filter head, radiator cleaning,fan belt adust noice",,,Batticaloa,,,
2026/6/R/365,CR-02,"Cabin door bearing , alternator belt replace ( 2 nos)",2026-07-01,2026-07-01,Where House project,,,
2026/6/R/366,PH-6744,"Rear wheel bearing repair ( remove dust in drums),Abnormal noice,F/RH door hinger bushing,gear engaging default check ok,number plate bulb change,AC belt fix,Drag link ball joint repair",2026-06-30,2026-07-01,Mannar,,,
2026/6/R/367,PE-3911,Request R shockabsober,2026-06-30,,Batticaloa,,,
2026/6/R/368,SL-03,"Request drive belt ,belt adjuster,fuel feed pump",2026-06-30,,Batticaloa LoT-02,,,
2026/6/R/369,ZB-1521,"Replace multijack seal,AC repair",2026-07-01,2026-07-01,Solution Inginimitiya,,,
2026/6/R/370,PA-6399,Gear engaging Default (Gear box repair),2026-07-01,2026-07-14,Inginimitiya,,,
2026/6/R/371,LA-9208,"Speedo meter repair,Heat meter repair,Ligt repair (Signal,head,brake),silancer repair,reverse gear engaging default cab tinkering Auto bacs ,Radiator water leak,Service,RH Door glass fix",2026-07-04,,Maravila,,,
2026/6/R/372,LP-1579,Spares supply PTO Switch,2026-07-01,2026-07-01,batticaloa,,,
2026/6/R/373,LP-1710,Spares supply PTO Switch,2026-07-01,2026-07-01,batticaloa,,,
2026/6/R/374,TR-146,"Fuel system repair,service and testing",2026-07-01,2026-07-02,Mannar,,,
2026/6/R/375,ASC-25,"Silancer change ,fuel system clean,check,repair and testing,governer repair,oil change,machine testing,replace cutting wheel,drive belts.",2026-07-01,2026-07-01,Ruwanwella,,,
2026/6/R/376,ZB-1548,Hy hose replace,2026-07-01,2026-07-01,Kotugoda Bridge,,,
2026/6/R/377,RC-9894,"Starter motor not working,Hitch hook not working,Steering wheel is tight,hand brake,service brake repair,center pinbush repair",2026-07-03,2026-07-08,Badalgama,,,
2026/6/R/378,GL-0019,"Air brake system repair,(steel hose brass welding)",2026-07-02,2026-07-03,Badalgama,,,
2026/6/R/379,ZB-1980,"Fuel system repair,Terbocharger diagnese",2026-07-04,,Galagedara,,,
2026/6/R/380,48-4849,Properller shaft gearbox side coupling repair,2026-07-04,2026-07-08,Badalgama,,,
2026/6/R/381,FL-01,Hy hose replace,2026-07-07,2026-07-07,Where House project,,,
2026/6/R/382,LD-05,Bucket operating lever enable repair,2026-07-05,2026-07-06,Badalgama,,,
2026/6/R/383,LY-1614,"Service,Cabin light rear fog light 2 nos fixing",,2026-07-09,Badalgama,,,
2026/6/R/384,HU-5097,"Water leak from windscreen,beeding,numberplate fix,R/LH door winder repair",2026-07-06,2026-07-06,Badalgama,,,
2026/7/R/385,68-5115,Gearbox repair,2026-07-06,2026-07-11,Ruwanwella,,,
2026/7/R/386,DAH-2230,Power steering box repair,2026-07-06,2026-07-06,Ruwanwella,,,
2026/7/R/387,SL-15,Spares supply (Driver belt),2026-07-06,2026-07-07,Ruwanwella,,,
2026/7/R/388,LK-4057,"Fix water tank removed from LI-3396 Fuel system repair,door winder repair,door lock, check all oil levels",2026-07-06,2026-07-11,Batticaloa,,,
2026/7/R/389,LI-3857,"Wiper blade with arm,door winder,check battery charging,head light,tail light,change fuel filters,full check up,wash and grease",2026-07-06,,Muthur Plant,,,
2026/7/R/390,HEX-42,fuel system repair (remove and service injectors),2026-07-06,2026-07-15,CEP-03,,,
2026/7/R/391,VR-59,"Service,check all oil levels,wash and grease fix new battery",2026-07-06,2026-07-06,Galagedara,,,
2026/7/R/392,VR-64,Check all oil levels wash and grease,2026-07-06,2026-07-06,Mannar,,,
2026/7/R/393,28-4314,Center bearing with mount replace,2026-07-07,2026-07-08,Badalgama,,,
2026/7/R/394,51-7458,Suspension repair; gear cable repair; seat belt fix,2026-07-07,2026-07-15,Badalgama,,,
2026/7/R/395,BII-2094,Check & service,2026-07-07,2026-07-07,Marawila,,,
2026/7/R/396,HEX-43,"Supply spares - track master pin Ø33 x 210 mm (L), Case 290 excavator",2026-07-08,2026-07-09,Batticaloa,,,
2026/7/R/397,HEX-18,Hydraulic hoses (2); hydraulic oil top-up,2026-07-08,2026-07-08,Warehouse,,,
2026/7/R/398,CR-02,Cabin door bearing replace; door tinkering; alternator pulley change; axle oil leak repair,2026-07-08,2026-07-13,Warehouse,,,
2026/7/R/399,LP-1713,Adjust brakes; replace tail light lens,2026-07-09,2026-07-09,Badalgama,,,
2026/7/R/400,57-3062,Engine overheating (engine minor repair),2026-07-09,,Badalgama,,,
2026/7/R/401,LM-2298,Bitumen pumping defect; speedometer repair,2026-07-10,2026-07-11,Marawila,,,
2026/7/R/402,PH-0765,Upper arm bush repair; upper arm ball joint repair; tie rod repair; lower arm ball joint repair; shock absorber bush repair; A/C repair; cabin beading repair (water leak from beading),2026-07-11,,Ruwanwella,,,
2026/7/R/403,ZB-1548 (LB-18),Collar bush repair (bucket for Kirindiwela bridge),2026-07-11,2026-07-11,Kirindiwela / Badalgama,,,
2026/7/R/404,48-4849 (BM-01),Speedometer repair (not working); full service,2026-07-13,2026-07-16,Badalgama,,,
2026/7/R/405,LK-6738,Rear tyre oil seal replacement; power steering pump oil seal replacement; brake adjustment; wiper blade replacement; PTO repair; hose repair; rear door lock repair; full service; speedometer repair,2026-07-11,,Marawila,,,
2026/7/R/406,HEX-23 (Excavator),Full service,2026-07-11,2026-07-11,Mallawagedara,,,
2026/7/R/407,GE-126 (Generator),Check and prepare for running condition for transfer to Galagedara site,,,Badalgama > Galagedara,,,
2026/7/R/408,GE-53 (Generator),Check and prepare for running condition for transfer to Galagedara site,,,Badalgama > Galagedara,,,
2026/7/R/409,GE-66 (Generator),Check and prepare for running condition for transfer to Galagedara site,,,Badalgama > Galagedara,,,
2026/7/R/410,TM-17,Electrical repair - boom angle sensor not connected or short to ground; done by E-Com,2026-07-12,,Meppigala,,,
2026/7/R/411,ZB-1496 (PC-02),Concrete pumping pistons not working (electrical circuit board repair); done by E-Com,2026-07-12,,CEP-03,,,
2026/7/R/412,43-1191,Gearbox repair,2026-07-12,,Batticaloa,,,
2026/7/R/413,RA-3051,Starter motor repair,2026-07-13,,Badalgama,,,
2026/7/R/414,LN-8278,Noise heard when braking on front left wheel; heat meter and diesel meter not working; brake oil reduced; 'daflo' tank broken,,,Badalgama,,,
2026/7/R/415,LY-1045,Brake repair,,,Badalgama,,,
2026/7/R/416,GL-0019,Brake liner replace,2026-07-16,,Badalgama,,,
2026/7/R/417,253-2574,"Power oil leak to pump; wheel alignment checking; wipers not working; silencer damage; battery not charging; engine oil head leak; driving seat damage; number plate back light not working; last service at meter 479797, next service 485797; horn not working",2026-07-14,,Badalgama / Mannar,,,
2026/7/R/418,ZB-1979,"Spares supply (hub bearing x2, hub seal x2); radiator repair",2026-07-14,,Batticaloa,,,
2026/7/R/419,MG-06,"Jack (cylinder) seal repair - tie rod, blade; converter oil leak; brake master pump repair kit; blade mould board repair; front tyre replace; circle wheel repair",,,Badalgama,,,
2026/7/R/420,LD-05,Wash and general greasing,2026-07-15,2026-07-16,Badalgama,,,
2026/7/R/421,41-1130,Power shutter not working; meter not working,2026-07-15,2026-07-16,Badalgama,,,
2026/7/R/422,ZA-7692,Final drive repair,2026-07-15,2026-07-16,Udugampola,,,
2026/7/R/423,ZA-8578 (PC-01),Starter motor repair,2026-07-15,,CEP-03,,,
2026/7/R/424,HEX-37,"Convert to short arm, boom, bucket; hydraulic oil top-up; machine painting; side door tinkering",2026-07-15,2026-07-16,Galagedara,,,
2026/7/R/425,RA-3051,Starter motor repair,2026-07-15,,Badalgama,,,
2026/7/R/426,AC-14,(No remarks recorded),2026-07-15,,Mannar,,,
2026/7/R/427,PY-2406 (SC-06),Not starting; hand brake repair,2026-07-16,,Badalgama,cancell,,
2026/7/R/428,LO-7182,Tinkering and painting; hub oil leak repair (left side); main glass changing (insurance),,,Badalgama,,,
2026/7/R/429,AC-25 (Air compressor),Engine overheating (boiling),,,Badalgama,,,
2026/7/R/430,AC-24 (Air compressor),Engine overheating (boiling),,,Badalgama,,,
2026/7/R/431,LD-8875 (WB-20),Power steering oil leak; gear system not working properly; engine oil burning (level decreasing); brake check and repair (noise coming from brake); diesel block; not starting; driving seat repair,,,Marawila site,,,
2026/7/R/432,DAH-2228,"Starter Motor repair. Diesel leak form injectors,air cleaner channging,head light repair (now work)",,,Avissawella,,,
2026/7/R/433,SL-14,"Oil seal replace,accelarator coil leak,travelling is not working properly ( During heavy load)",,,Maravila,,,
2026/7/R/434,,Tractor Tailer ramp pin,2026-07-18,,Badalgama,,,
2026/7/R/435,PV-6889,"Right side body and door/buffer/side mirror repair,accident repair,brake,adjustment,hand brake fix,engine stop cable replacement",,,Gampaha Bridge,,,
2026/7/R/436,41-1130,"Speed meter repair,diesel pump current line fix,brake adjustment",,,Badalgama,,,
2026/7/R/437,41-7225,"Cabin door lock repair, cabin door winder repair,brake adjusment or repair,not starting",,,Badalgama,,,
2026/7/R/438,BGG-6941,"Service,Chasi damages sheet repair,petrol tank paint,battery charging,right side- front signal light,replacement,head light cover body kit repair,hone fixing,chain gard fixing,engine checkup for running condition",,,Kilinochchi,,,
2026/7/R/439,BIE-8538,"Service,petrol tank paint, right side (side mirror fix),back side (front racks repair),Head light cover body kit repair,battery check and chargering,petrol line repair,engine check and repair to running condition,chasi repair chain guard fining",,,Kilinochchi,,,
2026/7/R/440,48-4849,Right and left body light repair,2026-07-19,2026-07-20,Badalgama,,,
2026/7/R/441,LP-1716,Clutch system repair (clutch plate),,,TR-01,,,
2026/7/R/442,DAH-2229,"Clutch racer repair (A noice coming from clutch system),Hand brake repair repair (Cable damage)",2026-07-20,,Gampaha Bridge,,,
2026/7/R/443,ZA-9716,"Front tyre brake repair,Suspention jacks nitrogen check and filling,pinion oil changing,Telescope jack seal replacement,AML safety device and monitor repair",,,Badalgama,,,
2026/7/R/444,GE-118,"AVR repair,Coil repair",,,Karthiuw bridge,,,
2026/7/R/445,GE-126 ,Please check and repair to running condition,,,Badalgama,,,
2026/7/R/446,HU-5097,"Left side ( body) signal light repair,coolent replacement",2026-07-20,2026-07-20,Badalgama,,,
2026/7/R/447,SGM-02,"New battery replacement,air filter change,all part greasing,diesel tank cleaning,engine oil topup, brake oil topup,accelarator cable repair,operator cusion repair,inginition switch replacement fan belt adustment,battery charging check machine testing",2026-07-18,2026-07-20,Badalgama,,,
