id,product_id,txn_date,kind,qty_received,qty_issued,balance_after,consumer_type,asset_id,project_id,description,mr_no,mtn_no,remark,voided
1,1,2025-11-20,opening,28,0,27,,,,b/f,,,,0
2,1,2025-11-22,issue,0,1,26,asset,360,,HEX-37,,,,0
3,1,2025-11-22,issue,0,2,24,asset,104,,VR-40,,,,0
4,1,2025-11-23,issue,0,20,4,project,,3,Marawila I Road Project,127651,64972,,0
5,1,2025-11-23,receipt,11,0,15,,,,Excess Received,,,,0
6,1,2025-11-23,issue,0,16,-1,asset,288,,LO-4824,,,,0
7,1,2025-12-09,receipt,200,0,199,,,,Main Stores,141251,,,0
8,1,2025-12-09,issue,0,5,194,asset,193,,LK-5041,,,,0
9,1,2025-12-09,issue,0,15,179,asset,52,,SR-05,,,,0
10,1,2025-12-10,issue,0,2,177,unknown,,,LO-4925,,,,0
11,1,2025-12-10,issue,0,13,164,asset,12,,ZA-8337,,,,0
12,1,2025-12-10,issue,0,15,149,asset,189,,48-4849,,,,0
13,1,2025-12-10,issue,0,6,143,asset,376,,RC-9894,,,,0
14,1,2025-10-10,issue,0,1,-1,unknown,,,CM-33,,,,0
15,1,2025-12-10,issue,0,5,138,project,,2,Ruwanwella Water Project,,71969,,0
16,1,2025-12-11,issue,0,40,98,asset,336,,LN-8279,,,,0
17,1,2025-12-12,issue,0,2,96,unknown,,,Electric Compressor,,,,0
18,1,2025-12-12,issue,0,10,86,project,,7,Iginimitiya,126910,,,0
19,1,2025-12-12,issue,0,3,83,asset,238,,PR-1469,,,,0
20,1,2025-12-13,issue,0,14,69,asset,144,,PTR-10,,,,0
21,1,2025-12-13,issue,0,50,19,project,,1,CEP-03,2224,64983,,0
22,1,2025-12-14,issue,0,0.5,18.5,asset,196,,PA-4193,,,,0
23,1,2025-12-16,issue,0,15,3.5,asset,43,,ZA-7925,,,,0
24,1,2025-12-16,receipt,200,0,203.5,,,,Main Stores,141259,,,0
25,1,2025-12-17,issue,0,7,196.5,internal,,,Pile Driver,,,,0
26,1,2025-12-17,issue,0,15,181.5,asset,293,,LO-5984,,,,0
27,1,2025-12-17,issue,0,20,161.5,project,,4,Batticoloa-LOT/02,203560,71979,,0
28,1,2025-12-17,receipt,200,0,361.5,,,,Main Stores,141264,,,0
29,1,2025-12-17,issue,0,200,161.5,internal,,,Service Truck,,,,0
30,1,2025-12-18,issue,0,1,160.5,asset,243,,DAH-2491,,,,0
31,1,2025-12-18,issue,0,3,157.5,internal,,,Service Carture Engine,,,,0
32,1,2025-12-18,issue,0,5,152.5,asset,225,,325-3448,,,,0
33,1,2025-12-18,issue,0,15,137.5,asset,274,,LI-3851,,,,0
34,1,2025-12-18,issue,0,50,87.5,project,,1,CEP-03-E,2223,71982,,0
35,1,2025-12-19,issue,0,2,85.5,asset,331,,GL-0019,,,,0
36,1,2025-12-19,receipt,200,0,285.5,,,,Main Stores,141272,,,0
37,1,2025-12-19,issue,0,8,277.5,internal,,,Pile Driver,,,,0
38,1,2025-12-19,issue,0,10,267.5,asset,184,,LL-0623,,,,0
39,1,2025-12-20,issue,0,13,254.5,asset,1,,ZA-2609,,,,0
40,1,2025-12-20,issue,0,16,238.5,asset,286,,LO-4822,,,,0
41,1,2025-12-20,issue,0,1,237.5,asset,383,,FL-02,,,,0
42,1,2025-12-22,issue,0,14,223.5,asset,247,,LK-4057,,,,0
43,1,2025-12-22,issue,0,18,205.5,asset,312,,LP-1569,,,,0
44,1,2025-12-22,issue,0,8,197.5,unknown,,,41-7225,,,,0
45,1,2025-12-22,issue,0,14,183.5,asset,275,,LE-4986,,,,0
46,1,2025-12-22,issue,0,8,175.5,asset,378,,49-5294,,,,0
47,1,2025-12-23,issue,0,13,162.5,unknown,,,LO-4925,,,,0
48,1,2025-12-23,issue,0,1,161.5,unknown,,,LO-4925,,,,0
49,1,2025-12-23,issue,0,4,157.5,asset,331,,GL-0019,,,,0
50,1,2025-12-23,issue,0,7,150.5,unknown,,,ASC-21,,,,0
51,1,2025-12-23,issue,0,13,137.5,asset,39,,LJ-8055,,,,0
52,1,2025-12-24,issue,0,15,122.5,asset,282,,LM-7942,,,,0
53,1,2025-12-24,issue,0,13,109.5,asset,269,,LK-4058,,,,0
54,1,2025-12-26,issue,0,10,99.5,asset,22,,ZB-2586,,,,0
55,1,2025-12-26,issue,0,10,89.5,asset,4,,RS-0401,,,,0
56,1,2025-12-27,issue,0,10,79.5,asset,267,,LK-5586,,,,0
57,1,2025-12-28,issue,0,1,78.5,asset,220,,57-3062,,,,0
58,1,2025-12-29,issue,0,23,55.5,asset,108,,VR-44,,,,0
59,1,2025-12-29,issue,0,18,37.5,asset,248,,HS-1794,,,,0
60,1,2026-01-02,receipt,200,0,237.5,,,,Main Stores,141298,,,0
61,1,2026-01-03,issue,0,1,236.5,asset,189,,48-4849,,,,0
62,1,2026-01-04,issue,0,10,226.5,project,,3,Marawila site,127690,71994,,0
63,1,2026-01-04,issue,0,6,220.5,unknown,,,PD-7049,,,,0
64,1,2026-01-05,issue,0,0.5,220,unknown,,,AC-37,,,,0
65,1,2026-01-05,issue,0,15,205,asset,6,,ZA-0447,,,,0
66,1,2026-01-05,issue,0,1,204,asset,29,,LD-05,,,,0
67,1,2026-01-05,issue,0,30,174,internal,,,Service Truck,,,,0
68,1,2026-01-06,issue,0,6.5,167.5,asset,224,,PA-6399,,,,0
69,1,2026-01-07,issue,0,6.5,161,unknown,,,51-7155,,,Auto bax,0
70,1,2026-01-08,issue,0,2,159,asset,243,,DAH-2491,,,,0
71,1,2026-01-08,issue,0,2,157,unknown,,,CM-33,,,,0
72,1,2026-01-08,issue,0,18,139,asset,323,,LP-1713,,,,0
73,1,2026-01-08,issue,0,18,121,asset,314,,LP-1574,,,,0
74,1,2026-01-08,issue,0,2.5,118.5,asset,106,,VR-42,,,,0
75,1,2026-01-08,issue,0,18,100.5,asset,319,,LP-1566,,,,0
76,1,2026-01-09,issue,0,1.75,98.75,asset,192,,LN-8278,,,,0
77,1,2026-01-09,issue,0,30,68.75,asset,360,,HEX-37,,,,0
78,1,2026-01-10,issue,0,2,66.75,asset,164,,SL-06,,,,0
79,1,2026-01-11,issue,0,1,65.75,asset,284,,LN-9046,,,,0
80,1,2026-01-11,issue,0,6,59.75,asset,220,,57-3062,,,,0
81,1,2026-01-12,issue,0,2,57.75,unknown,,,LG-1617,,,,0
82,1,2026-01-13,issue,0,1,56.75,unknown,,,TRN-17,,,,0
83,1,2026-01-16,issue,0,14,42.75,asset,32,,LD-08,,,,0
84,1,2026-01-16,issue,0,12,30.75,asset,34,,LK-5048,,,,0
85,1,2026-01-16,receipt,400,0,430.75,,,,Main Stores,141298,,,0
86,1,2026-01-16,issue,0,200,230.75,internal,,,Service Truck,,,,0
87,1,2026-01-17,issue,0,13,217.75,asset,192,,LN-8278,,,,0
88,1,2026-01-17,issue,0,1,216.75,asset,220,,57-3062,,,,0
89,1,2026-01-17,issue,0,10,206.75,unknown,,,LB-25,,,New JCB,0
90,1,2026-01-18,issue,0,60,146.75,project,,1,CEP-03-E,2417,58068,,0
91,1,2026-01-18,issue,0,2,144.75,asset,331,,GL-0019,,,,0
92,1,2026-01-19,issue,0,9.5,135.25,asset,78,,VR-14,,,,0
93,1,2026-01-20,issue,0,13,122.25,asset,383,,FL-02,,,,0
94,1,2026-01-22,issue,0,5,117.25,asset,345,,PV-6889,,,,0
95,1,2026-01-22,issue,0,22,95.25,internal,,,Service Truck,,,,0
96,1,2026-01-23,issue,0,6,89.25,unknown,,,AC-38,,,,0
97,1,2026-01-24,issue,0,5,84.25,asset,32,,LD-08,,,,0
98,1,2026-01-26,issue,0,1,83.25,unknown,,,TRN-17,,,,0
99,1,2026-01-26,issue,0,1,82.25,unknown,,,TRN-18,,,,0
100,1,2026-01-27,issue,0,15,67.25,unknown,,,Maravila Rd Project,2477,64372,,0
101,1,2026-01-28,issue,0,2,65.25,unknown,,,GE-131,,,,0
102,1,2026-01-28,issue,0,1,64.25,asset,404,,BIE-8724,,,,0
103,1,2026-01-29,issue,0,1,63.25,asset,196,,PA-4193,,,,0
104,1,2026-01-29,issue,0,1,62.25,unknown,,,GE-39,,,,0
105,1,2026-01-29,issue,0,13,49.25,asset,35,,LK-5047,,,,0
106,1,2026-01-30,issue,0,3,46.25,asset,190,,LC-0434,,,,0
107,1,2026-01-30,issue,0,2,44.25,asset,324,,LP-1720,,,,0
108,1,2026-01-30,issue,0,9,35.25,asset,168,,SL-10,,,,0
109,1,2026-01-31,issue,0,0.5,34.75,asset,353,,HEX-23,,,,0
110,1,2026-02-02,issue,0,2,32.75,asset,331,,GL-0019,,,,0
111,1,2026-02-02,issue,0,3,29.75,unknown,,,GE-152,,,,0
112,1,2026-02-03,issue,0,1,28.75,asset,222,,PA-4879,,,,0
113,1,2026-02-03,issue,0,10,18.75,asset,343,,41-1130,,,,0
114,1,2026-02-05,issue,0,0.5,18.25,unknown,,,Porker Engine-,,,,0
115,1,2026-02-05,issue,0,0.5,17.75,unknown,,,Porker Engine-S/N-C-756310,,,,0
116,1,2026-02-05,receipt,200,0,217.75,,,,Main Stores,,142489,,0
117,1,2026-02-05,issue,0,30,187.75,project,,1,CEP-03 New,2548,64375,,0
118,1,2026-02-06,issue,0,10,177.75,project,,2,Ruwanwella Water Project,2577,64376,,0
119,1,2026-02-07,issue,0,30,147.75,project,,4,BT/LOT-02-Batticoloa,2526,64377,,0
120,1,2026-02-07,issue,0,1,146.75,asset,224,,PA-6399,,,,0
121,1,2026-02-07,issue,0,22,124.75,asset,29,,LD-05,,,,0
122,1,2026-02-08,issue,0,25.5,99.25,asset,363,,HEX-41,,,,0
123,1,2026-02-09,issue,0,24,75.25,asset,362,,HEX-40,,,,0
124,1,2026-02-10,receipt,200,0,275.25,,,,Main Stores,,142494,,0
125,1,2026-02-10,issue,0,200,75.25,internal,,,Service Truck,,,,0
126,1,2026-02-10,issue,0,1.5,73.75,unknown,,,ASC-25,,,,0
127,1,2026-02-11,issue,0,1.5,72.25,unknown,,,ASC-20,,,,0
128,1,2026-02-11,issue,0,1,71.25,asset,388,,BET-3772,,,,0
129,1,2026-02-12,issue,0,2,59.25,asset,190,,LC-0434,,,,0
130,1,2026-02-13,issue,0,1,58.25,unknown,,,Plate Compactor(S/N-R 4411 ),,,,0
131,1,2026-02-15,issue,0,2,56.25,asset,331,,GL-0019,,,,0
132,1,2026-02-15,issue,0,12,44.25,unknown,,,LO-7855,,,,0
133,1,2026-02-15,issue,0,6,38.25,asset,207,,PH-0765,,,,0
134,1,2026-02-16,issue,0,2,36.25,asset,193,,LK-5041,,,,0
135,1,2026-02-17,issue,0,2,34.25,asset,32,,LD-08,,,,0
136,1,2026-02-17,issue,0,18,16.25,asset,317,,LP-1568,,,,0
137,1,2026-02-17,issue,0,1,15.25,asset,230,,PJ-6376,,,,0
138,1,2026-02-17,issue,0,1,14.25,unknown,,,Water Pump S/N-C-129657,,,,0
139,1,2026-02-19,issue,0,15,-0.75,unknown,,,Maravila Rd Project,2653,64393,,0
140,1,2026-02-20,receipt,200,0,199.25,,,,Main Stores,,140807,,0
141,1,2026-02-20,issue,0,16,183.25,asset,287,,LO-4823,,,,0
142,1,2026-02-20,issue,0,20,163.25,project,,2,Ruwanwella Water Project,2682,58086,,0
143,1,2026-02-21,issue,0,1.5,161.75,asset,222,,PA-4879,,,,0
144,1,2026-02-21,issue,0,6,155.75,asset,230,,PJ-6376,,,,0
145,1,2026-02-21,issue,0,0.25,155.5,unknown,,,48-8072,,,,0
146,1,2026-02-23,issue,0,18,137.5,asset,324,,LP-1720,,,,0
147,1,2026-02-23,issue,0,16,121.5,asset,193,,LK-5041,,,,0
148,1,2026-02-24,issue,0,14,107.5,asset,189,,48-4849,,,,0
149,1,2026-02-24,issue,0,3,104.5,asset,331,,GL-0019,,,,0
150,1,2026-02-25,issue,0,1,103.5,unknown,,,28-4814,,,,0
151,1,2026-02-26,issue,0,23,80.5,asset,353,,HEX-23,,,,0
152,1,2026-02-26,issue,0,5.5,75,asset,345,,PV-6889,,,,0
153,1,2026-02-28,issue,0,4,71,unknown,,,Avissawella Bridge,174692,64400,,0
154,1,2026-03-01,issue,0,2,69,unknown,,,01 Ton Roller S/N-0509047,,,,0
155,1,2026-03-02,issue,0,1.5,67.5,asset,226,,PH-6742,,,,0
156,1,2026-03-04,issue,0,0.5,67,unknown,,,Fabrication Chain Saw,,,,0
157,1,2026-03-04,issue,0,1,66,asset,353,,HEX-23,,,,0
158,1,2026-03-05,receipt,50,0,116,,,,Returned From Service Team,,,,0
159,1,2026-03-05,receipt,200,0,316,,,,Main Stores,140816,,,0
160,1,2026-03-05,issue,0,200,116,internal,,,Service Truck,,,,0
161,1,2026-03-05,issue,0,15,101,asset,29,,LD-05,,,,0
162,1,2026-03-06,receipt,200,0,301,,,,Main Stores,140818,,,0
163,1,2026-03-06,issue,0,1,300,asset,224,,PA-6399,,,,0
164,1,2026-03-06,issue,0,1,299,asset,224,,PA-6399,,,,0
165,1,2026-03-07,issue,0,40,259,unknown,,,I-Road EP-LOT/03,2560,58096,,0
166,1,2026-03-09,issue,0,1,258,internal,,,Service Karture,,,,0
167,1,2026-03-10,issue,0,5,253,unknown,,,RF-8340,,,,0
168,1,2026-03-10,issue,0,30,223,project,,1,CEP/03-E- NEW,2645,58097,,0
169,1,2026-03-11,issue,0,1,222,asset,211,,PC-7812,,,,0
170,1,2026-02-11,issue,0,10,61.25,unknown,,,LB-25,110810,57852,,0
171,1,2026-03-12,issue,0,1.5,220.5,asset,30,,LD-06,,,,0
172,1,2026-03-12,issue,0,4,216.5,asset,140,,PTR-06,,,,0
173,1,2026-03-13,issue,0,6,210.5,unknown,,,PA-6376,,,,0
174,1,2026-03-15,issue,0,2,208.5,asset,332,,LY-1614,,,,0
175,1,2026-03-15,issue,0,1,207.5,internal,,,Service Karture,,,,0
176,1,2026-03-18,issue,0,6,201.5,asset,211,,PC-7812,,,,0
177,1,2026-03-18,issue,0,1,200.5,asset,241,,DAH-2230,,,,0
178,1,2026-03-18,issue,0,6,194.5,asset,220,,57-3062,,,,0
179,1,2026-03-18,issue,0,30,164.5,project,,1,CEP-03 New,2785,64211,46097,0
180,1,2026-03-19,issue,0,1,163.5,asset,211,,PC-7812,,,,0
181,1,2026-03-19,issue,0,1,162.5,internal,,,Service Karture,,,,0
182,1,2026-03-20,issue,0,20,142.5,internal,,,ICDP/EP/Work Shop,,,,0
183,1,2026-03-20,issue,0,6,136.5,asset,241,,DAH-2230,,,,0
184,1,2026-03-21,issue,0,1,135.5,asset,189,,48-4849,,,,0
185,1,2026-03-21,issue,0,9,126.5,asset,164,,SL-06,,,,0
186,1,2026-03-22,issue,0,0.5,126,unknown,,,Poker Engine-17090328,,,,0
187,1,2026-03-22,issue,0,0.5,125.5,unknown,,,Poker Engine-ES-1811006.1,,,,0
188,1,2026-03-23,issue,0,12,113.5,asset,232,,LO-9810,,,,0
189,1,2026-03-23,issue,0,2,111.5,unknown,,,AC-25,,,,0
190,1,2026-03-24,issue,0,10,101.5,unknown,,,Maravila Rd Project,,57858,,0
191,1,2026-03-24,issue,0,1.25,100.25,unknown,,,NEW Water Pump Engine,,,,0
192,1,2026-03-25,issue,0,2.5,97.75,unknown,,,"4"" Water Pump",,,,0
193,1,2026-03-25,issue,0,28,69.75,asset,331,,GL-0019,,,,0
194,1,2026-03-26,issue,0,2,67.75,unknown,,,NEW Water Pump Engine,,,,0
195,1,2026-03-27,issue,0,0.25,67.5,asset,394,,BDI-8556,,,,0
196,1,2026-03-27,issue,0,6,61.5,asset,200,,HU-5097,,,,0
197,1,2026-03-27,issue,0,5,56.5,asset,198,,59-5421,,,,0
198,1,2026-03-27,issue,0,20,36.5,project,,1,CEP-03 New,2785,64219,,0
199,1,2026-03-27,receipt,200,0,236.5,,,,Main Stores,140836,,,0
200,1,2026-03-27,issue,0,1,235.5,asset,241,,DAH-2230,,,,0
201,1,2026-03-28,issue,0,8,227.5,asset,173,,SL-15,,,,0
202,1,2026-03-31,issue,0,10,217.5,unknown,,,Kotugoda Bridge Site,198656,57865,,0
203,1,2026-03-31,issue,0,1,216.5,asset,222,,PA-4879,,,,0
204,1,2026-04-01,issue,0,3.5,213,asset,335,,325-5120,,,,0
205,1,2026-04-01,issue,0,2,211,unknown,,,LO-0434,,,,0
206,1,2026-04-02,issue,0,26,185,unknown,,,ZA-8395-CR/01,,,,0
207,1,2026-04-03,issue,0,2,183,unknown,,,ZA-8395-CR/01,,,,0
208,1,2026-04-03,issue,0,6.5,176.5,asset,211,,PC-7812,,,,0
209,1,2026-04-10,issue,0,1.5,175,asset,220,,57-3062,,,,0
210,1,2026-04-10,issue,0,2,173,unknown,,,GE-147,,,,0
211,1,2026-04-20,issue,0,0.5,172.5,asset,233,,LB-4824,,,,0
212,1,2026-04-22,issue,0,20,152.5,asset,346,,HEX-01,,,,0
213,1,2026-04-22,issue,0,10,142.5,unknown,,,ZB-2587/Bobcat JCB,,,,0
214,1,2026-04-22,issue,0,1,141.5,asset,158,,MG-17,,,,0
215,1,2026-04-25,issue,0,1,140.5,unknown,,,LB-11 / ZA-7092,,,,0
216,1,2026-04-27,issue,0,10,130.5,unknown,,,GE-62,,,,0
217,1,2026-04-28,issue,0,15,115.5,project,,3,Marawila Road Project,,,,0
218,1,2026-04-28,issue,0,10,105.5,asset,363,,HEX-41,,,,0
219,1,2026-04-28,receipt,200,0,305.5,,,,Main Stores,167403,,,0
220,1,2026-04-28,issue,0,43,262.5,unknown,,,GE-104,,,46118,0
221,1,2026-04-28,issue,0,22,240.5,unknown,,,GE-82,,,46118,0
222,1,2026-05-04,issue,0,200,40.5,internal,,,Service Truck,,,,0
223,1,2026-05-04,receipt,200,0,240.5,,,,Main Stores,167408,,,0
224,1,2026-05-06,issue,0,1,239.5,asset,346,,HEX-01,,,,0
225,1,2026-05-08,issue,0,7,232.5,asset,233,,LB-4824,,,,0
226,1,2026-05-09,issue,0,6,226.5,asset,345,,PV-6889,,,,0
227,1,2026-05-09,issue,0,5,221.5,project,,1,CEP-03-E,,,,0
228,1,2026-05-09,issue,0,3,218.5,asset,221,,51-7158,,,,0
229,1,2026-05-11,issue,0,30,188.5,project,,4,EP/LOT-04-Batticoloa,,,,0
230,1,2026-05-11,issue,0,10,178.5,internal,,,ZB-2547/Bobcat JCB Service,,,Marawila,0
231,1,2026-05-12,issue,0,2,176.5,asset,222,,PA-4879,,,,0
232,1,2026-05-12,issue,0,6,170.5,asset,224,,PA-6399,,,,0
233,1,2026-05-13,issue,0,20,150.5,project,,1,CEP-03-E,2853,64243,,0
234,1,2026-05-14,issue,0,0.5,150,asset,233,,LB-4824,,,,0
235,1,2026-05-14,issue,0,1,149,unknown,,,41-7225,,,,0
236,1,2026-05-15,issue,0,12,137,asset,357,,HEX-29,,,,0
237,1,2026-05-15,issue,0,2,135,asset,332,,LY-1614,,,,0
238,1,2026-05-16,issue,0,5,130,asset,229,,LN-1867,,,,0
239,1,2026-05-16,issue,0,16,114,unknown,,,ZA-8511-Front Engine,,,,0
240,1,2026-05-16,issue,0,10,104,unknown,,,ZA-8511-Rear Engine,,,,0
241,1,2026-05-16,issue,0,1,103,unknown,,,Air Filter-ZA-8511,,,,0
242,1,2026-05-19,issue,0,4,99,asset,312,,LP-1569,,,,0
243,1,2026-05-22,issue,0,1,98,asset,222,,PA-4879,,,,0
244,1,2026-05-23,issue,0,0.5,97.5,asset,234,,PT-1569,,,,0
245,1,2026-05-24,issue,0,19,78.5,unknown,,,LD-8,,,,0
246,1,2026-05-27,issue,0,0.25,78.25,unknown,,,BOI-8556,,,,0
247,1,2026-05-29,issue,0,6,72.25,asset,196,,PA-4193,,,,0
248,1,2026-06-02,receipt,200,0,272.25,,,,,167420,,,0
249,1,2026-06-03,issue,0,7,235.25,asset,314,,LP-1574,,,,0
250,1,2026-06-03,issue,0,2,233.25,asset,383,,FL-02,,,,0
251,1,2026-06-04,issue,0,40,193.25,project,,4,Batticoloa-LOT/02,,64480,,0
252,1,2026-06-05,issue,0,1,192.25,asset,351,,HEX-21,,,,0
253,1,2026-06-05,issue,0,1,191.25,asset,220,,57-3062,,,,0
254,1,2026-06-06,issue,0,16,175.25,asset,190,,LC-0434,,,,0
255,1,2026-06-07,issue,0,0.5,174.75,asset,173,,SL-15,,,,0
256,1,2026-06-09,issue,0,1,173.75,asset,333,,LY-4524,,,,0
257,1,2026-06-10,issue,0,0.75,173,unknown,,,SL-01,,,,0
258,1,2026-06-11,issue,0,20,153,internal,,,Service Truck,,,,0
259,2,2025-06-14,receipt,210,0,210,,,,From Main Stores,,,Servo,0
260,2,2025-06-14,issue,0,15,195,asset,144,,PTR-10,,,,0
261,2,2025-06-14,issue,0,1,194,asset,334,,LM-6653,,,,0
262,2,2025-06-14,issue,0,10,184,asset,51,,SR-04,,,,0
263,2,2025-06-19,issue,0,4,180,asset,6,,ZA-0447,,,,0
264,2,2025-06-20,issue,0,16,164,asset,272,,LJ-5203,,,,0
265,2,2025-06-21,issue,0,1.5,162.5,unknown,,,ASP-03,,,,0
266,2,2025-06-24,issue,0,6.5,156,asset,380,,RF-0748,,,,0
267,2,2025-07-01,issue,0,18,138,asset,248,,HS-1794,,,,0
268,2,2025-07-08,issue,0,10,128,unknown,,,325-5720,,,,0
269,2,2025-07-12,issue,0,1,127,asset,238,,PR-1469,,,,0
270,2,2025-07-25,issue,0,1,126,asset,30,,LD-06,,,,0
271,2,2025-07-29,issue,0,1,125,asset,189,,48-4849,,,,0
272,2,2025-07-29,issue,0,1,124,asset,244,,47-5112,,,,0
273,2,2025-07-30,issue,0,2,122,asset,331,,GL-0019,,,,0
274,2,2025-07-31,issue,0,1,121,asset,335,,325-5120,,,,0
275,2,2025-07-31,issue,0,1,120,unknown,,,RH-3052,,,,0
276,2,2025-08-07,issue,0,1,119,asset,189,,48-4849,,,,0
277,2,2025-08-07,issue,0,3,116,unknown,,,GE-30,,,,0
278,2,2025-08-19,issue,0,3,113,unknown,,,01Bags Co.Mixer,,,,0
279,2,2025-08-31,issue,0,10,103,project,,2,Ruwanwella Water Project,206113,66449,,0
280,2,2025-09-04,issue,0,1,102,internal,,,Service Bay-Carture,,,,0
281,2,2025-09-10,issue,0,16,86,asset,251,,LI-7620,,,,0
282,2,2025-09-21,issue,0,2,84,unknown,,,LO-0434,,,,0
283,2,2025-10-06,issue,0,7,77,unknown,,,AC-38,,,,0
284,2,2025-10-08,issue,0,2,75,asset,383,,FL-02,,,,0
285,2,2025-10-11,issue,0,1,74,asset,189,,48-4849,,,,0
286,2,2025-10-11,issue,0,1,73,internal,,,Service Bay-Carture,,,,0
287,2,2025-10-22,issue,0,3,70,asset,238,,PR-1469,,,,0
288,2,2025-11-06,issue,0,6,64,asset,243,,DAH-2491,,,,0
289,2,2025-11-08,issue,0,1,63,asset,238,,PR-1469,,,,0
290,2,2025-11-09,issue,0,20,43,project,,3,Marawila I Road Project,142785,64958,,0
291,2,2025-11-09,issue,0,6,37,asset,200,,HU-5097,,,,0
292,2,2025-11-10,issue,0,17,20,asset,193,,LK-5041,,,,0
293,2,2025-11-20,issue,0,1,19,internal,,,Service Bay-Carture,,,,0
294,2,2025-12-29,receipt,210,0,229,,,,From Main Stores,141296,,,0
295,2,2025-12-30,issue,0,15,214,asset,270,,LK-4061,,,,0
296,2,2025-12-30,issue,0,1,213,asset,208,,PH-3945,,,,0
297,2,2026-01-02,issue,0,16,197,asset,261,,LM-5721,,,,0
298,2,2026-01-10,issue,0,26,171,asset,29,,LD-05,,,,0
299,2,2026-01-10,issue,0,13,158,unknown,,,File hammer,,,,0
300,2,2026-01-10,issue,0,3,155,asset,221,,51-7158,,,,0
301,2,2026-01-12,issue,0,1,154,unknown,,,Karture,,,,0
302,2,2026-01-13,issue,0,10,144,asset,34,,LK-5048,,,,0
303,2,2026-01-14,issue,0,1,143,unknown,,,AC-38,,,,0
304,2,2026-01-14,issue,0,16,127,asset,300,,LO-7181,,,,0
305,2,2026-01-26,issue,0,2.5,124.5,asset,237,,PR-1504,,,,0
306,2,2026-02-19,issue,0,10,114.5,project,,6,Asphalt Team,110808,58085,,0
307,2,2026-02-19,issue,0,6,108.5,asset,239,,DAH-2228,,,,0
308,2,2026-02-20,issue,0,10,98.5,asset,384,,FL-03,,,,0
309,2,2026-02-20,issue,0,1,97.5,asset,330,,LL-1782,,,,0
310,2,2026-03-02,issue,0,1,96.5,internal,,,Service Bay-Carture,,,,0
311,2,2026-03-15,issue,0,1.5,95,asset,164,,SL-06,,,,0
312,2,2026-03-17,issue,0,1,94,project,,1,Service Pressor Gun,,,,0
313,2,2026-04-04,issue,0,5,89,asset,378,,49-5294,,,,0
314,2,2026-04-22,issue,0,1,88,asset,388,,BET-3772,,,,0
315,4,2025-06-01,opening,159,0,159,,,,B/F,,,,0
316,4,2025-06-26,issue,0,1,158,asset,30,,LD-06,,,,0
317,4,2025-07-25,issue,0,2,156,asset,30,,LD-06,,,,0
318,4,2025-08-14,issue,0,10,146,project,,5,Muthur Plant,76258,66407,,0
319,4,2025-11-08,issue,0,0.25,145.75,asset,29,,LD-05,,,,0
320,4,2025-12-18,issue,0,0.5,145.25,asset,30,,LD-06,,,,0
321,4,2025-12-31,issue,0,0.25,145,asset,29,,LD-05,,,,0
322,5,2025-06-01,opening,154,0,154,,,,B/F Balance,,,,0
323,5,2025-06-01,issue,0,0.5,153.5,asset,237,,PR-1504,,,,0
324,5,2025-06-07,issue,0,0.5,153,asset,237,,PR-1504,,,,0
325,5,2025-08-14,issue,0,53,100,project,,5,Muthur Plant,,,,0
326,5,2025-11-01,issue,0,30,70,project,,5,Muthur Plant,81404,71347,,0
327,5,2026-01-06,issue,0,6.5,63.5,asset,222,,PA-4879,,,,0
328,5,2026-02-07,issue,0,7,56.5,asset,226,,PH-6742,,,,0
329,6,2025-06-01,opening,185,0,185,,,,B/F Balance,,,,0
330,6,2025-06-20,issue,0,20,165,internal,,,Service team,,,,0
331,6,2025-07-22,issue,0,22,143,asset,29,,LD-05,,,,0
332,6,2025-07-29,receipt,12,0,155,,,,Excess Received,,,,0
333,6,2025-07-29,issue,0,155,0,internal,,,Service team,,,,0
334,6,2025-07-29,receipt,5,0,5,,,,Returned From Service,,,,0
335,6,2025-11-23,issue,0,1,4,asset,29,,LD-05,,,,0
336,6,2025-12-18,issue,0,4,0,asset,30,,LD-06,,,,0
337,6,2026-02-13,receipt,210,0,210,,,,From Main Stores,142497,,,0
338,6,2026-02-13,issue,0,20,190,asset,32,,LD-08,,,,0
339,6,2026-02-16,issue,0,20,170,asset,32,,LD-08,,,,0
340,6,2026-03-01,issue,0,3,167,asset,145,,MG-03,,,,0
341,6,2026-03-03,issue,0,50,117,internal,,,Service team,,,LD-09,0
342,6,2026-03-15,issue,0,30,87,asset,32,,LD-08,,,,0
343,6,2026-05-11,issue,0,44,43,internal,,,ZB-2587 Bob Cat JCB  Service,,,,0
344,7,2025-06-01,opening,102.5,0,102.5,,,,B/F- Balance,,,,0
345,7,2025-06-01,issue,0,15,87.5,asset,383,,FL-02,,,,0
346,7,2025-06-02,issue,0,87.5,0,internal,,,Service Team,,,,0
347,7,2025-06-03,receipt,210,0,210,,,,From Main Stores,,,,0
348,7,2025-06-03,issue,0,100,110,project,,1,CEP-03,1812,2456,,0
349,7,2025-06-05,issue,0,50,60,unknown,,,C.Com,,,,0
350,7,2025-06-06,issue,0,10,50,project,,9,TM-20-Kilinochchi,4768,2460,,0
351,7,2025-06-09,receipt,50,0,100,,,,Returned From C.Com,,,,0
352,7,2025-06-12,issue,0,5,95,asset,260,,LI-3402,,,,0
353,7,2025-06-13,issue,0,30,65,project,,2,Ruwanwella W/P,23932,2468,,0
354,7,2025-06-14,receipt,210,0,275,,,,From Main Stores,,,,0
355,7,2025-06-14,issue,0,70,205,project,,4,Batticoloa-LOT-03,203319,2469,,0
356,7,2025-06-16,receipt,10,0,215,,,,Rtd From Service Team,,,,0
357,7,2025-06-16,issue,0,10,205,project,,7,ZA-0447 JCB (Iginimitiya),21019,2471,,0
358,7,2025-06-17,issue,0,70,135,project,,4,Batticoloa-LOT-02,112799,2474,,0
359,7,2025-06-19,issue,0,20,115,project,,2,Ruwanwella W/P,2394,2478,,0
360,7,2025-06-19,issue,0,10,105,project,,7,ZA-0447 JCB (Iginimitiya),,,,0
361,7,2025-06-20,issue,0,15,90,internal,,,Service Team,,,,0
362,7,2025-06-20,issue,0,10,80,asset,147,,MG-05,,,,0
363,7,2025-06-21,issue,0,15,65,unknown,,,Ambanpola W/Project,180211,2484,,0
364,7,2025-06-22,receipt,210,0,275,,,,From Main Stores,7313,,,0
365,7,2025-06-22,issue,0,20,255,unknown,,,LB-01/ZA-2609,,,,0
366,7,2025-06-23,issue,0,5,250,asset,147,,MG-05,,,,0
367,7,2025-06-25,issue,0,10,240,asset,248,,HS-1794,,,,0
368,7,2025-06-26,issue,0,30,210,project,,7,ZA-0447 JCB (Iginimitiya),,,,0
369,7,2025-06-27,issue,0,15,195,asset,349,,HEX-18,,,,0
370,7,2025-06-27,issue,0,30,165,project,,9,Kilinochchi.,4774,2493,,0
371,7,2025-06-28,issue,0,50,115,project,,4,Batticoloa-LOT-03,113602,2495,,0
372,7,2025-06-28,issue,0,10,105,asset,7,,ZA-2608,,,,0
373,7,2025-06-30,issue,0,100,5,project,,1,CEP-03,1876,31854,,0
374,7,2025-07-02,receipt,210,0,215,,,,From Main Stores,7332,,,0
375,7,2025-07-02,issue,0,3,212,asset,147,,MG-05,,,,0
376,7,2025-07-03,issue,0,7,205,asset,247,,LK-4057,,,,0
377,7,2025-07-04,issue,0,1,204,project,,7,ZA-0447 JCB (Iginimitiya),,,,0
378,7,2025-07-04,issue,0,45,159,asset,108,,VR-44,,,,0
379,7,2025-07-04,issue,0,100,59,project,,1,CEP-03€,,,,0
380,7,2025-07-06,issue,0,20,39,asset,1,,ZA-2609,,,,0
381,7,2025-07-07,issue,0,4,35,asset,78,,VR-14,,,,0
382,7,2025-07-07,issue,0,20,15,project,,2,Ruwanwella W/P,,31865,,0
383,7,2025-07-09,receipt,210,0,225,,,,From Main Stores,7341,,,0
384,7,2025-07-09,issue,0,70,155,unknown,,,ZA-0447 JCB,,,,0
385,7,2025-07-10,issue,0,50,105,project,,4,Batticoloa-LOT-02,13265,31871,,0
386,7,2025-07-13,issue,0,100,5,project,,4,Batticoloa-LOT-03,113614,31877,,0
387,7,2025-07-13,receipt,210,0,215,,,,From Main Stores,7343,,,0
388,7,2025-07-13,issue,0,10,205,asset,357,,HEX-29,,,,0
389,7,2025-07-14,issue,0,60,145,internal,,,Service Team,,,,0
390,7,2025-07-17,issue,0,60,85,project,,1,CEP-03,1936,31885,,0
391,7,2025-07-17,issue,0,10,75,asset,352,,HEX-22,,,,0
392,7,2025-07-18,issue,0,1,74,unknown,,,LK-5068,,,,0
393,7,2025-07-18,issue,0,40,34,asset,353,,HEX-23,,,,0
394,7,2025-07-21,issue,0,20,14,project,,3,Marawila,,,,0
395,7,2025-07-22,issue,0,5,9,asset,145,,MG-03,,,,0
396,7,2025-07-22,receipt,210,0,219,,,,From Main Stores,174501,,,0
397,7,2025-07-22,issue,0,20,199,project,,2,Ruwanwella W/P,23150,6401,,0
398,7,2025-07-24,issue,0,50,149,project,,1,CEP-03,1947,6403,,0
399,7,2025-07-25,issue,0,10,139,internal,,,Service Team,,,,0
400,7,2025-07-30,issue,0,40,99,asset,311,,LP-1572,,,,0
401,7,2025-08-01,issue,0,20,79,unknown,,,NBRO Kalalgamuwa,,,,0
402,7,2025-08-04,issue,0,5,74,unknown,,,Auto Baxs,,6421,,0
403,7,2025-08-04,issue,0,2,72,asset,256,,LK-2366,,,,0
404,7,2025-08-04,receipt,210,0,282,,,,From Main Stores,174524,,,0
405,7,2025-08-04,issue,0,210,72,internal,,,Service Team,,,,0
406,7,2025-08-06,issue,0,2,70,asset,75,,VR-10,,,,0
407,7,2025-08-06,issue,0,20,50,project,,9,Kilinochchi.,4797,6930,,0
408,7,2025-08-08,receipt,210,0,260,,,,From Main Stores,174521,,,0
409,7,2025-08-08,issue,0,50,210,unknown,,,TR-01,,,,0
410,7,2025-08-08,issue,0,7,203,internal,,,Service Team,,,,0
411,7,2025-08-12,issue,0,25,178,asset,353,,HEX-23,,,,0
412,7,2025-08-12,issue,0,100,78,project,,1,CEP-03(E),2000,66405,,0
413,7,2025-08-14,receipt,210,0,288,,,,From Main Stores,,,,0
414,7,2025-08-14,issue,0,8,280,asset,353,,HEX-23,,,,0
415,7,2025-08-14,issue,0,65,215,project,,5,Muthur Plant,76257,66407,,0
416,7,2025-08-15,issue,0,5,210,unknown,,,Auto Baxs,,66410,,0
417,7,2025-08-16,issue,0,10,200,asset,375,,RD-3536,,,,0
418,7,2025-08-18,issue,0,5,195,unknown,,,ZA-5474,,,,0
419,7,2025-08-23,issue,0,10,185,asset,117,,VR-53,,,,0
420,7,2025-08-23,issue,0,2,183,asset,193,,LK-5041,,,,0
421,7,2025-08-23,issue,0,50,133,project,,4,Batticoloa-LOT-02,113122,66425,,0
422,7,2025-08-25,issue,0,50,83,project,,4,Batticoloa-LOT-03,172709,66430,,0
423,7,2025-08-27,issue,0,50,33,project,,4,Batticoloa-LOT-02,13265,66438,,0
424,7,2025-08-27,receipt,210,0,243,,,,From Main Stores,174541,,,0
425,7,2025-08-27,issue,0,30,213,project,,2,Ruwanwella W/P,206108,66439,,0
426,7,2025-08-28,issue,0,50,163,project,,3,Marawila,113943,66442,,0
427,7,2025-08-29,issue,0,60,103,project,,1,CEP-03,2024,66445,,0
428,7,2025-08-30,issue,0,100,3,project,,1,CEP-03(E),2013,66,,0
429,7,2025-09-02,receipt,210,0,213,,,,From Main Stores,174548,,,0
430,7,2025-09-02,issue,0,10,203,project,,8,PORT CITY,,,,0
431,7,2025-09-03,issue,0,10,193,unknown,,,NBRO Kalalgamuwa,66457,172033,,0
432,7,2025-09-04,issue,0,10,183,asset,367,,HEX-46,172035,66460,,0
433,7,2025-09-04,issue,0,5,178,asset,349,,HEX-18,172035,66460,,0
434,7,2025-09-04,issue,0,50,128,project,,4,Batticoloa-LOT-02,113132,66459,,0
435,7,2025-09-06,issue,0,40,88,project,,3,Marawila,142505,66463,,0
436,7,2025-09-08,issue,0,10,78,asset,87,,VR-23,,,,0
437,7,2025-09-09,issue,0,1,77,asset,87,,VR-23,,,,0
438,7,2025-09-12,issue,0,10,67,asset,145,,MG-03,,,,0
439,7,2025-09-12,issue,0,10,57,asset,349,,HEX-18,,,,0
440,7,2025-09-13,issue,0,5,52,asset,330,,LL-1782,,,,0
441,7,2025-09-13,issue,0,1,51,asset,348,,HEX-17,,,,0
442,7,2025-09-15,receipt,9,0,60,,,,Excess Received,,,,0
443,7,2025-09-15,issue,0,60,0,project,,1,CEP-03,,,,0
444,7,2025-09-16,receipt,10,0,10,,,,Excess Received,,,,0
445,7,2025-09-16,issue,0,10,0,asset,128,,VR-64,,,,0
446,7,2025-09-19,receipt,210,0,210,,,,From Main Stores,110664,,,0
447,7,2025-09-19,issue,0,40,170,project,,8,PORT CITY,,66490,,0
448,7,2025-09-21,issue,0,4,166,project,,6,Asphalt Team,,,,0
449,7,2025-09-22,issue,0,40,126,project,,8,PORT CITY,127591,,,0
450,7,2025-09-22,issue,0,100,26,project,,1,CEP-03(E),2060,,,0
451,7,2025-09-22,receipt,210,0,236,,,,From Main Stores,110671,,,0
452,7,2025-09-26,issue,0,20,216,project,,2,Ruwanwella W/P,206054,72108,,0
453,7,2025-09-26,issue,0,50,166,unknown,,,TR-01,179935,72101,,0
454,7,2025-09-26,issue,0,60,106,project,,4,Batticoloa-LOT-02,206954,72102,,0
455,7,2025-09-27,receipt,210,0,316,,,,From Main Stores,110690,,,0
456,7,2025-09-27,issue,0,100,216,project,,1,CEP-03,2067,72110,,0
457,7,2025-09-27,issue,0,30,186,project,,3,Marawila,142529,72111,,0
458,7,2025-09-28,issue,0,3,183,asset,136,,PTR-01,,,,0
459,7,2025-09-29,issue,0,5,178,asset,383,,FL-02,,,,0
460,7,2025-09-30,issue,0,50,128,project,,1,CEP-03,,,,0
461,7,2025-10-04,issue,0,20,108,project,,6,Asphalt Team,,,,0
462,7,2025-10-06,issue,0,5,103,asset,93,,VR-29,,,,0
463,7,2025-10-07,issue,0,5,98,asset,172,,SL-14,,,,0
464,7,2025-10-10,receipt,210,0,308,,,,From Main Stores,110690,,,0
465,7,2025-10-10,issue,0,136,172,asset,363,,HEX-41,,,,0
466,7,2025-10-10,issue,0,20,152,project,,2,Ruwanwella W/P,206068,72135,,0
467,7,2025-10-11,issue,0,40,112,asset,7,,ZA-2608,,,,0
468,7,2025-10-11,issue,0,50,62,project,,1,CEP-03,2083,72137,,0
469,7,2025-10-11,issue,0,10,52,unknown,,,Mallawagedara-SR-19,,,,0
470,7,2025-10-11,issue,0,20,32,project,,3,Marawila,142529,72136,,0
471,7,2025-10-11,issue,0,5,27,asset,29,,LD-05,,,,0
472,7,2025-10-13,issue,0,10,17,project,,7,Iginimitiya,173189,72147,,0
473,7,2025-10-16,receipt,210,0,227,,,,From Main Stores,,,,0
474,7,2025-10-16,issue,0,20,207,project,,2,Ruwanwella W/P,206087,71304,,0
475,7,2025-10-19,issue,0,2,205,asset,29,,LD-05,,,,0
476,7,2025-10-20,issue,0,80,125,asset,146,,MG-04,,,,0
477,7,2025-10-22,issue,0,40,85,asset,330,,LL-1782,,,,0
478,7,2025-10-22,issue,0,20,65,project,,2,Ruwanwella W/P,206087,71314,,0
479,7,2025-10-23,issue,0,1,64,asset,193,,LK-5041,,,,0
480,7,2025-10-24,issue,0,40,24,asset,126,,VR-62,,,,0
481,7,2025-10-24,receipt,210,0,234,,,,From Main Stores,110756,,,0
482,7,2025-10-24,issue,0,60,174,project,,4,Batticoloa-LOT-02,206977,71319,,0
483,7,2025-10-24,issue,0,50,124,unknown,,,TR-01,112654,71320,,0
484,7,2025-10-27,issue,0,50,74,project,,1,CEP-03 ( E ),2107,71327,,0
485,7,2025-10-28,issue,0,20,54,internal,,,Service Team,,,,0
486,7,2025-10-28,issue,0,50,4,asset,334,,LM-6653,,,,0
487,7,2025-10-31,receipt,210,0,214,,,,From Main Stores,110764,,,0
488,7,2025-10-31,issue,0,60,154,project,,1,CEP-03,2156,71342,,0
489,7,2025-10-31,issue,0,40,114,project,,2,Ruwanwella W/P,206009,71340,,0
490,7,2025-11-01,issue,0,50,64,project,,5,Muthur Plant,81404,71347,,0
491,7,2025-11-01,issue,0,30,34,unknown,,,BT-03 ( Kalawanchikudi ),24387,71348,,0
492,7,2025-11-01,issue,0,20,14,asset,357,,HEX-29,,,,0
493,7,2025-11-02,issue,0,6,8,asset,30,,LD-06,,,,0
494,7,2025-11-03,receipt,2,0,10,,,,Excess Received,,,,0
495,7,2025-11-03,issue,0,10,0,asset,334,,LM-6653,,,,0
496,7,2025-11-13,receipt,210,0,210,,,,From Main Stores,110781,,,0
497,7,2025-11-13,issue,0,40,170,project,,8,PORT CITY,127542,64970,,0
498,7,2025-11-15,issue,0,40,130,project,,8,PORT CITY,,,,0
499,7,2025-11-15,issue,0,60,70,project,,1,CEP-03-E,2185,71956,,0
500,7,2025-11-18,issue,0,50,20,unknown,,,I C DP-LOT/03,172742,71960,,0
501,7,2025-11-19,receipt,210,0,230,,,,From Main Stores,110781,,,0
502,7,2025-11-19,issue,0,60,170,project,,1,CEP-03,2209,71961,,0
503,7,2025-11-21,issue,0,15,155,unknown,,,ZB-1521,,,,0
504,7,2025-11-21,issue,0,50,105,internal,,,Service Team,,,,0
505,7,2025-11-22,issue,0,10,95,asset,108,,VR-44,,,,0
506,7,2025-11-23,issue,0,20,75,asset,330,,LL-1782,,,,0
507,7,2025-11-23,issue,0,20,55,project,,3,Marawila,127651,64972,,0
508,7,2025-11-25,receipt,15,0,70,,,,Excess Received,,,,0
509,7,2025-11-25,issue,0,70,0,asset,360,,HEX-37,,,,0
510,7,2025-12-09,receipt,210,0,210,,,,From Main Stores,141251,,,0
511,7,2025-12-09,issue,0,20,190,project,,1,CEP-03,,,,0
512,7,2025-12-09,issue,0,70,120,asset,12,,ZA-8337,,,,0
513,7,2025-12-10,issue,0,10,110,unknown,,,Hydraulic Press Macine,,,,0
514,7,2025-12-10,receipt,210,0,320,,,,From Main Stores,141252,,,0
515,7,2025-12-10,issue,0,130,190,asset,348,,HEX-17,,,,0
516,7,2025-12-10,issue,0,30,160,unknown,,,Mallawagedara-Bridge,,,,0
517,7,2025-12-10,issue,0,25,135,project,,2,SL-11-Ruwanwella,205956,71969,,0
518,7,2025-12-11,issue,0,30,105,asset,348,,HEX-17,,,,0
519,7,2025-12-11,issue,0,20,85,asset,349,,HEX-18,,,,0
520,7,2025-12-11,issue,0,20,65,asset,360,,HEX-37,,,,0
521,7,2025-12-12,issue,0,40,25,asset,348,,HEX-17,,,,0
522,7,2025-12-12,issue,0,20,5,project,,7,Iginimitiya,126910,71972,,0
523,7,2025-12-16,receipt,210,0,215,,,,From Main Stores,141260,,,0
524,7,2025-12-16,issue,0,80,135,project,,2,Ruwanwella W/P,,,,0
525,7,2025-12-17,issue,0,60,75,unknown,,,ICDP-LOT/02,203560,71979,,0
526,7,2025-12-17,issue,0,20,55,internal,,,Service Team,,,,0
527,7,2025-12-18,issue,0,15,40,asset,12,,ZA-8337,,,,0
528,7,2025-12-18,issue,0,30,10,project,,3,Marawila,127665,71981,,0
529,7,2025-12-19,receipt,210,0,220,,,,From Main Stores,141267,,,0
530,7,2025-12-19,issue,0,50,170,project,,1,CEP-03,2287,71980,,0
531,7,2025-12-19,issue,0,15,155,asset,274,,LI-3851,,,,0
532,7,2025-12-20,issue,0,20,135,internal,,,Service Team,,,,0
533,7,2025-12-26,issue,0,70,65,asset,1,,ZA-2609,,,,0
534,7,2025-12-26,receipt,210,0,275,,,,From Main Stores,141291,,,0
535,7,2025-12-26,issue,0,70,205,project,,4,Batticoloa-LOT/03,113708,58055,,0
536,7,2025-12-26,issue,0,1,204,project,,6,Asphalt Plant,,,,0
537,7,2025-12-27,issue,0,50,154,project,,1,CEP-03,2305,71988,,0
538,7,2025-12-27,issue,0,25,129,project,,8,PORT CITY,,,,0
539,7,2025-12-27,issue,0,10,119,project,,2,Ruwanwella W/P,205980,71987,,0
540,7,2025-12-30,issue,0,20,99,internal,,,Service Team,,,,0
541,7,2025-12-31,issue,0,5,94,asset,29,,LD-05,,,,0
542,7,2026-01-04,issue,0,10,84,project,,3,Marawila,127600,71994,,0
543,7,2026-01-04,issue,0,20,64,asset,363,,HEX-41,,,,0
544,7,2026-01-05,issue,0,20,44,internal,,,Service Team,,,,0
545,7,2026-01-08,issue,0,2,42,asset,57,,SR-11,,,,0
546,7,2026-01-08,issue,0,40,2,project,,8,PORT CITY,,,,0
547,7,2026-01-08,receipt,210,0,212,,,,From Main Stores,142453,,,0
548,7,2026-01-08,issue,0,40,172,asset,360,,HEX-37,,,,0
549,7,2026-01-10,issue,0,20,152,asset,360,,HEX-37,,,,0
550,7,2026-01-10,issue,0,5,147,asset,164,,SL-06,,64997,,0
551,7,2026-01-11,issue,0,30,117,asset,365,,HEX-43,,,,0
552,7,2026-01-11,issue,0,40,77,project,,2,Ruwanwella W/P,205986,64998,,0
553,7,2026-01-18,issue,0,20,57,asset,349,,HEX-18,,,,0
554,7,2026-01-18,receipt,210,0,267,,,,From Main Stores,142467,,,0
555,7,2026-01-18,issue,0,210,57,internal,,,Service Team,,,,0
556,7,2026-01-18,issue,0,50,7,project,,1,CEP-03,2420,58067,,0
557,7,2026-01-20,receipt,210,0,217,,,,From Main Stores,142471,,,0
558,7,2026-01-20,issue,0,2,215,asset,55,,SR-09,,,,0
559,7,2026-01-20,issue,0,5,210,asset,30,,LD-06,,,,0
560,7,2026-01-20,issue,0,40,170,asset,383,,FL-02,,,,0
561,7,2026-01-21,issue,0,5,165,asset,145,,MG-03,,,,0
562,7,2026-01-22,issue,0,5,160,asset,384,,FL-03,,,,0
563,7,2026-01-24,issue,0,10,150,asset,384,,FL-03,,,,0
564,7,2026-01-25,issue,0,70,80,project,,1,CEP-03-E,2468,64367,,0
565,7,2026-01-26,issue,0,20,60,project,,3,Marawila,2477,64372,,0
566,7,2026-01-26,issue,0,5,55,asset,12,,ZA-8337,,,,0
567,7,2026-01-26,issue,0,2,53,asset,29,,LD-05,,,,0
568,7,2026-02-05,issue,0,0.25,52.75,asset,32,,LD-08,,,,0
569,7,2026-02-07,issue,0,30,22.75,project,,4,BTLOT-02-277-Batticoloa,2526,,,0
570,7,2026-02-10,issue,0,20,2.75,asset,362,,HEX-40,,,,0
571,7,2026-02-13,receipt,210,0,212.75,,,,From Main Stores,142497,,,0
572,7,2026-02-13,issue,0,140,72.75,asset,32,,LD-08,,,,0
573,7,2026-02-16,issue,0,3.5,69.25,asset,29,,LD-05,,,,0
574,7,2026-02-16,issue,0,30,39.25,asset,363,,HEX-41,,,,0
575,7,2026-02-17,receipt,210,0,249.25,,,,From Main Stores,140803,,,0
576,7,2026-02-17,issue,0,5,244.25,unknown,,,Pallan Oya Bridge Site Ampara,114857,64389,,0
577,7,2026-02-17,issue,0,50,194.25,internal,,,Estern Work Shop -15B,2559,64390,,0
578,7,2026-02-17,issue,0,20,174.25,project,,2,Ruwanwella W/P,2653,64391,,0
579,7,2026-02-17,issue,0,40,134.25,asset,317,,LP-1568,,,,0
580,7,2026-02-19,issue,0,6,128.25,unknown,,,LI-4524,,,,0
581,7,2026-02-19,issue,0,3,125.25,unknown,,,LI-4524,,,,0
582,7,2026-02-19,issue,0,10,115.25,project,,6,Asphalt Team,110808,58085,,0
583,7,2026-02-23,issue,0,40,75.25,asset,324,,LP-1720,,,,0
584,7,2026-02-23,issue,0,30,45.25,asset,355,,HEX-27,,,,0
585,7,2026-02-24,issue,0,40,5.25,unknown,,,LO-7855,,,,0
586,7,2026-02-24,receipt,210,0,215.25,,,,From Main Stores,140810,,,0
587,7,2026-02-24,issue,0,10,205.25,asset,5,,RS-0483,,,,0
588,7,2026-02-26,issue,0,50,155.25,asset,360,,HEX-37,,,,0
589,7,2026-02-26,issue,0,30,125.25,project,,1,CEP-03,2700,58087,,0
590,7,2026-02-26,receipt,10,0,135.25,,,,Returned From CEP-03,,49661,,0
591,7,2026-02-28,issue,0,10,125.25,unknown,,,Awissawella Bridge Project,174692,644000,,0
592,7,2026-03-04,issue,0,10,115.25,asset,384,,FL-03,,,,0
593,7,2026-03-06,issue,0,11,104.25,asset,76,,VR-12,,,,0
594,7,2026-03-07,issue,0,5,99.25,unknown,,,FL-01,,,,0
595,7,2026-03-09,receipt,210,0,309.25,,,,From Main Stores,140820,,,0
596,7,2026-03-09,issue,0,145,164.25,asset,353,,HEX-23,,,,0
597,7,2026-03-10,issue,0,50,114.25,unknown,,,I ROAD/EP/LOT-03,2560,58099,,0
598,7,2026-03-10,issue,0,30,84.25,project,,1,CEP-03-NEW,2700,58100,,0
599,7,2026-03-11,issue,0,4,80.25,unknown,,,LB-25,110810,57852,,0
600,7,2026-03-13,issue,0,2,78.25,asset,254,,LK-6738,,,,0
601,7,2026-03-13,issue,0,40,38.25,project,,9,Kilinochchi.,141052,64203,,0
602,7,2026-03-15,issue,0,8,30.25,asset,144,,PTR-10,,,,0
603,7,2026-03-17,receipt,210,0,240.25,,,,From Main Stores,140824,,,0
604,7,2026-03-17,issue,0,90,150.25,asset,360,,HEX-37,,,,0
605,7,2026-03-18,issue,0,16,134.25,asset,349,,HEX-18,,,,0
606,7,2026-03-21,issue,0,70,64.25,asset,187,,ZA-8395,,,,0
607,7,2026-03-23,issue,0,15,49.25,asset,384,,FL-03,,,,0
608,7,2026-03-24,issue,0,20,29.25,project,,3,Marawila,2878,57858,,0
609,7,2026-03-24,issue,0,7,22.25,asset,29,,LD-05,,,,0
610,7,2026-03-24,issue,0,20,2.25,unknown,,,ICDP-LOT/02,2526,,,0
611,7,2026-03-26,receipt,4,0,6.25,,,,Excess Received,,,,0
612,7,2026-03-26,issue,0,4,2.25,asset,173,,SL-15,,,,0
613,7,2026-03-27,receipt,210,0,212.25,,,,From Main Stores,140836,,,0
614,7,2026-03-29,issue,0,17,195.25,asset,38,,ZA-6255,,,,0
615,7,2026-03-30,issue,0,10,185.25,unknown,,,Kotugoda Bridge Site,198656,57865,,0
616,7,2026-03-31,issue,0,15,170.25,project,,3,Marawila Rd Project,,64223,,0
617,7,2026-03-31,issue,0,3,167.25,asset,29,,LD-05,,,,0
618,7,2026-04-21,issue,0,40,127.25,unknown,,,ZB-1047/LB-15,,,,0
619,7,2026-04-22,issue,0,20,107.25,unknown,,,Gampha Bridge,207336,57872,,0
620,7,2026-04-24,receipt,210,0,317.25,,,,From Main Stores,140850,,,0
621,7,2026-04-24,issue,0,100,217.25,unknown,,,LOT/03 (295),2965,57877,,0
622,7,2026-04-24,issue,0,70,147.25,unknown,,,LOT/03BT (276),2923,5778,,0
623,7,2026-04-25,issue,0,15,132.25,unknown,,,LB-11/ ZA-7092,,,,0
624,7,2026-04-26,issue,0,20,112.25,asset,191,,LN-8277,,,,0
625,7,2026-04-28,issue,0,15,97.25,project,,3,Marawila Rd Project,2992,64233,,0
626,7,2026-04-28,issue,0,72,25.25,unknown,,,ZB-1548/  LB-18,,,,0
627,7,2026-04-28,issue,0,6,19.25,unknown,,,ZB-1548/  LB-18,,,,0
628,7,2026-04-28,receipt,210,0,229.25,,,,From Main Stores,167403,,,0
629,7,2026-05-01,issue,0,5,224.25,asset,152,,MG-10,,,,0
630,7,2026-05-04,issue,0,5,219.25,unknown,,,01 Ton Roller,,,,0
631,7,2026-05-07,issue,0,20,199.25,asset,366,,HEX-45,,,,0
632,7,2026-05-11,issue,0,60,139.25,unknown,,,EP/LOT-04,3081,64240,,0
633,7,2026-05-12,issue,0,1,138.25,asset,338,,LX-1679,,,,0
634,7,2026-05-12,issue,0,40,98.25,project,,5,Muthur Plant,,,,0
635,7,2026-05-13,issue,0,70,28.25,asset,346,,HEX-01,,,,0
636,7,2026-05-14,issue,0,10,18.25,unknown,,,ZB-1521,,,,0
637,7,2026-05-21,issue,0,1,17.25,asset,193,,LK-5041,,,,0
638,7,2026-05-21,issue,0,4,13.25,asset,172,,SL-14,,,,0
639,7,2026-05-26,issue,0,10,3.25,asset,363,,HEX-41,,,,0
640,7,2026-06-04,receipt,200,0,203.25,,,,From Main Stores,167421,,,0
641,7,2026-06-04,issue,0,30,173.25,project,,4,Batticoloa Lot/2,,64480,,0
642,7,2026-06-06,issue,0,50,123.25,unknown,,,Awissawella Bridge Project,,64483,,0
643,7,2026-06-07,issue,0,60,63.25,internal,,,Service Truck,,,,0
644,7,2026-06-07,issue,0,10,53.25,unknown,,,ZB-1568 (Gampaha),,,,0
645,7,2026-06-09,issue,0,20,33.25,unknown,,,Baticoloa Lot 2,,64481,,0
646,8,2025-09-16,receipt,210,0,210,,,,Main Stores,7347,,,0
647,8,2025-09-16,issue,0,70,140,unknown,,,ZA-9716-CR/02,,,,0
648,8,2025-09-18,issue,0,17,123,asset,35,,LK-5047,,,,0
649,8,2025-10-29,issue,0,40,83,asset,191,,LN-8277,,,,0
650,8,2025-11-06,issue,0,20,63,unknown,,,Bridge No.01& 02-Karathiu,207020,64955,,0
651,8,2025-11-08,issue,0,2,61,asset,29,,LD-05,,,,0
652,8,2025-11-09,issue,0,20,41,project,,3,Marawila Water Project,142785,64958,,0
653,8,2025-11-11,issue,0,20,21,asset,357,,HEX-29,,,,0
654,8,2025-12-17,issue,0,10,11,asset,29,,LD-05,,,,0
655,8,2025-12-20,issue,0,10,1,asset,352,,HEX-22,,,,0
656,8,2025-12-26,issue,0,1,0,project,,6,Asphalt Plant,,,,0
657,9,2025-07-16,receipt,210,0,210,,,,Main Stores,7347,,,0
658,9,2025-07-16,issue,0,10,200,asset,48,,TM-13,,,,0
659,9,2025-08-13,issue,0,15,185,asset,173,,SL-15,,,,0
660,9,2025-08-14,issue,0,20,165,project,,4,Batticoloa-LOT/03,172701,66408,,0
661,9,2025-08-23,issue,0,75,90,asset,23,,ZB-2587,,,,0
662,9,2025-09-05,issue,0,30,60,project,,2,Ruwanwella,206119,66451,,0
663,9,2025-09-25,issue,0,30,30,project,,4,Batticoloa-LOT/02,206954,72102,,0
664,9,2025-11-10,issue,0,2,28,asset,167,,SL-09,,,,0
665,9,2025-11-25,issue,0,1,27,project,,6,Asphalt Plant,,,,0
666,9,2025-12-17,receipt,23,0,50,,,,Excess Received,,,,0
667,9,2025-12-17,issue,0,50,0,unknown,,,ICDP-LOT/02,203560,71979,,0
668,9,2026-01-11,receipt,210,0,210,,,,Main Stores,142459,,,0
669,9,2026-01-11,issue,0,30,180,project,,2,Ruwanwella,64998,205986,,0
670,9,2026-01-14,receipt,420,0,600,,,,Main Stores,142464,,,0
671,9,2026-01-14,issue,0,400,200,project,,1,cep/03 CR-02,2419,58064,,0
672,9,2026-02-20,issue,0,30,170,project,,2,Ruwanwella,2682,58086,,0
673,9,2026-03-12,issue,0,1.5,168.5,asset,164,,SL-06,,,,0
674,9,2026-03-24,issue,0,33.5,135,asset,173,,SL-15,,,,0
675,9,2026-05-21,issue,0,46,89,unknown,,,Hydraulic Hose Pump,,,,0
676,10,2025-06-17,receipt,210,0,210,,,,Main Stores,7347,,,0
677,10,2025-06-17,issue,0,30,180,project,,4,Batticoloa-LOT/02,112799,2474,,0
678,10,2025-06-28,issue,0,50,130,project,,4,Batticoloa-LOT/03,113602,2495,,0
679,10,2025-06-30,issue,0,10,120,project,,9,HEX-33-Kilinochchi,,,,0
680,10,2025-07-09,issue,0,5,115,asset,135,,VR-71,,,,0
681,10,2025-07-10,issue,0,30,85,project,,4,Batticoloa-LOT/02,,,,0
682,10,2025-07-11,issue,0,2,83,asset,160,,SL-02,,,,0
683,10,2025-07-14,issue,0,13.5,69.5,asset,87,,VR-23,,,,0
684,10,2025-07-14,issue,0,30,39.5,internal,,,Service Truck,,,,0
685,10,2025-07-15,issue,0,35,4.5,asset,161,,SL-03,,,,0
686,10,2025-07-26,receipt,15,0,19.5,,,,Returned From Service Truck,,,,0
687,10,2025-10-14,issue,0,1,18.5,unknown,,,Batching Plant,,,,0
688,10,2025-11-10,receipt,1.5,0,20,,,,Eecess Received,,,,0
689,10,2025-11-10,issue,0,20,0,project,,2,Ruwanwella Water Project,206018,64964,,0
690,11,2025-06-04,opening,106,0,106,,,,B/F Balance,,,,0
691,11,2025-06-05,issue,0,0.5,105.5,asset,189,,48-4849,,,,0
692,11,2025-06-11,issue,0,0.75,104.75,asset,370,,LD-8875,,,,0
693,11,2025-06-12,issue,0,1,103.75,asset,370,,LD-8875,,,,0
694,11,2025-06-12,issue,0,0.5,103.25,asset,260,,LI-3402,,,,0
695,11,2025-06-16,receipt,2,0,105.25,,,,From Service Truck,,,,0
696,11,2025-06-16,issue,0,2,103.25,project,,7,ZA-0447-Iginimitiya,,,,0
697,11,2025-06-17,issue,0,1,102.25,asset,220,,57-3062,,,,0
698,11,2025-06-17,issue,0,1,101.25,asset,29,,LD-05,,,,0
699,11,2025-06-17,issue,0,0.25,101,asset,312,,LP-1569,,,,0
700,11,2025-06-19,issue,0,2,99,project,,7,ZA-0447-Iginimitiya,,,,0
701,11,2025-06-20,issue,0,25,74,internal,,,Service Truck,,,,0
702,11,2025-06-21,issue,0,4,70,project,,1,CEP-03,177242,2485,,0
703,11,2025-06-24,issue,0,50,20,internal,,,Service Truck,,,,0
704,11,2025-06-27,issue,0,0.5,19.5,asset,247,,LK-4057,,,,0
705,11,2025-07-01,issue,0,4,15.5,project,,1,CEP-03,177242,31856,,0
706,11,2025-07-03,issue,0,1,14.5,asset,253,,LK-6740,,,,0
707,11,2025-07-08,issue,0,1,13.5,asset,335,,325-5120,,,,0
708,11,2025-07-09,receipt,1.5,0,15,,,,Excess Received,,,,0
709,11,2025-07-09,issue,0,15,0,internal,,,Service Truck,,,,0
710,11,2025-07-24,receipt,210,0,210,,,,Main Stores,,,,0
711,11,2025-07-24,issue,0,20,190,project,,1,CEP-03,1947,6404,,0
712,11,2025-07-26,issue,0,5,185,internal,,,Service Truck,,,,0
713,11,2025-08-04,issue,0,0.5,184.5,asset,256,,LK-2366,,,,0
714,11,2025-08-14,issue,0,10,174.5,project,,5,Muthur Plant,,,,0
715,11,2025-08-19,issue,0,0.5,174,unknown,,,DAH-4491,,,,0
716,11,2025-08-19,issue,0,15,159,internal,,,Service Truck,,,,0
717,11,2025-08-24,issue,0,0.5,158.5,asset,243,,DAH-2491,,,,0
718,11,2025-08-27,issue,0,15,143.5,internal,,,Service Truck,,,,0
719,11,2025-08-29,issue,0,0.5,143,asset,199,,28-4314,,,,0
720,11,2025-09-01,issue,0,1,142,asset,228,,PH-6747,,,,0
721,11,2025-09-06,issue,0,0.25,141.75,asset,243,,DAH-2491,,,,0
722,11,2025-09-17,issue,0,1,140.75,asset,331,,GL-0019,,,,0
723,11,2025-09-27,issue,0,5,135.75,project,,3,Marawila,142529,72111,,0
724,11,2025-10-05,issue,0,1,134.75,asset,227,,PH-6744,,,,0
725,11,2025-10-06,issue,0,2,132.75,asset,44,,ZA-8033,,,,0
726,11,2025-10-13,issue,0,1,131.75,unknown,,,LO-4524,,,,0
727,11,2025-10-16,issue,0,2,129.75,asset,335,,325-5120,,,,0
728,11,2025-10-24,issue,0,4,125.75,project,,4,Batticoloa-LOT/02,206977,71319,,0
729,11,2025-10-25,issue,0,0.25,125.5,asset,224,,PA-6399,,,,0
730,11,2025-10-28,issue,0,10,115.5,internal,,,Service Truck,,,,0
731,11,2025-10-29,issue,0,20,95.5,project,,1,CEP-03,2157,71339,,0
732,11,2025-11-04,issue,0,1,94.5,asset,254,,LK-6738,,,,0
733,11,2025-11-05,issue,0,20,74.5,internal,,,Service Truck,,,,0
734,11,2025-11-09,issue,0,8,66.5,project,,3,Marawila,142785,64958,,0
735,11,2025-11-11,issue,0,0.25,66.25,asset,199,,28-4314,,,,0
736,11,2025-11-13,issue,0,2,64.25,asset,4,,RS-0401,,,,0
737,11,2025-11-14,issue,0,0.5,63.75,asset,4,,RS-0401,,,,0
738,11,2025-11-18,issue,0,2,61.75,asset,242,,DAH-2231,,,,0
739,11,2025-11-19,issue,0,0.5,61.25,asset,190,,LC-0434,,,,0
740,11,2025-11-19,issue,0,1.5,59.75,asset,220,,57-3062,,,,0
741,11,2025-12-09,issue,0,15,44.75,project,,1,CEP-03,,,,0
742,11,2025-12-09,issue,0,15,29.75,asset,12,,ZA-8337,,,,0
743,11,2025-12-10,issue,0,6,23.75,project,,2,ZB-1548-Ruwanwella,,,,0
744,11,2025-12-14,issue,0,1,22.75,asset,196,,PA-4193,,,,0
745,11,2025-12-15,issue,0,1,21.75,unknown,,,ZB-1469 Tor Bowser,,,,0
746,11,2025-12-17,issue,0,20,1.75,internal,,,Service Truck,,,,0
747,11,2025-12-20,issue,0,1,0.75,asset,184,,LL-0623,,,,0
748,11,2025-12-22,issue,0,0.75,0,asset,312,,LP-1569,,,,0
749,11,2025-12-26,receipt,15,0,15,,,,Excess Received,,,,0
750,11,2025-12-26,issue,0,15,0,asset,4,,RS-0401,,,,0
751,11,2026-01-02,receipt,210,0,210,,,,Main Stores,141299,,,0
752,11,2026-01-02,issue,0,1,209,asset,184,,LL-0623,,,,0
753,11,2026-01-05,issue,0,20,189,project,,7,ZA-0447-Iginimitiya,,,,0
754,11,2026-01-09,issue,0,0.25,188.75,asset,225,,325-3448,,,,0
755,11,2026-01-14,issue,0,25,163.75,project,,1,CEP-03,2419,58064,,0
756,11,2026-01-15,issue,0,2,161.75,asset,34,,LK-5048,,,,0
757,11,2026-01-24,issue,0,0.25,161.5,asset,224,,PA-6399,,,,0
758,11,2026-01-26,issue,0,1,160.5,asset,12,,ZA-8337,,,,0
759,11,2026-01-31,issue,0,3,157.5,asset,190,,LC-0434,,,,0
760,11,2026-02-12,issue,0,1,156.5,asset,221,,51-7158,,,,0
761,11,2026-02-15,issue,0,1,155.5,asset,221,,51-7158,,,,0
762,11,2026-02-18,issue,0,1,154.5,asset,221,,51-7158,,,,0
763,11,2026-02-19,issue,0,0.5,154,asset,221,,51-7158,,,,0
764,11,2026-02-22,issue,0,2,152,asset,189,,48-4849,,,,0
765,11,2026-02-23,issue,0,0.5,151.5,asset,324,,LP-1720,,,,0
766,11,2026-02-24,issue,0,1,150.5,asset,230,,PJ-6376,,,,0
767,11,2026-02-24,issue,0,1,149.5,asset,220,,57-3062,,,,0
768,11,2026-02-24,issue,0,15,134.5,asset,5,,RS-0483,,,,0
769,11,2026-02-24,issue,0,2,132.5,asset,190,,LC-0434,,,,0
770,11,2026-02-25,issue,0,0.5,132,unknown,,,28-4814,,,,0
771,11,2026-03-05,issue,0,20,112,internal,,,Service Truck,,,,0
772,11,2026-03-07,issue,0,10,102,unknown,,,I Road Pro/EP/LOT-03,2560,58096,,0
773,11,2026-03-08,issue,0,1,101,unknown,,,PV-6399,,,,0
774,11,2026-03-12,issue,0,0.5,100.5,asset,332,,LY-1614,,,,0
775,11,2026-03-13,issue,0,1,99.5,asset,254,,LK-6738,,,,0
776,11,2026-03-18,issue,0,1,98.5,asset,211,,PC-7812,,,,0
777,11,2026-04-22,issue,0,0.75,97.75,asset,254,,LK-6738,,,,0
778,11,2026-04-28,issue,0,1,96.75,asset,207,,PH-0765,,,,0
779,11,2026-05-15,issue,0,0.5,96.25,asset,199,,28-4314,,,,0
780,11,2026-05-26,issue,0,0.5,95.75,asset,256,,LK-2366,,,,0
781,11,2026-05-29,issue,0,0.75,95,asset,221,,51-7158,,,,0
782,11,2026-06-01,issue,0,1,94,asset,333,,LY-4524,,,,0
783,11,2026-06-07,issue,0,20,74,internal,,,Service Truck,,,,0
784,11,2026-06-11,issue,0,0.5,73.5,asset,221,,51-7158,,,,0
785,12,2025-06-01,opening,91,0,91,,,,B/F Balance,,,,0
786,12,2025-06-03,receipt,210,0,301,,,,Main Stores,,,,0
787,12,2025-06-03,issue,0,100,201,project,,1,CEP-03,,,,0
788,12,2025-06-11,issue,0,5,196,asset,370,,LD-8875,,,,0
789,12,2025-06-12,issue,0,3,193,asset,260,,LI-3402,,,,0
790,12,2025-06-14,issue,0,1,192,asset,334,,LM-6653,,,,0
791,12,2025-06-15,issue,0,1,191,asset,51,,SR-04,,,,0
792,12,2025-06-17,issue,0,30,161,project,,4,Batticoloa-LOT-02,,,,0
793,12,2025-06-18,issue,0,5,156,asset,38,,ZA-6255,,,,0
794,12,2025-06-18,issue,0,2,154,asset,38,,ZA-6255,,,,0
795,12,2025-06-18,issue,0,1,153,asset,38,,ZA-6255,,,,0
796,12,2025-06-20,issue,0,20,133,internal,,,Service Truck,,,,0
797,12,2025-06-20,issue,0,1,132,asset,190,,LC-0434,,,,0
798,12,2025-06-24,issue,0,50,82,internal,,,Service Truck,,,,0
799,12,2025-06-27,issue,0,2,80,asset,247,,LK-4057,,,,0
800,12,2025-07-02,issue,0,14,66,asset,247,,LK-4057,,,,0
801,12,2025-07-09,issue,0,15,51,asset,135,,VR-71,,,,0
802,12,2025-07-10,receipt,13,0,64,,,,Excess Received,,,,0
803,12,2025-07-10,issue,0,60,4,project,,5,Muthur Plant,,,,0
804,12,2025-07-10,issue,0,4,0,internal,,,Service Truck,,,,0
805,12,2025-07-14,receipt,210,0,206,,,,Main Stores,,,,0
806,12,2025-07-14,issue,0,20,186,project,,1,CEP-03,1936,31882,,0
807,12,2025-07-13,issue,0,4,-4,asset,357,,HEX-29,,,,0
808,12,2025-07-18,issue,0,8,178,asset,256,,LK-2366,,,,0
809,12,2025-07-21,issue,0,8,170,asset,232,,LO-9810,,,,0
810,12,2025-07-22,issue,0,2,168,asset,330,,LL-1782,,,,0
811,12,2025-07-23,issue,0,1.5,166.5,asset,351,,HEX-21,,,,0
812,12,2025-07-24,issue,0,50,116.5,project,,1,CEP-03,,,,0
813,12,2025-07-31,issue,0,27,89.5,asset,374,,RA-3052,,,,0
814,12,2025-08-01,issue,0,4,85.5,unknown,,,NBRO-Kalalgamuwa,173822,6416,,0
815,12,2025-08-03,issue,0,8,77.5,asset,366,,HEX-45,,,,0
816,12,2025-08-12,issue,0,10,67.5,asset,353,,HEX-23,,,,0
817,12,2025-08-14,issue,0,20,47.5,asset,375,,RD-3536,,,,0
818,12,2025-08-14,receipt,210,0,257.5,,,,Main Stores,,,,0
819,12,2025-08-16,issue,0,3,254.5,asset,375,,RD-3536,,,,0
820,12,2025-08-16,issue,0,3,251.5,asset,375,,RD-3536,,,,0
821,12,2025-08-18,issue,0,10,241.5,asset,188,,ZA-9716,,,,0
822,12,2025-08-19,issue,0,12,229.5,asset,188,,ZA-9716,,,,0
823,12,2025-08-19,issue,0,10,219.5,internal,,,Service Truck,,,,0
824,12,2025-08-22,issue,0,3,216.5,asset,330,,LL-1782,,,,0
825,12,2025-08-24,issue,0,13,203.5,asset,23,,ZB-2587,,,,0
826,12,2025-08-28,issue,0,20,183.5,project,,3,Marawila Rd Project,113943,66442,,0
827,12,2025-08-30,issue,0,5,178.5,project,,1,CEP-03-E,,,,0
828,12,2025-09-01,issue,0,50,128.5,project,,1,CEP-03,,,,0
829,12,2025-09-06,issue,0,1,127.5,asset,363,,HEX-41,,,,0
830,12,2025-09-09,issue,0,1,126.5,asset,363,,HEX-41,,,,0
831,12,2025-09-13,issue,0,3,123.5,asset,349,,HEX-18,,,,0
832,12,2025-09-18,issue,0,7,116.5,asset,35,,LK-5047,,,,0
833,12,2025-09-19,issue,0,20,96.5,project,,8,Port City,,66490,,0
834,12,2025-09-23,receipt,20,0,116.5,,,,Returned From Port City,,,,0
835,12,2025-10-01,issue,0,4,112.5,asset,227,,PH-6744,,,,0
836,12,2025-10-02,issue,0,6,106.5,asset,363,,HEX-41,,,,0
837,12,2025-10-07,issue,0,4,102.5,unknown,,,Batching Plant,,,,0
838,12,2025-10-11,issue,0,4,98.5,asset,363,,HEX-41,,,,0
839,12,2025-10-11,issue,0,8,90.5,project,,3,Marawila Rd Project,124529,72136,,0
840,12,2025-10-18,issue,0,50,40.5,project,,1,CEP-03,2128,71306,,0
841,12,2025-10-22,issue,0,3,37.5,asset,330,,LL-1782,,,,0
842,12,2025-10-23,issue,0,4,33.5,asset,230,,PJ-6376,,,,0
843,12,2025-10-31,issue,0,10,23.5,asset,17,,ZB-1546,,,,0
844,12,2025-10-31,receipt,9.5,0,33,,,,Excess Received,,,,0
845,12,2025-11-03,issue,0,3,30,asset,254,,LK-6738,,,,0
846,12,2025-11-05,issue,0,5,25,internal,,,Service Truck,,,,0
847,12,2025-11-06,issue,0,25,0,project,,1,CEP-03,2175,,,0
848,12,2025-11-06,receipt,11,0,11,,,,Excess Received,,,,0
849,12,2025-11-13,issue,0,1,10,asset,293,,LO-5984,,,,0
850,12,2025-11-15,issue,0,4,6,unknown,,,Batching Plant,,,,0
851,12,2025-11-15,issue,0,6,0,asset,348,,HEX-17,,,,0
852,12,2025-11-19,receipt,210,0,210,,,,Main Stores,110793,,,0
853,12,2025-11-19,issue,0,50,160,project,,1,CEP-03,,,,0
854,12,2025-11-20,issue,0,1,159,asset,360,,HEX-37,,,,0
855,12,2025-11-21,issue,0,12,147,asset,360,,HEX-37,,,,0
856,12,2025-12-08,issue,0,6,141,asset,208,,PH-3945,,,,0
857,12,2025-12-09,issue,0,10,131,project,,1,CEP-03,,,,0
858,12,2025-12-10,issue,0,10,121,asset,12,,ZA-8337,,,,0
859,12,2025-12-10,issue,0,35,86,asset,376,,RC-9894,,,,0
860,12,2025-12-10,issue,0,40,46,project,,2,Ruwanwella W/Pro,205956,71969,ZB-1548,0
861,12,2025-12-12,issue,0,3,43,asset,238,,PR-1469,,,,0
862,12,2025-12-13,receipt,20,0,63,,,,Rtd From Ruwanwella W/P,,5498,,0
863,12,2025-12-13,issue,0,5,58,asset,254,,LK-6738,,,,0
864,12,2025-12-14,issue,0,2.5,55.5,asset,196,,PA-4193,,,,0
865,12,2025-12-15,issue,0,1.5,54,asset,196,,PA-4193,,,,0
866,12,2025-12-15,issue,0,19,35,asset,144,,PTR-10,,,,0
867,12,2025-12-17,issue,0,15,20,asset,43,,ZA-7925,,,,0
868,12,2025-12-18,issue,0,20,0,internal,,,Service Truck,,,,0
869,12,2026-01-08,receipt,210,0,210,,,,Main Stores,142457,,,0
870,12,2026-01-10,issue,0,50,160,project,,1,CEP-03 wadakada,2306,64996,,0
871,12,2026-01-11,issue,0,1,159,internal,,,Service Bay,,,,0
872,12,2026-01-14,issue,0,12,147,asset,245,,LB-9496,,,,0
873,12,2026-01-14,issue,0,10,137,asset,1,,LB-01,,,,0
874,12,2026-01-15,issue,0,3,134,asset,192,,LN-8278,,,,0
875,12,2026-01-17,issue,0,1,133,asset,237,,PR-1504,,,,0
876,12,2026-01-18,issue,0,10,123,internal,,,Service Truck,,,,0
877,12,2026-01-20,issue,0,5,118,asset,145,,MG-03,,,,0
878,12,2026-01-21,issue,0,5,113,project,,6,Asphalt Plant,,,,0
879,12,2026-01-25,issue,0,10,103,project,,1,CEP-03/E,2469,64367,,0
880,12,2026-02-03,issue,0,2,101,asset,222,,PA-4879,,,,0
881,12,2026-02-05,issue,0,50,51,project,,1,CEP-03 NEW,2551,64375,,0
882,12,2026-02-06,issue,0,10,41,asset,362,,HEX-40,,,,0
883,12,2026-02-11,issue,0,3,38,asset,234,,PT-1569,,,,0
884,12,2026-02-12,issue,0,1,37,asset,226,,PH-6742,,,,0
885,12,2026-02-13,issue,0,20,17,asset,32,,LD-08,,,,0
886,12,2026-02-23,issue,0,1,16,asset,355,,HEX-27,,,,0
887,12,2026-03-05,receipt,4,0,20,,,,Excess Received,,,,0
888,12,2026-03-05,issue,0,20,0,internal,,,Service Truck,,,,0
889,12,2026-03-11,receipt,1,0,1,,,,Excess Received,,,,0
890,12,2026-03-11,issue,0,1,0,asset,5,,RS-0483,,,,0
891,12,2026-04-24,receipt,210,0,210,,,,Main Stores,140849,,,0
892,12,2026-04-24,issue,0,2,208,asset,191,,LN-8277,,,,0
893,12,2026-04-28,issue,0,10,198,project,,3,Marawila Rd Project,2992,64233,,0
894,12,2026-04-28,issue,0,6,192,asset,366,,HEX-45,,,,0
895,12,2026-05-04,issue,0,20,172,internal,,,Service Truck,,,,0
896,12,2026-05-05,issue,0,3,169,unknown,,,LB-01 / ZA-2609,,,,0
897,12,2026-05-06,issue,0,7,162,asset,366,,HEX-45,,,,0
898,12,2026-05-06,issue,0,50,112,project,,1,CEP-03 NEW,,,,0
899,12,2026-05-09,issue,0,3,109,asset,345,,PV-6889,,,,0
900,12,2026-05-15,issue,0,4,105,asset,229,,LN-1867,,,,0
901,12,2026-05-21,issue,0,2,103,asset,235,,PY-2408,,,,0
902,12,2026-05-21,issue,0,20,83,project,,1,CEP-03 NEW,3139,57901,,0
903,12,2026-05-22,issue,0,1,82,asset,363,,HEX-41,,,,0
904,12,2026-05-23,issue,0,10,72,asset,363,,HEX-41,,,,0
905,12,2026-05-23,issue,0,0.5,71.5,asset,234,,PT-1569,,,,0
906,13,2025-06-01,opening,204.5,0,204.5,,,,B/F Balance,,,,0
907,13,2025-06-02,issue,0,204.5,0,internal,,,Service Team,,,,0
908,13,2025-06-08,receipt,10,0,10,,,,Returned From Service Team,,,,0
909,13,2025-06-08,issue,0,10,0,asset,297,,LO-7183,,,,0
910,13,2025-06-09,receipt,10,0,10,,,,Returned From Service Team,,,,0
911,13,2025-06-09,issue,0,10,0,asset,193,,LK-5041,,,,0
912,13,2025-06-12,receipt,2,0,2,,,,Returned From Service Team,,,,0
913,13,2025-06-12,issue,0,2,0,asset,260,,LI-3402,,,,0
914,13,2025-06-30,receipt,210,0,210,,,,Main Stores,7328,,,0
915,13,2025-07-01,issue,0,10,200,asset,314,,LP-1574,,,,0
916,13,2025-07-01,issue,0,9,191,asset,272,,LJ-5203,,,,0
917,13,2025-07-03,issue,0,2,189,asset,248,,HS-1794,,,,0
918,13,2025-07-04,issue,0,9,180,asset,309,,LP-1571,,,,0
919,13,2025-07-07,issue,0,24,156,asset,29,,LD-05,,,,0
920,13,2025-07-08,issue,0,4,152,asset,29,,LD-05,,,,0
921,13,2025-08-12,issue,0,4,34,asset,230,,PJ-6376,,,,0
922,13,2025-07-13,issue,0,8,144,asset,247,,LK-4057,,,,0
923,13,2025-07-16,issue,0,45,99,asset,159,,MG-18,,,,0
924,13,2025-07-25,issue,0,15,84,asset,30,,LD-06,,,,0
925,13,2025-07-26,issue,0,20,64,internal,,,Service Team,,,,0
926,13,2025-07-30,issue,0,9,55,asset,311,,LP-1572,,,,0
927,13,2025-08-02,issue,0,8,47,asset,317,,LP-1568,,,,0
928,13,2025-08-05,issue,0,9,38,asset,259,,LK-4059,,,,0
929,13,2025-08-14,issue,0,8.5,25.5,asset,286,,LO-4822,,,,0
930,13,2025-08-16,issue,0,8,17.5,asset,332,,LY-1614,,,,0
931,13,2025-08-24,issue,0,17,0.5,asset,23,,ZB-2587,,,,0
932,13,2025-08-27,receipt,210,0,210.5,,,,Main Stores,174541,,,0
933,13,2025-08-27,issue,0,30,180.5,internal,,,Service Team,,,,0
934,13,2025-09-08,issue,0,8,172.5,asset,315,,LP-1578,,,,0
935,13,2025-09-08,issue,0,1,171.5,asset,251,,LI-7620,,,,0
936,13,2025-09-09,issue,0,0.5,171,asset,200,,HU-5097,,,,0
937,13,2025-09-18,issue,0,6,165,asset,35,,LK-5047,,,,0
938,13,2025-09-25,issue,0,1,164,asset,286,,LO-4822,,,,0
939,13,2025-10-01,issue,0,3,161,asset,241,,DAH-2230,,,,0
940,13,2025-10-11,issue,0,50,111,project,,1,CEP-03,2111,72137,,0
941,13,2025-10-11,issue,0,4,107,asset,202,,PD-6917,,,,0
942,13,2025-10-14,issue,0,2,105,unknown,,,Batching Plant,,,,0
943,13,2025-10-15,issue,0,9,96,asset,288,,LO-4824,,,,0
944,13,2025-11-01,issue,0,1,95,asset,254,,LK-6738,,,,0
945,13,2025-11-03,issue,0,5,90,asset,254,,LK-6738,,,,0
946,13,2025-11-05,issue,0,20,70,internal,,,Service Team,,,,0
947,13,2025-11-15,issue,0,1,69,asset,278,,LM-5720,,,,0
948,13,2025-11-19,issue,0,2.5,66.5,asset,199,,28-4314,,,,0
949,13,2025-12-09,issue,0,10,56.5,asset,193,,LK-5041,,,,0
950,13,2025-12-10,issue,0,10,46.5,asset,189,,48-4849,,,,0
951,13,2025-12-10,issue,0,7,39.5,project,,2,Ruwanwella LK-2366,205956,71969,,0
952,13,2025-12-11,issue,0,23,16.5,project,,2,Ruwanwella W/Pro,205986,71970,,0
953,13,2025-12-16,issue,0,10,6.5,internal,,,Lathe Machine,,,,0
954,13,2025-12-16,issue,0,6.5,0,internal,,,Lathe Machine,,,,0
955,13,2025-12-16,receipt,210,0,210,,,,Main Stores,141260,,,0
956,13,2025-12-17,issue,0,3,207,asset,293,,LO-5984,,,,0
957,13,2025-12-18,issue,0,1.5,205.5,internal,,,Lathe Machine,,,,0
958,13,2025-12-18,issue,0,15,190.5,asset,30,,LD-06,,,,0
959,13,2025-12-18,issue,0,20,170.5,internal,,,Service Team,,,,0
960,13,2025-12-18,issue,0,8,162.5,asset,274,,LI-3851,,,,0
961,13,2025-12-20,issue,0,20,142.5,internal,,,Service Team,,,,0
962,13,2025-12-20,issue,0,9,133.5,asset,286,,LO-4822,,,,0
963,13,2025-12-22,issue,0,6.5,127,unknown,,,41-7225,,,,0
964,13,2025-12-22,issue,0,6,121,asset,275,,LE-4986,,,,0
965,13,2025-12-22,issue,0,1,120,asset,312,,LP-1569,,,,0
966,13,2025-12-22,issue,0,10,110,asset,247,,LK-4057,,,,0
967,13,2025-12-22,issue,0,28,82,asset,378,,49-5294,,,,0
968,13,2025-12-23,issue,0,30,52,internal,,,Lathe Machine,,,,0
969,13,2025-12-23,issue,0,22,30,project,,6,Asphalt Plant,,,,0
970,13,2025-12-23,issue,0,5,25,unknown,,,LO-4925,,,,0
971,13,2025-12-23,issue,0,8.5,16.5,asset,39,,LJ-8055,,,,0
972,13,2025-12-24,issue,0,8,8.5,asset,282,,LM-7942,,,,0
973,13,2025-12-26,issue,0,3,5.5,internal,,,Lathe Machine,,,,0
974,13,2025-12-28,issue,0,3,2.5,asset,222,,PA-4879,,,,0
975,13,2026-01-14,receipt,210,0,212.5,,,,Main Stores,142464,,,0
976,13,2026-01-14,issue,0,25,187.5,project,,1,CEP-03,2419,58064,,0
977,13,2026-01-17,issue,0,1.5,186,asset,237,,PR-1504,,,,0
978,13,2026-01-18,issue,0,20,166,internal,,,Service Team,,,,0
979,13,2026-01-21,issue,0,1,165,asset,59,,SR-13,,,,0
980,13,2026-01-29,issue,0,7,158,asset,35,,LK-5047,,,,0
981,13,2026-02-02,issue,0,3,155,asset,222,,PA-4879,,,,0
982,13,2026-02-08,issue,0,9,146,asset,193,,LK-5041,,,,0
983,13,2026-02-20,issue,0,1,145,asset,287,,LO-4823,,,,0
984,13,2026-02-20,issue,0,0.5,144.5,internal,,,Service Karture,,,,0
985,13,2026-02-25,issue,0,3,141.5,asset,232,,LO-9810,,,,0
986,13,2026-03-02,issue,0,6,135.5,asset,37,,ZA-6395,,,,0
987,13,2026-03-04,issue,0,10,125.5,internal,,,Service Team,,,,0
988,13,2026-03-05,issue,0,30,95.5,internal,,,Service Team,,,,0
989,13,2026-03-24,issue,0,14,81.5,asset,29,,LD-05,,,,0
990,13,2026-03-24,issue,0,4,77.5,asset,331,,GL-0019,,,,0
991,13,2026-03-27,issue,0,1,76.5,asset,200,,HU-5097,,,,0
992,13,2026-03-31,issue,0,15,61.5,asset,29,,LD-05,,,,0
993,13,2026-04-03,issue,0,0.5,61,asset,211,,PC-7812,,,,0
994,13,2026-04-26,issue,0,2,59,asset,233,,LB-4824,,,,0
995,13,2026-05-04,issue,0,20,39,internal,,,Service Team,,,,0
996,13,2026-05-09,issue,0,0.5,38.5,asset,345,,PV-6889,,,,0
997,13,2026-05-11,issue,0,1,37.5,asset,234,,PT-1569,,,,0
998,13,2026-05-15,issue,0,0.5,37,asset,191,,LN-8277,,,,0
999,13,2026-05-15,issue,0,3,34,asset,229,,LN-1867,,,,0
1000,14,2025-10-31,receipt,210,0,210,,,,,,,,0
1001,14,2025-11-01,issue,0,1,209,asset,254,,LK-6738,,,,0
1002,14,2025-12-10,issue,0,15,194,asset,12,,ZA-8337,,,,0
1003,14,2025-12-16,issue,0,15,179,internal,,,Lathe Machine,,,,0
1004,14,2025-12-26,issue,0,26,153,asset,29,,LD-05,,,,0
1005,14,2025-12-27,issue,0,9,144,asset,251,,LI-7620,,,,0
1006,14,2025-12-29,issue,0,8,136,asset,270,,LK-4061,,,,0
1007,14,2025-12-29,issue,0,7,129,asset,248,,HS-1794,,,,0
1008,14,2025-12-29,issue,0,5,124,asset,225,,325-3448,,,[BAD_DATE:6],0
1009,14,2026-01-11,issue,0,3.5,120.5,asset,222,,PA-4879,,,,0
1010,14,2026-01-13,issue,0,5,115.5,asset,34,,LK-5048,,,,0
1011,14,2026-01-14,issue,0,20,95.5,asset,1,,LB-01,,,,0
1012,14,2026-01-29,issue,0,3,92.5,internal,,,Lathe Machine,,,,0
1013,14,2026-04-27,issue,0,10,82.5,unknown,,,New Stone Block Plant,,,,0
1014,14,2026-05-29,issue,0,9,73.5,asset,188,,CR-02,,,,0
1015,14,2026-06-04,issue,0,10,63.5,asset,274,,LI-3851,,,,0
1016,14,2026-06-12,issue,0,2,61.5,asset,199,,28-4314,,,,0
1017,15,2025-06-01,opening,124,0,124,,,,,,,,0
1018,15,2025-06-02,issue,0,124,0,internal,,,Service Team,,,,0
1019,15,2025-06-04,receipt,65,0,65,,,,Returned From Service Team,,,,0
1020,15,2025-06-08,issue,0,15,50,asset,297,,LO-7183,,,,0
1021,15,2025-06-09,issue,0,30,20,asset,193,,LK-5041,,,,0
1022,15,2025-06-17,issue,0,15,5,asset,312,,LP-1569,,,,0
1023,15,2025-06-25,receipt,210,0,215,,,,Main Stores,,,,0
1024,15,2025-06-25,issue,0,60,155,internal,,,Service Team,,,,0
1025,15,2025-07-04,issue,0,17,138,asset,314,,LP-1574,,,,0
1026,15,2025-08-02,issue,0,14,124,asset,317,,LP-1568,,,,0
1027,15,2025-08-16,issue,0,16,108,asset,332,,LY-1614,,,,0
1028,15,2025-08-18,issue,0,14.5,93.5,asset,285,,HO-9850,,,,0
1029,15,2025-09-08,issue,0,14,79.5,asset,315,,LP-1578,,,,0
1030,15,2025-09-28,issue,0,7,72.5,asset,192,,LN-8278,,,,0
1031,15,2025-09-29,issue,0,1,71.5,asset,189,,48-4849,,,,0
1032,15,2025-09-29,issue,0,13,58.5,asset,318,,LP-1577,,,,0
1033,15,2025-10-07,issue,0,20,38.5,internal,,,Service Team,,,,0
1034,15,2025-10-16,issue,0,14,24.5,asset,288,,LO-4824,,,,0
1035,15,2025-11-13,receipt,210,0,234.5,,,,Main Stores,,,,0
1036,15,2025-11-13,issue,0,14,220.5,asset,293,,LO-5984,,,,0
1037,15,2025-11-15,issue,0,17,203.5,asset,278,,LM-5720,,,,0
1038,15,2025-12-07,issue,0,10,193.5,unknown,,,LO-0434,,,,0
1039,15,2025-12-09,issue,0,15,178.5,asset,193,,LK-5041,,,,0
1040,15,2025-12-10,issue,0,10,168.5,asset,189,,48-4849,,,,0
1041,15,2025-12-17,issue,0,2,166.5,asset,293,,LO-5984,,,,0
1042,15,2025-12-17,issue,0,17,149.5,asset,43,,ZA-7925,,,,0
1043,15,2025-12-18,issue,0,13,136.5,asset,274,,LI-3851,,,,0
1044,15,2025-12-21,issue,0,14,122.5,asset,286,,LO-4822,,,,0
1045,15,2025-12-22,issue,0,15,107.5,asset,247,,LK-4057,,,,0
1046,15,2025-12-22,issue,0,12,95.5,asset,275,,LE-4986,,,,0
1047,15,2025-12-23,issue,0,7,88.5,asset,39,,LJ-8055,,,,0
1048,15,2025-12-24,issue,0,33,55.5,asset,269,,LK-4058,,,,0
1049,15,2025-12-25,issue,0,15,40.5,asset,282,,LM-7942,,,,0
1050,15,2025-12-27,issue,0,14,26.5,asset,251,,LI-7620,,,,0
1051,15,2026-01-02,receipt,210,0,236.5,,,,Main Stores,,,,0
1052,15,2026-01-02,issue,0,34,202.5,asset,270,,LK-4061,,,,0
1053,15,2026-01-14,issue,0,5,197.5,asset,34,,LK-5048,,,,0
1054,15,2026-01-15,issue,0,15,182.5,asset,43,,ZA-7925,,,,0
1055,15,2026-02-23,issue,0,18,164.5,asset,193,,LK-5041,,,,0
1056,15,2026-05-04,issue,0,20,144.5,internal,,,Service Team,,,,0
1057,15,2026-05-09,issue,0,13,131.5,asset,190,,LC-0434,,,,0
1058,15,2026-05-19,issue,0,4.5,127,asset,309,,LP-1571,,,,0
1059,15,2026-05-20,issue,0,2,125,asset,302,,LO-8349,,,,0
1060,15,2026-05-21,issue,0,1,124,asset,317,,LP-1568,,,,0
1061,16,2025-06-03,receipt,182,0,182,,,,Main Stores,5141,,,0
1062,16,2025-06-03,issue,0,100,82,project,,1,CEP-03,1837,2456,,0
1063,16,2025-06-04,issue,0,50,32,project,,4,Batticoloa,179993,2457,,0
1064,16,2025-06-07,issue,0,10,22,internal,,,Service Team,,,,0
1065,16,2025-06-12,issue,0,1,21,asset,334,,LM-6653,,,,0
1066,16,2025-06-13,issue,0,20,1,project,,2,Ruwanwella W/Project,23932,2468,,0
1067,16,2025-06-14,receipt,182,0,183,,,,Main Stores,,,,0
1068,16,2025-06-17,issue,0,5,178,project,,7,Iginimitiya,21019,2471,,0
1069,16,2025-06-17,issue,0,100,78,project,,4,Batticoloa-LOT-02,,,,0
1070,16,2025-06-17,issue,0,10,68,internal,,,Service Team,,,,0
1071,16,2025-06-28,issue,0,10,58,project,,4,Batticoloa-LOT-03,113602,2495,,0
1072,16,2025-06-30,issue,0,2,56,project,,6,Asphalt Plant,,,,0
1073,16,2025-07-01,issue,0,10,46,project,,1,CEP-03,,,,0
1074,16,2025-07-02,issue,0,15,31,project,,2,Ruwanwella W/Project,23117,31859,,0
1075,16,2025-07-02,receipt,182,0,213,,,,Main Stores,7331,,,0
1076,16,2025-07-03,issue,0,15,198,project,,2,Ruwanwella W/Project,23177,31861,,0
1077,16,2025-07-04,issue,0,100,98,project,,1,CEP-03-E,1864,31864,,0
1078,16,2025-07-05,issue,0,5,93,project,,6,Asphalt Plant,,,,0
1079,16,2025-07-05,issue,0,10,83,internal,,,Service Team,,,,0
1080,16,2025-07-05,issue,0,3,80,asset,309,,LP-1571,,,,0
1081,16,2025-07-06,issue,0,15,65,internal,,,Service Bay,,,,0
1082,16,2025-07-08,issue,0,20,45,project,,1,CEP-03,,,,0
1083,16,2025-07-10,issue,0,10,35,project,,9,Kilinochchi.,,,,0
1084,16,2025-07-16,issue,0,15,20,unknown,,,NBRO-Kalalgamuwa,,,,0
1085,16,2025-07-21,issue,0,5,15,project,,3,Marawila Rd/Project,,,,0
1086,16,2025-07-22,receipt,182,0,197,,,,Main Stores,,,,0
1087,16,2025-07-23,issue,0,3,194,unknown,,,LO-7855,,,,0
1088,16,2025-07-24,issue,0,50,144,project,,1,CEP-03,,,,0
1089,16,2025-07-27,issue,0,50,94,project,,4,Batticoloa-LOT-03,113637,31900,,0
1090,16,2025-07-28,issue,0,15,79,internal,,,Service Bay,,,,0
1091,16,2025-08-04,issue,0,5.5,73.5,asset,366,,HEX-45,,,,0
1092,16,2025-08-06,receipt,182,0,255.5,,,,Main Stores,174518,,,0
1093,16,2025-08-06,issue,0,22,233.5,project,,9,Kilinochchi.,4797,6430,,0
1094,16,2025-08-06,issue,0,60,173.5,project,,1,CEP-03,1979,6429,,0
1095,16,2025-08-06,issue,0,40,133.5,unknown,,,TR-01,125534,6439,,0
1096,16,2025-08-10,issue,0,15,118.5,internal,,,Service Bay,,,,0
1097,16,2025-08-12,issue,0,70,48.5,project,,1,CEP-03-E,,,,0
1098,16,2025-08-16,issue,0,25,23.5,project,,2,Ruwanwella W/Project,205488,6446,,0
1099,16,2025-08-21,issue,0,20,3.5,project,,7,Iginimitiya,173172,66419,,0
1100,16,2025-08-28,receipt,182,0,185.5,,,,Main Stores,174543,,,0
1101,16,2025-08-28,issue,0,17,168.5,project,,3,Marawila Rd/Project,113943,66442,,0
1102,16,2025-08-28,issue,0,3.5,165,unknown,,,01Bag Cn.Mixer,,,,0
1103,16,2025-08-30,issue,0,20,145,project,,1,CEP-03,,,,0
1104,16,2025-09-02,issue,0,20,125,project,,8,Port City,,,,0
1105,16,2025-09-02,issue,0,5,120,unknown,,,Mundalama State,170032,66454,,0
1106,16,2025-09-05,issue,0,10,110,internal,,,Service Bay,,,,0
1107,16,2025-09-06,issue,0,3,107,asset,348,,HEX-17,,,,0
1108,16,2025-09-13,issue,0,10,87,project,,7,Iginimitiya,,,,0
1109,16,2025-09-13,issue,0,20,67,project,,2,Ruwanwella W/Project,206132,66479,,0
1110,16,2025-09-15,receipt,182,0,249,,,,Main Stores,110658,,,0
1111,16,2025-09-15,issue,0,100,149,project,,1,CEP-03-E,2028,66481,,0
1112,16,2025-09-15,issue,0,50,99,project,,1,CEP-03,2049,66482,,0
1113,16,2025-09-19,issue,0,15,84,project,,8,Port City,,66490,,0
1114,16,2025-09-25,issue,0,3,81,asset,364,,HEX-42,,,,0
1115,16,2025-09-25,receipt,182,0,263,,,,Main Stores,110674,,,0
1116,16,2025-09-25,issue,0,50,213,unknown,,,TR-01-Serunuwara,179935,72101,,0
1117,16,2025-09-26,issue,0,100,113,project,,5,Muthur Plant,76257,72103,,0
1118,16,2025-09-27,issue,0,10,103,internal,,,Service Bay,,,,0
1119,16,2025-09-27,issue,0,26,77,project,,3,Marawila Rd/Project,142529,72111,,0
1120,16,2025-09-29,issue,0,1,76,asset,349,,HEX-18,,,,0
1121,16,2025-09-29,issue,0,4,72,project,,6,Asphalt Plant,,,,0
1122,16,2025-09-30,issue,0,82,-10,project,,1,CEP-03,2083,72117,,0
1123,16,2025-10-03,receipt,182,0,172,,,,Main Stores,110685,,,0
1124,16,2025-10-04,issue,0,10,162,project,,6,Asphalt Team,,,,0
1125,16,2025-10-07,issue,0,1,161,asset,65,,SR-19,,,,0
1126,16,2025-10-10,issue,0,19,142,project,,2,Ruwanwella W/Project,206068,72135,,0
1127,16,2025-10-11,issue,0,10,132,internal,,,Service Bay,,,,0
1128,16,2025-10-13,issue,0,2,130,asset,363,,HEX-41,,,,0
1129,16,2025-10-18,issue,0,75,55,project,,1,CEP-03,2127,71307,,0
1130,16,2025-10-20,issue,0,3,52,unknown,,,LO-7855,,,,0
1131,16,2025-10-23,receipt,182,0,234,,,,Main Stores,110753,,,0
1132,16,2025-10-24,issue,0,15,219,project,,4,Batticoloa-LOT-02,206977,71319,,0
1133,16,2025-10-24,issue,0,20,199,unknown,,,TR-01,112654,71320,,0
1134,16,2025-10-28,issue,0,0.5,198.5,asset,191,,LN-8277,,,,0
1135,16,2025-10-28,issue,0,0.5,198,asset,349,,HEX-18,,,,0
1136,16,2025-10-28,issue,0,3,195,unknown,,,Mallawagedara Bridge,5989,71334,ZB-1546,0
1137,16,2025-10-31,issue,0,60,135,project,,1,CEP-03,2163,71342,,0
1138,16,2025-11-01,issue,0,20,115,unknown,,,BT-03(Kalawanchikudi),24387,71348,,0
1139,16,2025-11-03,issue,0,3,112,unknown,,,LB-25,,,,0
1140,16,2025-11-09,issue,0,10,102,project,,3,Marawila Rd/Project,142787,64961,,0
1141,16,2025-11-09,issue,0,20,82,project,,3,Marawila Rd/Project,142781,64958,,0
1142,16,2025-11-09,issue,0,15,67,project,,8,Port City,174653,64963,,0
1143,16,2025-09-11,issue,0,10,97,unknown,,,BT-03(Kalawanchikudi),24387,64966,,0
1144,16,2025-11-11,issue,0,5,62,project,,4,Batticoloa-LOT-02,206977,64967,,0
1145,16,2025-11-11,issue,0,20,42,project,,2,Ruwanwella W/Project,206018,64968,,0
1146,16,2025-11-14,issue,0,0.5,41.5,unknown,,,New Con.Mixer-CM-33,,,,0
1147,16,2025-11-15,receipt,182,0,223.5,,,,Main Stores,110785,,,0
1148,16,2025-11-15,issue,0,60,163.5,project,,1,CEP-03-E,2185,71956,,0
1149,16,2025-11-16,issue,0,10,153.5,internal,,,Service Bay,,,,0
1150,16,2025-11-20,issue,0,60,93.5,project,,1,CEP-03,2209,71966,,0
1151,16,2025-11-21,issue,0,10,83.5,unknown,,,Karathiu Bridge Site,207030,71967,,0
1152,16,2025-11-23,issue,0,17,66.5,project,,3,Marawila Rd/Project,127651,64972,,0
1153,16,2025-11-27,issue,0,0.5,66,asset,12,,ZA-8337,,,,0
1154,16,2025-11-27,issue,0,10,56,asset,12,,ZA-8337,,,,0
1155,16,2025-11-27,issue,0,10,46,internal,,,Service Bay,,,,0
1156,16,2025-12-16,receipt,182,0,228,,,,Main Stores,141259,,,0
1157,16,2025-12-16,issue,0,2,226,asset,332,,LY-1614,,,,0
1158,16,2025-12-17,issue,0,50,176,project,,4,Batticoloa ICDP-LOT/02,203560,71979,,0
1159,16,2025-12-18,issue,0,10,166,internal,,,Service Team,,,,0
1160,16,2025-12-19,issue,0,50,116,project,,1,CEP-03-E,2223,71982,,0
1161,16,2025-12-20,issue,0,10,106,internal,,,Service Bay,,,,0
1162,16,2025-12-22,issue,0,0.5,105.5,unknown,,,ZB-1521,,,,0
1163,16,2025-12-22,issue,0,1,104.5,unknown,,,Bar Cutting Machine-Fabricate,,,,0
1164,16,2025-12-26,receipt,182,0,286.5,,,,Main Stores,141291,,,0
1165,16,2025-12-26,issue,0,90,196.5,project,,5,Muthur Plant,81420,58056,,0
1166,16,2025-12-27,issue,0,50,146.5,project,,1,CEP-03,2307,71988,,0
1167,16,2026-01-04,issue,0,5,141.5,project,,3,Marawila Rd/Project,127600,71994,,0
1168,16,2026-01-09,issue,0,2,139.5,asset,353,,hex-23,,,,0
1169,16,2026-01-11,issue,0,20,119.5,project,,2,Ruwanwella W/Project,205986,64998,,0
1170,16,2026-01-12,issue,0,25,94.5,unknown,,,Grease gun,,,,0
1171,16,2026-01-14,issue,0,20,74.5,unknown,,,A/Plant,,,,0
1172,16,2026-01-21,issue,0,20,54.5,unknown,,,A/Plant,,,,0
1173,16,2026-01-22,issue,0,1,53.5,unknown,,,Laboratory,,,,0
1174,16,2026-01-23,receipt,182,0,235.5,,,,Main Stores,142476,,,0
1175,16,2026-01-25,issue,0,50,185.5,project,,1,CEP-03-E,2416,64367,,0
1176,16,2026-01-26,issue,0,50,135.5,project,,1,CEP-03 New,2476,64368,,0
1177,16,2026-01-26,issue,0,20,115.5,unknown,,,A/Plant,,,,0
1178,16,2026-02-06,issue,0,3,112.5,asset,363,,HEX-41,,,,0
1179,16,2026-02-06,issue,0,20,92.5,project,,2,Ruwanwella W/Project,2577,64376,,0
1180,16,2026-02-07,issue,0,50,42.5,project,,4,BTLOT-02-Batticoloa,2526,64377,,0
1181,16,2026-02-09,issue,0,20,22.5,project,,9,Kilinochchi.,708,64378,,0
1182,16,2026-02-10,receipt,182,0,204.5,,,,Main Stores,142492,,,0
1183,16,2026-02-10,issue,0,10,194.5,internal,,,Service Bay,,,,0
1184,16,2026-02-11,issue,0,20,174.5,project,,3,Marawila Rd/Project,2477,64382,,0
1185,16,2026-02-13,issue,0,20,154.5,project,,6,Asphalt Plant,141151,,,0
1186,16,2026-02-16,issue,0,50,104.5,project,,1,CEP 03 New-233A,2625,64387,,0
1187,16,2026-02-17,issue,0,5,99.5,unknown,,,Pallanoya Bridge Site Ampara,114857,64389,,0
1188,16,2026-02-19,issue,0,10,89.5,project,,6,Asphalt Team,110808,58085,,0
1189,16,2026-02-20,issue,0,20,69.5,project,,2,Ruwanwella W/Project,2682,58086,,0
1190,16,2026-02-23,issue,0,10,59.5,internal,,,Service Bay (10kg Grease Pump),,,,0
1191,16,2026-02-24,issue,0,10,49.5,unknown,,,Concrete Plant,140698,,,0
1192,16,2026-02-25,issue,0,1,48.5,asset,202,,PD-6917,,,,0
1193,16,2026-02-26,issue,0,10,38.5,project,,7,Iginimitiya,127062,64396,,0
1194,16,2026-02-26,receipt,182,0,220.5,,,,Main Stores,140810,,,0
1195,16,2026-03-07,issue,0,40,180.5,unknown,,,I Road-EP/LOT-03,2560,58096,,0
1196,16,2026-03-10,issue,0,30,150.5,project,,1,CEP/03-E- NEW,2645,58099,,0
1197,16,2026-03-13,issue,0,10,140.5,project,,3,Marawila Rd/Project,2653,64204,,0
1198,16,2026-03-16,issue,0,20,120.5,project,,1,CEP 03 New-233A,2784,64211,,0
1199,16,2026-03-19,issue,0,0.2,120.3,unknown,,,H/O,,,,0
1200,16,2026-03-21,issue,0,0.5,119.8,asset,198,,59-5421,,,,0
1201,16,2026-03-21,issue,0,10,109.8,project,,3,Marawila Rd/Project,2878,57858,,0
1202,16,2026-03-25,issue,0,10,99.8,unknown,,,Concrete Plant,142179,,,0
1203,16,2026-03-25,issue,0,10,89.8,project,,5,Muthur Plant,81435,,,0
1204,16,2026-03-27,issue,0,30,59.8,project,,1,CEP-03 New,2784,64219,,0
1205,16,2026-03-27,receipt,182,0,241.8,,,,Main Stores,140836,,,0
1206,16,2026-03-31,issue,0,10,231.8,unknown,,,Kotugoda brdge site,198656,57865,,0
1207,16,2026-04-01,issue,0,0.5,231.3,unknown,,,CM-33,,,,0
1208,16,2026-04-03,issue,0,1,230.3,asset,187,,CR-01,,,,0
1209,16,2026-04-22,issue,0,0.5,229.8,asset,169,,SL-11,,,,0
1210,16,2026-04-24,issue,0,6,223.8,asset,158,,MG-17,,,,0
1211,16,2026-04-25,issue,0,3,220.8,unknown,,,LB-11 / ZA-7092,,,,0
1212,16,2026-04-27,issue,0,0.5,220.3,asset,345,,PV-6889,,,,0
1213,16,2026-04-27,issue,0,110,110.3,internal,,,Battocoloa Work Shop,,,,0
1214,16,2026-05-04,issue,0,20,90.3,project,,2,Ruwanwella W/Project,205986,57884,,0
1215,16,2026-05-04,issue,0,5,85.3,asset,367,,HEX-46,,,,0
1216,16,2026-05-04,issue,0,10,75.3,project,,3,Marawila Rd/Project,,,,0
1217,16,2026-05-05,issue,0,0.5,74.8,unknown,,,LB-01 /ZA-2609,,,,0
1218,16,2026-05-05,issue,0,0.8,74,unknown,,,LB-01/ZA-2609,,,,0
1219,16,2026-05-05,issue,0,0.5,73.5,asset,255,,LK-2276,,,,0
1220,16,2026-05-05,issue,0,2,71.5,asset,18,,ZB-1548,,,,0
1221,16,2026-05-06,receipt,182,0,253.5,,,,Main Stores,167411,,,0
1222,16,2026-05-06,issue,0,50,203.5,project,,1,CEP/03,,,,0
1223,16,2026-05-06,issue,0,22,181.5,unknown,,,HEX-1,,,,0
1224,16,2026-05-09,issue,0,6.5,175,project,,1,CEP/03-E- NEW,,,,0
1225,16,2026-05-13,issue,0,40,135,project,,1,CEP/03-E- NEW,2863,,,0
1226,16,2026-05-14,issue,0,10,125,project,,7,ZB-1521-Iginimitiya,,,,0
1227,16,2026-05-18,issue,0,0.25,124.75,internal,,,Wherehouse,,,,0
1228,16,2026-05-19,issue,0,30,94.75,project,,4,Batticoloa,,,,0
1229,16,2026-05-20,issue,0,1,93.75,asset,187,,CR-01,,,,0
1230,16,2026-05-20,issue,0,0.5,93.25,unknown,,,SR-01,,,,0
1231,16,2026-05-21,issue,0,1,92.25,asset,193,,LK-5041,,,,0
1232,16,2026-06-02,issue,0,50,42.25,project,,5,Muthur Plant,,64478,,0
1233,16,2026-06-02,receipt,182,0,224.25,,,,,167420,,,0
1234,16,2026-06-04,issue,0,20,204.25,project,,4,Batticoloa LOT/2,,64480,,0
1235,16,2026-06-04,issue,0,1,203.25,asset,173,,SL-15,,,,0
1236,16,2026-06-07,issue,0,2,201.25,asset,190,,LC-0434,,,,0
1237,16,2026-06-07,issue,0,15,186.25,internal,,,Service Truck,,,,0
1238,16,2026-06-07,issue,0,2,184.25,asset,193,,LK-5041,,,,0
1239,16,2026-06-07,issue,0,1,183.25,asset,190,,LC-0434,,,,0
1240,16,2026-06-08,issue,0,2.5,180.75,asset,353,,HEX-23,,,,0
1241,16,2026-06-08,issue,0,2,178.75,asset,189,,48-4849,,,,0
1242,16,2026-06-09,issue,0,1,177.75,asset,358,,HEX-33,,,,0
1243,16,2026-06-10,issue,0,0.6,177.15,unknown,,,LO-7855,,,,0
1244,16,2026-06-10,issue,0,0.75,176.4,asset,319,,LP-1566,,,,0
1245,16,2026-06-10,issue,0,0.75,175.65,asset,314,,LP-1574,,,,0
1246,16,2026-06-10,issue,0,0.5,175.15,asset,315,,LP-1578,,,,0
1247,16,2026-06-10,issue,0,2,173.15,asset,32,,LD-08,,,,0
1248,16,2026-06-10,issue,0,4.5,168.65,asset,366,,HEX-45,,,,0
1249,16,2026-06-10,issue,0,1.6,167.05,asset,346,,HEX-01,,,,0
1250,17,2025-09-16,opening,21.6,0,21.6,,,,,6494,,,0
1251,17,2025-09-17,issue,0,1,20.6,internal,,,New Where House Building,,,,0
1252,17,2025-09-17,issue,0,2,18.6,asset,44,,ZA-8033,,,,0
1253,17,2025-09-18,issue,0,2.5,16.1,asset,366,,HEX-45,,,,0
1254,17,2025-09-18,issue,0,3,13.1,asset,35,,LK-5047,,,,0
1255,17,2025-09-19,issue,0,3,10.1,asset,253,,LK-6740,,,,0
1256,17,2025-09-22,issue,0,2,8.1,project,,6,Asphalt Plant,,,,0
1257,17,2025-09-23,issue,0,1,7.1,asset,278,,LM-5720,,,,0
1258,17,2025-09-23,issue,0,1.5,5.6,unknown,,,YARD,,,,0
1259,17,2025-09-23,issue,0,2,3.6,asset,136,,PTR-01,,,,0
1260,17,2025-09-24,issue,0,1,2.6,unknown,,,MGS-01,,,,0
1261,17,2025-09-24,issue,0,1,1.6,asset,315,,LP-1578,,,,0
1262,17,2025-09-24,issue,0,1.6,0,unknown,,,YARD,,,,0
1263,17,2025-09-26,receipt,10,0,10,,,,,,,,0
1264,17,2025-09-26,issue,0,1,9,asset,334,,LM-6653,,,,0
1265,17,2025-09-26,issue,0,1,8,asset,136,,PTR-01,,,,0
1266,17,2025-09-26,issue,0,2,6,asset,334,,LM-6653,,,,0
1267,17,2025-09-26,issue,0,0.5,5.5,asset,188,,CR-02,,,,0
1268,17,2025-09-26,issue,0,1,4.5,asset,334,,LM-6653,,,,0
1269,17,2025-09-27,issue,0,2,2.5,asset,334,,LM-6653,,,,0
1270,17,2025-09-27,issue,0,2,0.5,asset,336,,LN-8279,,,,0
1271,17,2025-09-27,issue,0,0.5,0,asset,136,,PTR-01,,,,0
1272,17,2025-09-27,receipt,10,0,10,,,,L/P,,,,0
1273,17,2025-09-28,issue,0,1,9,unknown,,,Servce Bay,,,,0
1274,17,2025-09-29,issue,0,1,8,asset,189,,48-4849,,,,0
1275,17,2025-10-02,issue,0,2,6,asset,44,,ZA-8033,,,,0
1276,17,2025-10-03,issue,0,2,4,asset,224,,PA-6399,,,,0
1277,17,2025-10-04,issue,0,1,3,unknown,,,Alternater Cleanig,,,,0
1278,17,2025-10-04,issue,0,2,1,asset,348,,HEX-17,,,,0
1279,17,2025-10-05,issue,0,1,0,unknown,,,GE-04,,,,0
1280,17,2025-10-05,receipt,20.6,0,20.6,,,,L/P,,,,0
1281,17,2025-10-07,issue,0,2,18.6,asset,202,,PD-6917,,,,0
1282,17,2025-10-10,issue,0,2,16.6,asset,330,,LL-1782,,,,0
1283,17,2025-10-10,issue,0,2,14.6,asset,330,,LL-1782,,,,0
1284,17,2025-10-10,issue,0,1.6,13,asset,193,,LK-5041,,,,0
1285,17,2025-10-12,issue,0,2,11,asset,29,,LD-05,,,,0
1286,17,2025-10-12,issue,0,2,9,asset,363,,HEX-41,,,,0
1287,17,2025-10-14,issue,0,1.5,7.5,asset,349,,HEX-18,,,,0
1288,17,2025-10-14,issue,0,3,4.5,asset,335,,325-5120,,,,0
1289,17,2025-10-15,issue,0,1.5,3,unknown,,,Light Plant Clean,,,,0
1290,17,2025-10-16,issue,0,1,2,asset,288,,LO-4824,,,,0
1291,17,2025-10-16,issue,0,2,0,asset,348,,HEX-17,,,,0
1292,17,2025-10-16,receipt,22,0,22,,,,L/P,,,,0
1293,17,2025-10-18,issue,0,4,18,asset,348,,HEX-17,,,,0
1294,17,2025-10-18,issue,0,1,17,asset,230,,HCC-09,,,,0
1295,17,2025-10-19,issue,0,3.5,13.5,unknown,,,Guarden Clean,,,,0
1296,17,2025-10-20,issue,0,2,11.5,asset,232,,LO-9810,,,,0
1297,17,2025-10-20,issue,0,4,7.5,asset,348,,HEX-17,,,,0
1298,17,2025-10-21,issue,0,2,5.5,asset,146,,MG-04,,,,0
1299,17,2025-10-22,issue,0,1.5,4,unknown,,,Air Compressor,,,,0
1300,17,2025-10-23,issue,0,1,3,asset,348,,HEX-17,,,,0
1301,17,2025-10-25,issue,0,1.5,1.5,asset,297,,LO-7183,,,,0
1302,17,2025-10-25,issue,0,1.5,0,asset,297,,LO-7183,,,,0
1303,17,2025-10-25,receipt,20,0,20,,,,L/P,,,,0
1304,17,2025-10-30,issue,0,1.5,18.5,internal,,,Lathe-Shop,,,,0
1305,17,2025-10-30,issue,0,2,16.5,asset,297,,LO-7183,,,,0
1306,17,2025-10-31,issue,0,1.5,15,unknown,,,253-2576,,,,0
1307,17,2025-10-31,issue,0,4,11,asset,227,,PH-6744,,,,0
1308,17,2025-10-31,issue,0,3,8,asset,348,,HEX-17,,,,0
1309,17,2025-10-31,issue,0,1,7,asset,388,,BET-3772,,,,0
1310,17,2025-11-05,issue,0,2,5,unknown,,,Guarden Clean,,,,0
1311,17,2025-11-05,issue,0,2,3,unknown,,,LM-8278,,,,0
1312,17,2025-11-07,issue,0,1.5,1.5,unknown,,,Motor Washing,,,,0
1313,17,2025-11-07,issue,0,1.5,0,asset,275,,LE-4986,,,,0
1314,17,2025-11-08,receipt,20,0,20,,,,L/P,,,,0
1315,17,2025-11-09,issue,0,2,18,unknown,,,Guarden Clean,,,,0
1316,17,2025-11-10,issue,0,1.5,16.5,unknown,,,LK-2266,,,,0
1317,17,2025-11-10,issue,0,2,14.5,asset,193,,LK-5041,,,,0
1318,17,2025-11-11,issue,0,1.5,13,unknown,,,LO-4925,,,,0
1319,17,2025-11-11,issue,0,2,11,asset,189,,48-4849,,,,0
1320,17,2025-11-11,issue,0,1,10,asset,256,,LK-2366,,,,0
1321,17,2025-11-11,issue,0,2,8,asset,256,,LK-2366,,,,0
1322,17,2025-11-12,issue,0,1.5,6.5,asset,256,,LK-2366,,,,0
1323,17,2025-11-13,issue,0,1.5,5,unknown,,,LM-8278,,,,0
1324,17,2025-11-13,issue,0,1,4,asset,260,,LI-3402,,,,0
1325,17,2025-11-13,issue,0,0.5,3.5,asset,263,,LI-3401,,,,0
1326,17,2025-11-13,issue,0,2,1.5,unknown,,,48-8072,,,,0
1327,17,2025-11-14,issue,0,1.5,0,unknown,,,ZB-1521,,,,0
1328,17,2025-11-15,receipt,21,0,21,,,,L/P,,,,0
1329,17,2025-11-15,issue,0,5,16,unknown,,,AC-34,,,,0
1330,17,2025-11-15,issue,0,1,15,asset,278,,LM-5720,,,,0
1331,17,2025-11-15,issue,0,1,14,unknown,,,AC-34,,,,0
1332,17,2025-11-15,issue,0,1,13,unknown,,,GE-143,,,,0
1333,17,2025-11-16,issue,0,1,12,asset,256,,LK-2366,,,,0
1334,17,2025-11-16,issue,0,0.5,11.5,asset,333,,LY-4524,,,,0
1335,17,2025-11-16,issue,0,2,9.5,asset,12,,ZA-8337,,,,0
1336,17,2025-11-16,issue,0,1.5,8,asset,333,,LY-4524,,,,0
1337,17,2025-11-17,issue,0,1,7,asset,256,,LK-2366,,,,0
1338,17,2025-11-17,issue,0,2,5,asset,360,,HEX-37,,,,0
1339,17,2025-11-18,issue,0,1.5,3.5,asset,189,,48-4849,,,,0
1340,17,2025-11-18,issue,0,2,1.5,asset,29,,LD-05,,,,0
1341,17,2025-11-18,issue,0,1,0.5,unknown,,,GE-147,,,,0
1342,17,2025-11-19,issue,0,0.5,0,asset,254,,LK-6738,,,,0
1343,17,2025-12-11,receipt,21,0,21,,,,STORES,,,,0
1344,17,2025-12-11,issue,0,15,6,unknown,,,STORES R/ENGINE R CLE.,,,,0
1345,17,2025-12-15,issue,0,1.5,4.5,internal,,,LATHE SHOP,,,,0
1346,17,2025-12-17,receipt,21,0,25.5,,,,STORES,,,,0
1347,17,2025-12-17,issue,0,1,24.5,asset,26,,LD-02,,,,0
1348,17,2025-12-17,issue,0,1,23.5,asset,251,,LI-7620,,,,0
1349,17,2025-12-19,issue,0,1,22.5,internal,,,SERVICE BAY,,,,0
1350,17,2025-12-20,issue,0,1.5,21,internal,,,SERVICE BAY,,,,0
1351,17,2025-12-20,issue,0,1,20,asset,352,,HEX-22,,,,0
1352,17,2025-12-20,issue,0,2,18,unknown,,,WASHING,,,,0
1353,17,2025-12-21,issue,0,1,17,asset,350,,HEX-19,,,,0
1354,17,2025-12-22,issue,0,2,15,internal,,,SERVICE BAY,,,,0
1355,17,2025-12-22,issue,0,0.5,14.5,asset,247,,LK-4057,,,,0
1356,17,2025-12-22,issue,0,4,10.5,internal,,,SERVICE BAY,,,,0
1357,17,2025-12-23,issue,0,1,9.5,asset,247,,LK-4057,,,,0
1358,17,2025-12-24,issue,0,4,5.5,asset,4,,RS-0401,,,,0
1359,17,2025-12-27,issue,0,1,4.5,asset,336,,LN-8279,,,,0
1360,17,2025-12-27,issue,0,2,2.5,unknown,,,LK-4051,,,,0
1361,17,2025-12-28,issue,0,0.5,2,internal,,,SERVICE BAY,,,,0
1362,17,2025-12-29,receipt,21,0,23,,,,STORES,,,,0
1363,17,2025-12-29,issue,0,4,19,asset,32,,LD-08,,,,0
1364,17,2025-12-30,issue,0,2,17,internal,,,SERVICE BAY,,,,0
1365,17,2025-12-31,issue,0,1,16,unknown,,,JCB,,,,0
1366,17,2025-12-31,issue,0,2,14,internal,,,SERVICE BAY,,,,0
1367,17,2025-12-31,issue,0,1.75,12.25,internal,,,LATHE SHOP,,,,0
1368,17,2026-01-02,issue,0,4,8.25,unknown,,,AC-38,,,,0
1369,17,2026-01-04,issue,0,3,5.25,asset,360,,HEX-37,,,,0
1370,17,2026-01-05,issue,0,1,4.25,unknown,,,ZB-1521,,,,0
1371,17,2026-01-06,issue,0,2,2.25,asset,225,,325-3448,,,,0
1372,17,2026-01-06,issue,0,1,1.25,unknown,,,IN-9046,,,,0
1373,17,2026-01-06,issue,0,1,0.25,internal,,,SERVICE BAY,,,,0
1374,17,2026-01-08,receipt,21,0,21.25,,,,STORES,,,,0
1375,17,2026-01-08,issue,0,1,20.25,asset,12,,ZA-8337,,,,0
1376,17,2026-01-08,issue,0,3,17.25,asset,32,,LD-08,,,,0
1377,17,2026-01-08,issue,0,2.5,14.75,unknown,,,UR-42,,,,0
1378,17,2026-01-09,issue,0,1,13.75,internal,,,SERVICE BAY,,,,0
1379,17,2026-01-09,issue,0,1,12.75,asset,12,,ZA-8337,,,,0
1380,17,2026-01-09,issue,0,1.5,11.25,unknown,,,AS PLANT,,,,0
1381,17,2026-01-10,issue,0,4,7.25,unknown,,,WASHING (W/S spares),,,,0
1382,17,2026-01-10,issue,0,1,6.25,asset,365,,HEX-43,,,,0
1383,17,2026-01-11,issue,0,2,4.25,asset,365,,HEX-43,,,,0
1384,17,2026-01-13,issue,0,3.5,0.75,asset,32,,LD-08,,,,0
1385,17,2026-01-14,issue,0,0.75,0,unknown,,,SPARES CLEANING W/S,,,,0
1386,17,2026-01-15,receipt,21,0,21,,,,LOCAL PURCHES,,,,0
1387,17,2026-01-16,issue,0,1.5,19.5,asset,34,,LK-5048,,,,0
1388,17,2026-01-16,issue,0,1.25,18.25,internal,,,LATHE SHOP,,,,0
1389,17,2026-01-16,issue,0,1,17.25,unknown,,,LE-0434,,,,0
1390,17,2026-01-16,issue,0,1,16.25,unknown,,,SPARES CLEANING W/S,,,,0
1391,17,2026-01-17,issue,0,2,14.25,unknown,,,AC-38,,,,0
1392,17,2026-01-17,issue,0,1,13.25,asset,32,,LD-08,,,,0
1393,17,2026-01-17,issue,0,1,12.25,internal,,,SERVICE BAY,,,,0
1394,17,2026-01-17,issue,0,0.5,11.75,asset,192,,LN-8278,,,,0
1395,17,2026-01-18,issue,0,1,10.75,asset,190,,LC-0434,,,,0
1396,17,2026-01-18,issue,0,1,9.75,asset,77,,VR-13,,,,0
1397,17,2026-01-18,issue,0,1,8.75,internal,,,SERVICE BAY,,,,0
1398,17,2026-01-18,issue,0,1,7.75,asset,190,,LC-0434,,,,0
1399,17,2026-01-19,issue,0,0.5,7.25,asset,164,,SL-06,,,,0
1400,17,2026-01-19,issue,0,3,4.25,asset,145,,MG-03,,,,0
1401,17,2026-01-20,issue,0,2,2.25,asset,55,,SR-09,,,,0
1402,17,2026-01-20,issue,0,0.5,1.75,asset,78,,VR-14,,,,0
1403,17,2026-01-21,issue,0,1,0.75,internal,,,SERVICE BAY,,,,0
1404,17,2026-01-21,issue,0,0.75,0,asset,236,,PX-2180,,,,0
1405,17,2026-01-21,receipt,22,0,22,,,,LOCAL PURCHES,,,,0
1406,17,2026-01-22,issue,0,3,19,asset,180,,AP-09,,,,0
1407,17,2026-01-22,issue,0,2,17,project,,6,Asphalt Plant,,,,0
1408,17,2026-01-22,issue,0,2,15,unknown,,,WINDOW CLEANING(stores),,,,0
1409,17,2026-01-23,issue,0,2.5,12.5,internal,,,SERVICE BAY,,,,0
1410,17,2026-01-23,issue,0,2,10.5,unknown,,,LE-4849,,,,0
1411,17,2026-01-24,issue,0,3,7.5,asset,32,,LD-08,,,,0
1412,17,2026-01-24,issue,0,1,6.5,asset,275,,LE-4986,,,,0
1413,17,2026-01-26,issue,0,1,5.5,internal,,,SERVICE BAY,,,,0
1414,17,2026-01-26,issue,0,1,4.5,asset,243,,DAH-2491,,,,0
1415,17,2026-01-28,issue,0,1.5,3,internal,,,LATHE SHOP,,,,0
1416,17,2026-01-28,issue,0,2,1,unknown,,,GE-152,,,,0
1417,17,2026-01-28,receipt,22,0,23,,,,LOCAL PURCHESED,,,,0
1418,17,2026-01-28,issue,0,0.5,22.5,asset,327,,LP-1712,,,,0
1419,17,2026-01-28,issue,0,1,21.5,internal,,,SERVICE BAY,,,,0
1420,17,2026-01-29,issue,0,1,20.5,asset,363,,HEX-41,,,,0
1421,17,2026-01-29,issue,0,1,19.5,unknown,,,GE-39,,,,0
1422,17,2026-01-29,issue,0,0.5,19,asset,292,,LO-5986,,,,0
1423,17,2026-01-29,issue,0,1,18,asset,32,,LD-08,,,,0
1424,17,2026-01-30,issue,0,3,15,asset,353,,HEX-23,,,,0
1425,17,2026-01-30,issue,0,2,13,asset,29,,LD-05,,,,0
1426,17,2026-01-30,issue,0,1,12,asset,32,,LD-08,,,,0
1427,17,2026-01-30,issue,0,2,10,asset,269,,LK-4058,,,,0
1428,17,2026-01-30,issue,0,2,8,asset,29,,LD-05,,,,0
1429,17,2026-01-30,issue,0,1,7,asset,269,,LK-4058,,,,0
1430,17,2026-01-31,issue,0,1,6,asset,35,,LK-5047,,,,0
1431,17,2026-01-31,issue,0,3,3,asset,353,,HEX-23,,,,0
1432,17,2026-02-01,issue,0,2,1,asset,353,,HEX-23,,,,0
1433,17,2026-02-02,issue,0,0.5,0.5,asset,318,,LP-1577,,,,0
1434,17,2026-02-02,issue,0,0.5,0,asset,247,,LK-4057,,,,0
1435,17,2026-02-05,receipt,21.5,0,21.5,,,,LOCAL PURCHESED,,,,0
1436,17,2026-02-07,issue,0,2,19.5,asset,363,,HEX-41,,,,0
1437,17,2026-02-07,issue,0,1,18.5,asset,348,,HEX-17,,,,0
1438,17,2026-02-07,issue,0,3,15.5,internal,,,PILE DRIVER,,,,0
1439,17,2026-02-08,issue,0,1,14.5,asset,230,,PJ-6376,,,,0
1440,17,2026-02-08,issue,0,1,13.5,asset,67,,VR-02,,,,0
1441,17,2026-02-09,issue,0,1,12.5,asset,222,,PA-4879,,,,0
1442,17,2026-02-09,issue,0,2,10.5,asset,101,,VR-37,,,,0
1443,17,2026-02-09,issue,0,2,8.5,asset,353,,HEX-23,,,,0
1444,17,2026-02-09,issue,0,1,7.5,asset,348,,HEX-17,,,,0
1445,17,2026-02-10,issue,0,1,6.5,asset,155,,MG-13,,,,0
1446,17,2026-02-10,issue,0,2,4.5,internal,,,SERVICE BAY (RS-04010,,,,0
1447,17,2026-02-10,issue,0,3.5,1,unknown,,,BOMAG-138 s/n,,,,0
1448,17,2026-02-11,issue,0,1,0,internal,,,service bay,,,,0
1449,17,2026-02-11,receipt,20,0,20,,,,local purchesed,,,,0
1450,17,2026-02-12,issue,0,1,19,asset,226,,PH-6742,,,,0
1451,17,2026-02-13,issue,0,1,18,asset,353,,HEX-23,,,,0
1452,17,2026-02-13,issue,0,1,17,unknown,,,PLATE COMPACTOR,,,,0
1453,17,2026-02-14,issue,0,3,14,unknown,,,48-8072,,,,0
1454,17,2026-02-15,issue,0,1.5,12.5,asset,343,,41-1130,,,,0
1455,17,2026-02-16,issue,0,2,10.5,internal,,,SERVICE BAY,,,,0
1456,17,2026-02-16,issue,0,2,8.5,asset,274,,LI-3851,,,,0
1457,17,2026-02-16,issue,0,3.5,5,asset,230,,PJ-6376,,,,0
1458,17,2026-02-16,issue,0,1,4,unknown,,,GE-62,,,,0
1459,17,2026-02-17,issue,0,1,3,asset,230,,PJ-6376,,,,0
1460,17,2026-02-17,issue,0,1,2,unknown,,,WATER PUMP (S/N),,,,0
1461,17,2026-02-18,issue,0,1,1,asset,189,,48-4849,,,,0
1462,17,2026-02-18,issue,0,0.5,0.5,asset,226,,PH-6742,,,,0
1463,17,2026-02-18,issue,0,0.5,0,asset,355,,HEX-27,,,,0
1464,17,2026-02-19,receipt,20,0,20,,,,LOCAL PURCHESED,,,,0
1465,17,2026-02-19,issue,0,1,19,asset,394,,BDI-8556,,,,0
1466,17,2026-02-19,issue,0,1,18,internal,,,LATHE SHOP,,,,0
1467,17,2026-02-20,issue,0,1,17,asset,384,,FL-03,,,,0
1468,17,2026-02-20,issue,0,2,15,asset,341,,68-5115,,,,0
1469,17,2026-02-20,issue,0,1,14,asset,384,,FL-03,,,,0
1470,17,2026-02-21,issue,0,1,13,unknown,,,GE-126,,,,0
1471,17,2026-02-21,issue,0,1.5,11.5,unknown,,,LE-0434,,,,0
1472,17,2026-02-22,issue,0,1,10.5,asset,353,,HEX-23,,,,0
1473,17,2026-02-22,issue,0,1,9.5,asset,270,,LK-4061,,,,0
1474,17,2026-02-23,issue,0,2,7.5,asset,355,,HEX-27,,,,0
1475,17,2026-02-23,issue,0,1.5,6,unknown,,,LO-7855,,,,0
1476,17,2026-02-23,issue,0,1,5,unknown,,,LK-4051,,,,0
1477,17,2026-02-24,issue,0,1,4,unknown,,,PE-7812,,,,0
1478,17,2026-02-25,issue,0,2,2,asset,353,,HEX-23,,,,0
1479,17,2026-02-25,issue,0,1,1,unknown,,,stores cleaning glass clean,,,,0
1480,17,2026-02-25,issue,0,1,0,asset,353,,HEX-23,,,,0
1481,17,2026-02-26,receipt,21.5,0,21.5,,,,LOCAL PURCHES,,,,0
1482,17,2026-02-27,issue,0,1,20.5,unknown,,,SPARES CLEANING W/S,,,,0
1483,17,2026-02-27,issue,0,1,19.5,unknown,,,WP-68,,,,0
1484,17,2026-02-28,issue,0,2.5,17,unknown,,,48-8072,,,,0
1485,17,2026-03-03,issue,0,1,16,asset,33,,LD-09,,,,0
1486,17,2026-03-03,issue,0,1.5,14.5,asset,353,,HEX-23,,,,0
1487,17,2026-03-04,issue,0,1.5,13,asset,353,,HEX-23,,,,0
1488,17,2026-03-04,issue,0,1.5,11.5,asset,357,,HEX-29,,,,0
1489,17,2026-03-05,issue,0,1,10.5,asset,38,,ZA-6255,,,,0
1490,17,2026-03-05,issue,0,1,9.5,asset,76,,VR-12,,,,0
1491,17,2026-03-06,issue,0,2,7.5,unknown,,,FL-01,,,,0
1492,17,2026-03-09,issue,0,1,6.5,unknown,,,GE-119,,,,0
1493,17,2026-03-09,issue,0,1.5,5,unknown,,,SPARES CLEANING (VR-12/VR-09/LT-1.5,,,,0
1494,17,2026-03-10,issue,0,2,3,unknown,,,SPARES CLEANING W/S,,,,0
1495,17,2026-03-11,issue,0,1,2,unknown,,,PE-7812,,,,0
1496,17,2026-03-11,issue,0,1.5,0.5,asset,5,,RS-0483,,,,0
1497,17,2026-03-11,receipt,15,0,15.5,,,,LOCAL PURCHES,,,,0
1498,17,2026-03-11,issue,0,1,14.5,asset,144,,PTR-10,,,,0
1499,17,2026-03-11,issue,0,2,12.5,asset,211,,PC-7812,,,,0
1500,17,2026-03-12,issue,0,1,11.5,asset,144,,PTR-10,,,,0
1501,17,2026-03-12,issue,0,2,9.5,asset,353,,HEX-23,,,,0
1502,17,2026-03-12,issue,0,1,8.5,unknown,,,PLUG CLEANING,,,,0
1503,17,2026-03-12,issue,0,2,6.5,asset,140,,PTR-06,,,,0
1504,17,2026-03-13,issue,0,2,4.5,unknown,,,PTR-02/07/09,,,,0
1505,17,2026-03-13,issue,0,1,3.5,asset,143,,PTR-09,,,,0
1506,17,2026-03-14,issue,0,1,2.5,asset,137,,PTR-02,,,,0
1507,17,2026-03-15,issue,0,1,1.5,asset,144,,PTR-10,,,,0
1508,17,2026-03-15,issue,0,1,0.5,asset,32,,LD-08,,,,0
1509,17,2026-03-15,issue,0,0.25,0.25,asset,1,,LB-01,,,,0
1510,17,2026-03-17,issue,0,0.25,0,unknown,,,TR-05,,,,0
1511,17,2026-04-09,receipt,4,0,4,,,,LOCAL PURCHES,142335,,,0
1512,17,2026-04-10,issue,0,0.5,3.5,asset,160,,SL-02,,,,0
1513,17,2026-04-20,issue,0,3.5,0,asset,233,,LB-4824,,,,0
1514,17,2026-04-22,receipt,10.75,0,10.75,,,,L/P,142325,,,0
1515,17,2026-04-22,issue,0,1,9.75,asset,191,,LN-8277,,,,0
1516,17,2026-04-22,issue,0,1.5,8.25,internal,,,LATHE SHOP,,,,0
1517,17,2026-04-22,issue,0,2,6.25,asset,233,,LB-4824,,,,0
1518,17,2026-04-22,issue,0,1,5.25,asset,158,,MG-17,,,,0
1519,17,2026-04-27,issue,0,1,4.25,asset,346,,HEX-01,,,,0
1520,17,2026-04-28,issue,0,1,3.25,unknown,,,ZB-1548/LB-18,,,,0
1521,17,2026-04-28,issue,0,1,2.25,asset,363,,HEX-41,,,,0
1522,17,2026-04-30,issue,0,1,1.25,asset,366,,HEX-45,,,,0
1523,17,2026-04-30,issue,0,1,0.25,asset,333,,LY-4524,,,,0
1524,17,2026-05-05,receipt,15,0,15.25,,,,L/P,142337,,,0
1525,17,2026-05-05,issue,0,1,14.25,asset,1,,ZA-2609,,,,0
1526,17,2026-05-05,issue,0,1,13.25,unknown,,,FIRE SAFETY TRANING,,,,0
1527,17,2026-05-06,issue,0,2,11.25,asset,190,,LC-0434,,,,0
1528,17,2026-05-07,issue,0,1,10.25,asset,234,,PT-1569,,,,0
1529,17,2026-05-08,issue,0,1,9.25,asset,157,,MG-15,,,,0
1530,17,2026-05-08,issue,0,2,7.25,asset,191,,LN-8277,,,,0
1531,17,2026-05-12,issue,0,1,6.25,asset,338,,LX-1679,,,,0
1532,17,2026-05-12,issue,0,1,5.25,asset,240,,DAH-2229,,,,0
1533,17,2026-05-14,issue,0,1,4.25,unknown,,,Hose Room Cleaning,,,,0
1534,17,2026-05-14,issue,0,0.5,3.75,unknown,,,Tools Box Cleaning,,,,0
1535,17,2026-05-15,issue,0,1,2.75,unknown,,,LB-02 /ZA-2963,,,,0
1536,17,2026-05-15,issue,0,1,1.75,unknown,,,LB-02 /ZA-2963,,,,0
1537,17,2026-05-15,issue,0,0.5,1.25,asset,229,,LN-1867,,,,0
1538,17,2026-05-16,issue,0,0.5,0.75,asset,45,,ZA-8511,,,,0
1539,17,2026-05-17,issue,0,0.5,0.25,asset,112,,VR-48,,,,0
1540,17,2026-05-18,issue,0,0.25,0,asset,358,,HEX-33,,,,0
1541,17,2026-05-20,receipt,15,0,15,,,,LP,142348,,,0
1542,17,2026-05-20,issue,0,4,11,asset,351,,HEX-21,,,,0
1543,17,2026-05-21,issue,0,0.5,10.5,asset,188,,CR-02,,,,0
1544,17,2026-05-22,issue,0,2,8.5,asset,192,,LN-8278,,,,0
1545,17,2026-05-22,issue,0,2,6.5,asset,363,,HEX-41,,,,0
1546,17,2026-05-22,issue,0,1,5.5,asset,346,,HEX-01,,,,0
1547,17,2026-05-22,issue,0,2,3.5,asset,188,,CR-02,,,,0
1548,17,2026-05-22,issue,0,1,2.5,asset,363,,HEX-41,,,,0
1549,17,2026-05-23,issue,0,2,0.5,asset,363,,HEX-41,,,,0
1550,17,2026-05-23,receipt,15,0,15.5,,,,,166905,,,0
1551,17,2026-05-24,issue,0,1,14.5,asset,363,,HEX-41,,,,0
1552,17,2026-05-26,issue,0,1,13.5,asset,239,,DAH-2228,,,,0
1553,17,2026-05-29,issue,0,1,12.5,asset,188,,CR-02,,,,0
1554,17,2026-05-29,issue,0,0.5,12,asset,112,,VR-48,,,,0
1555,17,2026-05-29,issue,0,0.5,11.5,asset,221,,51-7158,,,,0
1556,17,2026-06-02,issue,0,1,10.5,asset,222,,PA-4879,,,,0
1557,17,2026-06-03,issue,0,1,9.5,asset,274,,LI-3851,,,,0
1558,17,2026-06-04,issue,0,2,7.5,asset,351,,HEX-21,,,,0
1559,17,2026-06-05,issue,0,0.5,7,unknown,,,1210,,,,0
1560,17,2026-06-06,issue,0,1,6,asset,192,,LN-8278,,,,0
1561,17,2026-06-06,issue,0,1,5,asset,330,,LL-1782,,,,0
1562,17,2026-06-06,issue,0,2,3,asset,190,,LC-0434,,,,0
1563,17,2026-06-07,issue,0,0.25,2.75,asset,303,,LO-8348,,,,0
1564,17,2026-06-08,issue,0,1,1.75,asset,351,,HEX-21,,,,0
1565,17,2026-06-10,issue,0,1,0.75,unknown,,,LO-7855,,,,0
1566,17,2026-06-10,issue,0,0.5,0.25,unknown,,,LO-7855,,,,0
1567,17,2026-06-11,issue,0,0.25,0,asset,188,,ZA-9716,,,,0
1568,18,2026-04-28,opening,1,0,1,,,,Balance,,,,0
1569,18,2026-05-02,issue,0,0.5,0.5,asset,333,,LY-4524,,,,0
1570,18,2026-05-04,issue,0,0.5,0,unknown,,,Fire Training,,,,0
1571,18,2026-05-04,receipt,3.65,0,3.65,,,,LP,,,,0
1572,18,2026-05-09,issue,0,0.5,3.15,asset,221,,51-7158,,,,0
1573,18,2026-05-11,issue,0,0.5,2.65,asset,32,,LD-08,,,,0
1574,18,2026-05-26,issue,0,0.5,2.15,asset,58,,SR-12,,,,0
1575,18,2026-05-28,issue,0,0.5,1.65,asset,269,,LK-4058,,,,0
1576,18,2026-06-02,issue,0,0.5,1.15,asset,220,,57-3062,,,,0
1577,18,2026-06-08,issue,0,0.25,0.9,asset,134,,VR-70,,,,0
1578,19,2026-03-25,receipt,18,0,18,,,,Main Stores Badalgama,142331,,,0
1579,19,2026-04-04,issue,0,5,13,project,,4,Batticloa Work Shop,,,,0
1580,19,2026-05-05,issue,0,1,12,asset,1,,ZA-2609 / LB01,,,,0
1581,19,2026-05-08,issue,0,2,10,asset,190,,LC-0434,,,,0
1582,19,2026-05-12,issue,0,1.5,8.5,asset,338,,LX-1679,,,,0
1583,19,2026-05-12,issue,0,3.5,5,asset,338,,LX-1679,,,,0
1584,19,2026-06-03,issue,0,0.5,4.5,asset,227,,PH-6744,,,,0
1585,19,2026-06-08,issue,0,0.5,4,asset,345,,PV-6889,,,,0
1586,20,2026-05-02,opening,1,0,1,,,,B/F,,,,0
1587,20,2026-05-03,issue,0,0.5,0.5,internal,,,Work Shop,,,,0
1588,20,2026-05-04,issue,0,0.5,0,internal,,,Work Shop,,,,0
1589,20,2026-05-05,receipt,10,0,10,,,,LP,142337,,,0
1590,20,2026-05-05,issue,0,1.5,8.5,internal,,,Work Shop,,,,0
1591,20,2026-05-06,issue,0,1.25,7.25,internal,,,Work Shop,,,,0
1592,20,2026-05-07,issue,0,1.75,5.5,internal,,,Work Shop,,,,0
1593,20,2026-05-08,issue,0,2,3.5,internal,,,Work Shop,,,,0
1594,20,2026-05-09,issue,0,1,2.5,internal,,,Work Shop,,,,0
1595,20,2026-05-10,issue,0,0.75,1.75,internal,,,Work Shop,,,,0
1596,20,2026-05-11,issue,0,0.75,1,internal,,,Work Shop,,,,0
1597,20,2026-05-12,issue,0,1,0,internal,,,Work Shop,,,,0
1598,20,2026-05-13,receipt,7.6,0,7.6,,,,LP,142337,,,0
1599,20,2026-05-13,issue,0,2.5,5.1,internal,,,Work Shop,,,,0
1600,20,2026-05-14,issue,0,1,4.1,internal,,,Work Shop,,,,0
1601,20,2026-05-15,issue,0,1,3.1,internal,,,Work Shop,,,,0
1602,20,2026-05-16,issue,0,1.5,1.6,internal,,,Work Shop,,,,0
1603,20,2026-05-17,issue,0,0.6,1,internal,,,Work Shop,,,,0
1604,20,2026-05-18,issue,0,1,0,internal,,,Work Shop,,,,0
1605,20,2026-05-19,receipt,10,0,10,,,,LP,142348,,,0
1606,20,2026-05-19,issue,0,1,9,internal,,,Work Shop,,,,0
1607,20,2026-05-20,issue,0,1.5,7.5,internal,,,Work Shop,,,,0
1608,20,2026-05-21,issue,0,2,5.5,internal,,,Work Shop,,,,0
1609,20,2026-05-22,issue,0,0.75,4.75,internal,,,Work Shop,,,,0
1610,20,2026-05-23,issue,0,1.25,3.5,internal,,,Work Shop,,,,0
1611,20,2026-05-24,issue,0,0.75,2.75,internal,,,Work Shop,,,,0
1612,20,2026-05-25,issue,0,1.25,1.5,internal,,,Work Shop,,,,0
1613,20,2026-05-26,issue,0,1,0.5,internal,,,Work Shop,,,,0
1614,20,2026-05-27,issue,0,0.5,0,internal,,,Work Shop,,,,0
1615,20,2026-05-28,receipt,6,0,6,,,,LP,142348,,,0
1616,20,2026-05-28,issue,0,0.5,5.5,internal,,,Work Shop,,,,0
1617,20,2026-05-29,issue,0,0.75,4.75,internal,,,Work Shop,,,,0
1618,20,2026-05-30,issue,0,1.5,3.25,internal,,,Work Shop,,,,0
1619,20,2026-05-31,issue,0,0.5,2.75,internal,,,Work Shop,,,,0
1620,20,2026-06-01,issue,0,1,1.75,internal,,,Work Shop,,,,0
1621,20,2026-06-02,issue,0,1.75,0,internal,,,Work Shop,,,,0
1622,20,2026-06-02,receipt,6,0,6,,,,LP,166963,,,0
1623,20,2026-06-03,issue,0,1,5,internal,,,Work Shop,,,,0
1624,20,2026-06-04,issue,0,1,4,internal,,,Work Shop,,,,0
1625,20,2026-06-05,issue,0,1.5,2.5,internal,,,Work Shop,,,,0
1626,20,2026-06-06,issue,0,1,1.5,internal,,,Work Shop,,,,0
1627,20,2026-06-07,issue,0,0.5,1,internal,,,Work Shop,,,,0
1628,20,2026-06-08,issue,0,1,0,internal,,,Work Shop,,,,0
1629,1,2026-06-02,issue,0,30,242.25,project,,5,Muthur Plant,81434,64478,,0
1630,21,2026-06-20,opening,200,0,108,,,,Opening balance,,,,0
1631,1,2026-06-20,issue,0,2,144,asset,199,,DC-10,,,,0
1632,1,2026-06-20,issue,0,15,129,asset,346,,HEX-01,,,,0
1633,1,2026-06-20,issue,0,0.25,128.75,asset,413,,BID-8556,,,,0
1634,1,2026-06-20,issue,0,3,125.75,asset,222,,HCC-01,,,,0
1635,1,2026-06-20,issue,0,1,124.75,asset,351,,HEX-21,,,,0
1636,1,2026-06-20,issue,0,0.5,124.25,asset,414,,CM-24,,,,0
1637,1,2026-06-20,issue,0,32,92.25,asset,330,,BD-01,,,,0
1638,1,2026-06-20,issue,0,20,72.25,project,,2,Ruwanwella Water Project,03214,57908,,0
1639,1,2026-06-20,issue,0,1,71.25,,,,,,,,0
1640,1,2026-06-17,issue,0,2,151,asset,330,,BD-01,,,,0
1641,21,2026-06-15,issue,0,60,-60,asset,351,,HEX-21,,,,0
1642,21,2026-06-16,issue,0,30,-90,project,,2,Ruwanwella Water Project,03214,57908,,0
1643,7,2026-06-11,issue,0,30,3.25,project,,1,CEP-03 Project,03253,64493,,0
1644,7,2026-06-14,receipt,26.75,0,30,,,,Error Correction (HD-46),,,Error Correction (HD-46),0
1645,7,2026-06-14,issue,0,30,0,project,,10,Awissawella Project,130731,57905,,0
1646,9,2026-06-14,issue,0,26.75,62.25,unknown,,,Error Correction (HD-68),,,,0
1647,9,2026-06-16,issue,0,20,42.25,project,,2,Ruwanwella Water Project,03214,57908,,0
1648,11,2026-06-17,issue,0,1,72.5,asset,221,,PV-01,,,,0
1649,12,2026-06-02,issue,0,30,41.5,project,,5,Muthur Plant,81434,64478,,0
1650,12,2026-06-15,issue,0,2,39.5,asset,330,,BD-01,,,,0
1651,12,2026-06-15,issue,0,2,37.5,asset,59,,SR-13,,,,0
1652,13,2026-06-10,issue,0,20,14,project,,1,CEP-03 Project,03257,,,0
1653,13,2026-06-12,issue,0,2,12,asset,199,,DC-10,,,,0
1654,13,2026-06-15,issue,0,10,2,asset,59,,SR-13,,,,0
1655,15,2026-06-15,issue,0,17,107,asset,330,,BD-01,,,,0
1656,16,2026-06-13,issue,0,0.7,166.35,asset,304,,DT-60,,,,0
1657,16,2026-06-15,issue,0,0.75,165.6,asset,358,,HEX-33,,,,0
1658,16,2026-06-15,issue,0,0.75,164.85,asset,59,,SR-13,,,,0
1659,16,2026-06-15,issue,0,2,162.85,asset,330,,BD-01,,,,0
1660,16,2026-06-17,issue,0,2.5,160.35,asset,353,,HEX-23,130114,,,0
1661,16,2026-06-17,issue,0,2.5,157.85,asset,363,,HEX-41,130114,,,0
1662,16,2026-06-17,issue,0,1,156.85,asset,29,,LD-05,,,,0
1663,17,2026-06-13,receipt,15,0,15,,,,L/P,166910,,,0
1664,17,2026-06-15,issue,0,1,14,asset,330,,BD-01,,,,0
1665,17,2026-06-15,issue,0,0.5,13.5,asset,15,,LB-15,,,,0
1666,17,2026-06-15,issue,0,1,12.5,asset,330,,BD-01,,,,0
1667,17,2026-06-17,issue,0,1,11.5,asset,258,,DT-15,,,,0
1668,17,2026-06-17,issue,0,2,9.5,asset,29,,LD-05,,,,0
1669,18,2026-06-15,issue,0,0.5,3.9,asset,15,,LB-15,,,,0
1670,18,2026-06-14,receipt,3.5,0,4.4,,,,L/P,166910,,,0
1671,20,2026-06-09,receipt,6,0,6,,,,L/P,166907,,,0
1672,20,2026-06-09,issue,0,1,5,internal,,,Work Shop,,,,0
1673,20,2026-06-10,issue,0,1,4,internal,,,Work Shop,,,,0
1674,20,2026-06-12,issue,0,1,3,internal,,,Work Shop,,,,0
1675,20,2026-06-13,issue,0,1,2,internal,,,Work Shop,,,,0
1676,20,2026-06-15,issue,0,1,0,internal,,,Work Shop,,,,0
1677,20,2026-06-13,issue,0,1,1,internal,,,Work Shop,,,,0
1678,20,2026-06-17,receipt,10,0,10,,,,L/P,166911,,,0
1679,1,2026-06-18,issue,0,2,149,unknown,,,Carture,,,,0
1680,1,2026-06-19,issue,0,3,146,asset,221,,PV-01,,,,0
1681,1,2026-06-20,issue,0,34,37.25,asset,330,,BD-01,,,,0
1682,1,2026-06-20,issue,0,13,24.25,,,,,,,,0
1683,1,2026-06-21,issue,0,0.5,57.75,unknown,,,Water Presure Gun,,,,0
1684,1,2026-06-22,issue,0,6,51.75,asset,220,,57-3062,,,,0
1685,21,2026-06-18,issue,0,2,-92,asset,354,,HEX-26,,,,0
1686,21,2026-06-20,issue,0,8,100,project,,7,Iginimitiya Project,129071,58601,,0
1687,21,2026-06-22,issue,0,26,74,asset,188,,CR-02,,,,0
1688,21,2026-06-22,receipt,200,0,274,,,,Main Store,167431,,,0
1689,9,2026-06-19,issue,0,6,36.25,asset,358,,HEX-33,,,,0
1690,9,2026-06-22,receipt,210,0,246.25,,,,Main Stores,167431,,,0
1691,14,2026-06-20,issue,0,8,53.5,asset,269,,DT-25,,,,0
1692,14,2026-06-21,issue,0,1.5,52,asset,415,,LI-4979,,,,0
1693,16,2026-06-20,issue,0,20,136.85,project,,11,Musali Water Project,202951,58601,,0
1694,16,2026-06-20,issue,0,10,126.85,project,,7,Iginimitiya Project,129071,58601,,0
1695,16,2026-06-21,issue,0,1.5,125.35,asset,262,,DT-19,,,,0
1696,17,2026-06-18,issue,0,0.5,9,asset,354,,HEX-26,,,,0
1697,17,2026-06-19,issue,0,2,7,asset,269,,DT-25,,,,0
1698,17,2026-06-19,issue,0,1,6,asset,281,,DT-37,,,,0
1699,17,2026-06-20,issue,0,1,5,asset,156,,MG-14,,,,0
1700,17,2026-06-20,issue,0,1,4,asset,35,,TM-03,,,,0
1701,18,2026-06-17,issue,0,1,2.9,unknown,,,Wacker Cleaning,,,,0
1702,18,2026-06-18,issue,0,1,1.9,,,,,,,,0
1703,18,2026-06-21,issue,0,1.5,0.4,asset,57,,SR-11,,,,0
1704,20,2026-06-18,issue,0,1,9,internal,,,Work Shop,,,,0
1705,20,2026-06-19,issue,0,1,8,internal,,,Work Shop,,,,0
1706,20,2026-06-20,issue,0,1,7,internal,,,Work Shop,,,,0
1707,20,2026-06-21,issue,0,1,6,internal,,,Work Shop,,,,0
1708,1,2026-06-20,receipt,34,0,58.25,,,,"Error Correction (Jun 20, 2026	BD-01 / LL-1782)",,,,0
1709,1,2026-06-22,issue,0,12,39.75,asset,149,,MG-07,,,,0
1710,1,2026-06-23,issue,0,0.5,39.25,asset,343,,DB-04,,,,0
1711,1,2026-06-23,issue,0,7,32.25,asset,233,,SC-02,,,,0
1712,1,2026-06-24,receipt,200,0,232.25,,,,Main Stores,167433,,,0
1713,1,2026-06-24,issue,0,30,202.25,project,,1,CEP-03 Project,03314,58604,,0
1714,1,2026-06-24,issue,0,1,201.25,asset,269,,DT-25,,,,0
1715,1,2026-06-24,issue,0,40,161.25,asset,333,,BD-04,,,,0
1716,1,2026-06-26,issue,0,13,148.25,asset,269,,DT-25,,,,0
1717,1,2026-06-28,issue,0,5,143.25,asset,199,,DC-10,,,,0
1718,1,2026-06-28,issue,0,16,127.25,asset,193,,BM-05,,,,0
1719,1,2026-06-28,issue,0,5.5,121.75,asset,416,,GE-102,,,,0
1720,1,2026-06-28,issue,0,0.5,121.25,asset,417,,PD-7049,,,,0
1721,1,2026-06-29,issue,0,0.5,120.75,asset,227,,HCC-06,,,,0
1722,1,2026-06-30,issue,0,3,117.75,asset,152,,MG-10,,,,0
1723,1,2026-07-01,issue,0,10,66.25,asset,167,,SL-09,,,,0
1724,1,2026-07-01,issue,0,40,26.25,asset,418,,GE-104,,,,0
1725,1,2026-07-02,issue,0,1,25.25,unknown,,,Tamping Rammer,,,Vacker,0
1726,1,2026-07-03,issue,0,30,-4.75,internal,,,Service Team,,,,0
1727,1,2026-07-04,issue,0,1,-5.75,asset,343,,DB-04,,,,0
1728,1,2026-07-05,issue,0,13,-18.75,asset,192,,BM-04,,,,0
1729,1,2026-07-05,issue,0,8,-26.75,asset,123,,VR-59,,,,0
1730,2,2026-06-24,issue,0,3,85,unknown,,,Concrete Mixer,,,,0
1731,2,2026-07-03,issue,0,20,68,internal,,,Service Team,,,,0
1732,2,2026-07-06,issue,0,1,67,asset,220,,57-3062,,,,0
1733,2,2026-07-06,issue,0,2,65,asset,188,,CR-02,,,,0
1734,6,2026-06-22,issue,0,14,29,asset,149,,MG-07,,,,0
1735,6,2026-06-26,issue,0,5,24,asset,32,,LD-08,,,,0
1736,21,2026-06-22,issue,0,70,204,asset,149,,MG-07,,,,0
1737,21,2026-06-23,issue,0,5,199,asset,419,,ZA-7052,,,,0
1738,21,2026-06-25,issue,0,45,154,asset,1,,LB-01,,,,0
1739,21,2026-07-03,issue,0,10,100,asset,354,,HEX-26,,,,0
1740,21,2026-07-05,issue,0,5,95,asset,123,,VR-59,,,,0
1741,21,2026-07-05,issue,0,5,90,asset,128,,VR-64,,,,0
1742,21,2026-07-06,issue,0,50,40,project,,4,Batticaloa Project,03383,58612,,0
1743,9,2026-07-01,issue,0,4.5,37.75,asset,167,,SL-09,,,,0
1744,9,2026-07-03,issue,0,20,17.75,internal,,,Service Team,,,,0
1745,11,2026-06-25,issue,0,14,58.5,asset,1,,LB-01,,,,0
1746,11,2026-07-02,issue,0,0.5,72,asset,235,,SC-06,,,,0
1747,12,2026-06-22,issue,0,0.5,37,asset,149,,MG-07,,,,0
1748,12,2026-06-30,issue,0,2,35,asset,144,,PTR-10,,,,0
1749,12,2026-07-02,issue,0,8,29.5,asset,354,,HEX-26,,,,0
1750,12,2026-07-03,issue,0,0.25,29.25,asset,235,,SC-06,,,,0
1751,12,2026-07-04,issue,0,2,27.25,asset,144,,PTR-10,,,,0
1752,12,2026-07-06,issue,0,6,21.25,asset,376,,FT-07,,,,0
1753,13,2026-07-03,issue,0,2,0,asset,235,,SC-06,,,,0
1754,14,2026-06-22,issue,0,5,47,asset,420,,48-8072,,,,0
1755,14,2026-07-04,issue,0,2,59.5,asset,144,,PTR-10,,,,0
1756,14,2026-07-06,issue,0,26,33.5,asset,376,,FT-07,,,,0
1757,15,2026-07-05,issue,0,7,100,asset,192,,BM-04,,,,0
1758,16,2026-06-22,issue,0,5,120.35,asset,149,,MG-07,166653,57914,Galagedara Project,0
1759,16,2026-06-23,issue,0,2,118.35,asset,29,,LD-05,,,,0
1760,16,2026-07-07,receipt,182,0,319.05,,,,Main stores,167433,,,0
1761,16,2026-06-24,issue,0,30,88.35,project,,1,CEP-03 Project,,,,0
1762,16,2026-06-24,issue,0,2,86.35,asset,333,,BD-04,,,,0
1763,16,2026-06-25,issue,0,2,84.35,asset,1,,LB-01,,,,0
1764,16,2026-06-26,issue,0,1,83.35,asset,354,,HEX-26,,,,0
1765,16,2026-06-26,issue,0,2,81.35,asset,32,,LD-08,,,,0
1766,16,2026-07-01,issue,0,0.2,156.65,,,,,,,,0
1767,16,2026-07-03,issue,0,1,145.65,asset,354,,HEX-26,,,,0
1768,16,2026-07-03,issue,0,0.15,145.5,asset,199,,DC-10,,,,0
1769,16,2026-07-03,issue,0,0.25,145.25,asset,235,,SC-06,,,,0
1770,16,2026-07-04,issue,0,1.2,144.05,asset,144,,PTR-10,,,,0
1771,16,2026-07-06,issue,0,4,140.05,asset,188,,CR-02,,,,0
1772,16,2026-07-06,issue,0,3,137.05,asset,188,,CR-02,,,,0
1773,17,2026-06-22,issue,0,1.5,2.5,asset,420,,48-8072,,,,0
1774,17,2026-06-24,issue,0,0.5,2,asset,333,,BD-04,,,,0
1775,17,2026-06-24,issue,0,1,1,asset,269,,DT-25,,,,0
1776,17,2026-06-24,issue,0,1,0,unknown,,,Site Cleaning,,,,0
1777,17,2026-06-26,receipt,14,0,14,,,,L/P,166913,,,0
1778,17,2026-06-27,issue,0,1,13,asset,269,,DT-25,,,,0
1779,17,2026-06-28,issue,0,1,12,asset,193,,BM-05,,,,0
1780,17,2026-06-30,issue,0,1,11,asset,175,,SL-17,,,,0
1781,17,2026-06-30,issue,0,2,9,asset,231,,HCC-10,,,,0
1782,17,2026-07-02,issue,0,1.5,8,asset,248,,DT-04,,,,0
1783,17,2026-07-02,issue,0,0.5,7.5,unknown,,,Tamping Rammer HC 40 1009,,,,0
1784,17,2026-07-03,issue,0,1,6.5,asset,199,,DC-10,,,,0
1785,17,2026-07-04,issue,0,1,5.5,asset,35,,TM-03,,,,0
1786,17,2026-07-04,issue,0,1,4.5,asset,144,,PTR-10,,,,0
1787,17,2026-07-06,issue,0,1,3.5,asset,188,,CR-02,,,,0
1788,17,2026-07-06,issue,0,2,1.5,,,,,,,,0
1789,18,2026-06-22,issue,0,0.4,0,asset,420,,48-8072,,,,0
1790,18,2026-06-22,receipt,6.9,0,6.9,,,,L/P,166913,,,0
1791,18,2026-06-23,issue,0,1,5.9,asset,1,,LB-01,,,,0
1792,18,2026-06-24,issue,0,1,4.9,asset,421,,ASC-21,,,,0
1793,18,2026-06-24,issue,0,0.25,4.65,asset,333,,BD-04,,,,0
1794,18,2026-06-24,issue,0,0.25,4.4,asset,422,,ASC-25,,,,0
1795,18,2026-06-26,issue,0,0.5,3.9,asset,167,,SL-09,,,,0
1796,18,2026-06-26,issue,0,0.5,3.4,asset,422,,ASC-25,,,,0
1797,18,2026-06-27,issue,0,0.5,2.9,asset,267,,DT-23,,,,0
1798,18,2026-06-27,issue,0,1,1.9,asset,187,,CR-01,,,,0
1799,18,2026-06-27,issue,0,0.5,1.4,asset,175,,SL-17,,,,0
1800,18,2026-07-07,issue,0,0.5,2.9,asset,423,,TR-146,,,,0
1801,18,2026-07-02,issue,0,0.5,3.4,asset,424,,Tamping Rammer HC 40 1009,,,,0
1802,20,2026-06-23,issue,0,1,5,internal,,,Work Shop,,,,0
1803,20,2026-06-24,receipt,10,0,15,,,,L/P,166914,,,0
1804,20,2026-06-24,issue,0,1,14,internal,,,Work Shop,,,,0
1805,20,2026-06-25,issue,0,1,13,internal,,,Work Shop,,,,0
1806,20,2026-06-26,issue,0,1,12,internal,,,Work Shop,,,,0
1807,16,2026-07-02,issue,0,10,146.65,project,,7,Iginimitiya Project,129073,57804,,0
1808,1,2026-07-05,issue,0,5,-31.75,project,,12,Mallawagedara Bridge,130137	,58609,,0
1809,1,2026-07-07,issue,0,8,-39.75,asset,376,,FT-07,,,,0
1810,1,2026-07-08,issue,0,0.2,-39.95,asset,425,,TB-02,,,,0
1811,1,2026-07-09,issue,0,1.55,-41.5,asset,343,,DB-04,,,,0
1812,1,2026-07-13,receipt,200,0,104.75,,,,Main Stores,167442,,,0
1813,1,2026-07-10,issue,0,20,-61.5,internal,,,Service Team,,,,0
1814,1,2026-07-10,issue,0,6,-67.5,asset,240,,SC-11,,,,0
1815,1,2026-07-12,issue,0,20,-87.5,project,,13,CEP SEC-03/Galagedara,03425,57820,,0
1816,1,2026-07-12,issue,0,7,-94.5,asset,254,,DT-11,,,,0
1817,1,2026-07-12,issue,0,0.5,-95,asset,426,,ac-24,,,,0
1818,1,2026-07-12,issue,0,0.25,-95.25,asset,407,,BII-2094,,,,0
1819,2,2026-07-09,issue,0,1,64,asset,349,,HEX-18,,,,0
1820,2,2026-07-09,issue,0,0.5,63.5,asset,427,,BDI-8156,,,,0
1821,21,2026-07-09,issue,0,25,15,asset,349,,HEX-18,,,,0
1822,21,2026-07-10,receipt,200,0,215,,,,Main Stores,167442,,,0
1823,21,2026-07-11,issue,0,150,65,asset,353,,HEX-23,,,,0
1824,21,2026-07-12,issue,0,30,35,project,,13,CEP SEC-03/Galagedara,03425,57820,,0
1825,11,2026-07-12,issue,0,15,57,project,,13,CEP SEC-03/Galagedara,03425	,57820,,0
1826,11,2026-07-12,issue,0,1,56,asset,254,,DT-11,,,,0
1827,12,2026-07-07,issue,0,14.5,6.75,asset,35,,TM-03,,,,0
1828,12,2026-07-10,receipt,200,0,206.75,,,,Main Stores,167442,,,0
1829,12,2026-07-10,issue,0,10,196.75,internal,,,Service Team,,,,0
1830,12,2026-07-10,issue,0,3,193.75,asset,240,,SC-11,,,,0
1831,12,2026-07-11,issue,0,0.5,193.25,asset,353,,HEX-23,,,,0
1832,12,2026-07-12,issue,0,30,163.25,project,,13,CEP SEC-03/Galagedara,3425	,57820,,0
1833,14,2026-07-07,issue,0,10,23.5,asset,247,,DT-03,,,,0
1834,14,2026-07-10,issue,0,9,14.5,internal,,,Service Team,,,,0
1835,16,2026-07-08,issue,0,5,314.05,project,,12,Mallawagedara Bridge,130137	,58616,,0
1836,16,2026-07-10,issue,0,1,313.05,asset,428,,SMG-02,,,,0
1837,16,2026-07-10,issue,0,10,303.05,unknown,,,Badalgama Plant,166010	,58618,,0
1838,16,2026-07-11,issue,0,10,293.05,unknown,,,Kirindiwela Bridge,207274	,57818,,0
1839,16,2026-07-11,issue,0,2,291.05,asset,254,,DT-11,,,,0
1840,16,2026-07-11,issue,0,0.75,290.3,asset,293,,DT-49,,,,0
1841,16,2026-07-11,issue,0,0.75,289.55,asset,343,,DB-04,,,,0
1842,16,2026-07-12,issue,0,2.2,287.35,asset,41,,TM-12,,,,0
1843,16,2026-07-13,issue,0,10,258.35,project,,4,Batticaloa Project,03345	,58623,Lot 04,0
1844,16,2026-07-12,issue,0,19,268.35,project,,13,CEP SEC-03/Galagedara,03425	,57821,,0
1845,17,2026-07-09,issue,0,0.25,1.25,asset,428,,SMG-02,,,,0
1846,17,2026-07-10,receipt,13,0,14.25,,,,L/P,166919,,,0
1847,17,2026-07-11,issue,0,2,12.25,asset,224,,HCC-03,,,,0
1848,17,2026-07-11,issue,0,2,10.25,asset,220,,57-3062,,,,0
1849,17,2026-07-11,issue,0,1,9.25,asset,254,,DT-11,,,,0
1850,17,2026-07-11,issue,0,4,5.25,asset,185,,BS-04,,,,0
1851,17,2026-07-11,issue,0,0.5,4.75,asset,254,,DT-11,,,,0
1852,18,2026-07-13,receipt,4.1,0,6,,,,L/P,166919,,,0
1853,18,2026-07-07,issue,0,0.5,2.4,asset,343,,DB-04,,,,0
1854,18,2026-07-12,issue,0,0.5,1.9,asset,240,,SC-11,,,,0
1855,19,2026-07-08,issue,0,0.2,3.8,asset,189,,BM-01,,,,0
1856,19,2026-07-10,receipt,36,0,39.8,,,,Main Stores,167422,,,0
1857,20,2026-06-27,issue,0,1,11,internal,,,Work Shop,,,,0
1858,20,2026-06-28,issue,0,1,10,internal,,,Work Shop,,,,0
1859,20,2026-06-30,issue,0,1,9,internal,,,Work Shop,,,,0
1860,20,2026-07-01,issue,0,1,9,internal,,,Work Shop,,,,0
1861,20,2026-07-02,issue,0,1,8,internal,,,Work Shop,,,,0
1862,20,2026-07-03,issue,0,1,7,internal,,,Work Shop,,,,0
1863,20,2026-07-04,issue,0,1,6,internal,,,Work Shop,,,,0
1864,20,2026-07-05,issue,0,1,5,internal,,,Work Shop,,,,0
1865,20,2026-07-06,issue,0,1,4,internal,,,Work Shop,,,,0
1866,20,2026-07-07,issue,0,1,3,internal,,,Work Shop,,,,0
1867,1,2026-07-13,issue,0,2,102.75,asset,41,,TM-12,,,,0
1868,1,2026-07-13,issue,0,1,101.75,asset,41,,TM-12,,,Rear Engine,0
1869,1,2026-07-14,issue,0,1.5,100.25,asset,224,,HCC-03,,,,0
1870,1,2026-07-16,issue,0,2,98.25,asset,360,,HEX-37,,,,0
1871,1,2026-07-16,receipt,80,0,178.25,,,,Returned From GE-102,,,,0
1872,1,2026-07-17,issue,0,2,176.25,asset,65,,SR-19,,,,0
1873,1,2026-07-25,issue,0,0.25,144.5,asset,428,,SMG-02,,,,0
1874,1,2026-07-21,issue,0,7,169.25,asset,239,,SC-10,,,,0
1875,1,2026-07-25,issue,0,23,121.5,project,,13,CEP SEC-03/Galagedara,030	,57830,,0
1876,1,2026-07-22,issue,0,3,166.25,asset,192,,BM-04,,,,0
1877,1,2026-07-22,receipt,200,0,366.25,,,,Main Stores,167450,,,0
1878,1,2026-07-22,issue,0,200,166.25,internal,,,Service Truck,,,,0
1879,1,2026-07-23,issue,0,1,165.25,asset,388,,MB-19,,,,0
1880,1,2026-07-24,issue,0,1,164.25,asset,331,,BD-02,,,,0
1881,1,2026-07-24,issue,0,13,151.25,asset,189,,BM-01,,,,0
1882,1,2026-07-24,issue,0,6.5,144.75,asset,345,,PV-6889,,,,0
1883,21,2026-07-13,issue,0,10,25,asset,349,,HEX-18,,,,0
1884,21,2026-07-14,receipt,200,0,225,,,,Main Stores,167446,,,0
1885,21,2026-07-14,issue,0,20,205,asset,349,,HEX-18,,,,0
1886,21,2026-07-14,issue,0,50,155,asset,360,,HEX-37,,,,0
1887,21,2026-07-14,issue,0,10,145,asset,360,,HEX-37,,,,0
1888,21,2026-07-16,issue,0,10,135,asset,360,,HEX-37,,,,0
1889,21,2026-07-17,issue,0,30,105,project,,13,CEP SEC-03/Galagedara,03297	,58626,,0
1890,21,2026-07-17,issue,0,20,85,project,,5,Muthur Plant,81445	,58628,,0
1891,21,2026-07-18,issue,0,10,75,asset,349,,HEX-18,,,,0
1892,21,2026-07-20,issue,0,5,70,asset,11,,LB-11,207281	57941,,,0
1893,21,2026-07-20,issue,0,60,10,project,,13,CEP SEC-03/Galagedara,03492	,57940,,0
1894,21,2026-07-21,issue,0,10,0,asset,188,,CR-02,,,,0
1895,11,2026-07-13,issue,0,0.5,55.5,asset,199,,DC-10,,,,0
1896,11,2026-07-16,issue,0,2,53.5,asset,333,,BD-04,,,,0
1897,11,2026-07-16,issue,0,1,52.5,asset,254,,DT-11,,,,0
1898,11,2026-07-18,issue,0,0.25,52.25,asset,262,,DT-19,,,,0
1899,11,2026-07-21,issue,0,1,51.25,asset,207,,DC-20,,,,0
1900,12,2026-07-14,issue,0,4,159.25,asset,11,,LB-11,,,,0
1901,12,2026-07-14,issue,0,20,139.25,project,,11,Musali Water Project,202958	,57933,,0
1902,12,2026-07-17,issue,0,1,138.25,asset,331,,BD-02,,,,0
1903,12,2026-07-21,issue,0,2.5,135.75,asset,239,,SC-10,,,,0
1904,12,2026-07-22,issue,0,12,123.75,asset,383,,FL-02,,,,0
1905,12,2026-07-22,issue,0,20,103.75,internal,,,Service Truck,,,,0
1906,22,2026-07-25,opening,200,0,156.5,,,,Opening balance,,,,0
1907,22,2026-07-10,issue,0,1,-3.5,internal,,,Service Team,,,,0
1908,22,2026-07-13,issue,0,30,-23.5,project,,13,CEP SEC-03/Galagedara,03425	,57820,,0
1909,22,2026-07-10,receipt,10,0,6.5,,,,Opening balance,,,,0
1910,22,2026-07-13,issue,0,3,-26.5,asset,224,,HCC-03,,,,0
1911,22,2026-07-13,issue,0,10,-36.5,asset,188,,CR-02,,,,0
1912,22,2026-07-13,issue,0,1,-37.5,asset,41,,TM-12,,,,0
1913,22,2026-07-17,issue,0,1,-38.5,asset,57,,SR-11,,,,0
1914,22,0002-07-22,issue,0,2.5,-2.5,asset,240,,SC-11,,,,0
1915,22,2026-07-21,issue,0,2,-40.5,,,,,,,,0
1916,22,2026-07-24,issue,0,3,-43.5,asset,189,,BM-01,,,,0
1917,15,2026-07-13,issue,0,15,85,asset,41,,TM-12,,,,0
1918,16,2026-07-14,receipt,182,0,440.35,,,,Main Stores,167446,,,0
1919,16,2026-07-14,issue,0,1,439.35,asset,221,,PV-01,,,,0
1920,16,2026-07-14,issue,0,20,419.35,project,,2,Ruwanwella Water Project,03421	,57930,,0
1921,16,2026-07-15,issue,0,0.8,418.55,asset,29,,LD-05,,,,0
1922,16,2026-07-16,issue,0,2,416.55,asset,360,,HEX-37,,,,0
1923,16,2026-07-17,issue,0,0.25,416.3,asset,65,,SR-19,,,,0
1924,16,2026-07-17,issue,0,50,366.3,project,,4,Batticaloa Project,03297	,58626,,0
1925,16,2026-07-18,issue,0,0.4,365.9,asset,193,,BM-05,,,,0
1926,16,2026-07-20,issue,0,50,315.9,project,,13,CEP SEC-03/Galagedara,03492	,57940,,0
1927,16,2026-07-21,issue,0,0.3,315.6,asset,239,,SC-10,,,,0
1928,1,2026-06-30,adjustment,0,41.5,76.25,,,,Stock-take adjustment,,,Physical 76.25 vs book 117.75,0
1929,2,2026-06-30,adjustment,3,0,88,,,,Stock-take adjustment,,,Physical 88 vs book 85,0
1930,6,2026-06-30,adjustment,19,0,43,,,,Stock-take adjustment,,,Physical 43 vs book 24,0
1931,9,2026-06-30,adjustment,0,204,42.25,,,,Stock-take adjustment,,,Physical 42.25 vs book 246.25,0
1932,11,2026-06-30,adjustment,14,0,72.5,,,,Stock-take adjustment,,,Physical 72.5 vs book 58.5,0
1933,12,2026-06-30,adjustment,2.5,0,37.5,,,,Stock-take adjustment,,,Physical 37.5 vs book 35,0
1934,14,2026-06-30,adjustment,14.5,0,61.5,,,,Stock-take adjustment,,,Physical 61.5 vs book 47,0
1935,16,2026-06-30,adjustment,75.5,0,156.85,,,,Stock-take adjustment,,,Physical 156.85 vs book 81.35,0
1936,17,2026-06-30,adjustment,0.5,0,9.5,,,,Stock-take adjustment,,,Physical 9.5 vs book 9,0
1937,18,2026-06-30,adjustment,2.5,0,3.9,,,,Stock-take adjustment,,,Physical 3.9 vs book 1.4,0
1938,20,2026-06-30,adjustment,1,0,10,,,,Stock-take adjustment,,,Physical 10 vs book 9,0
1939,21,2026-06-30,adjustment,0,44,110,,,,Stock-take adjustment,,,Physical 110 vs book 154,0
1940,1,2026-07-31,adjustment,41.5,0,143,,,,Stock-take adjustment,,,Physical 163 vs book 121.5,0
1941,2,2026-07-31,adjustment,0,3,60.5,,,,Stock-take adjustment,,,Physical 60.5 vs book 63.5,0
1942,6,2026-07-31,adjustment,0,19,24,,,,Stock-take adjustment,,,Physical 24 vs book 43,0
1943,9,2026-07-31,adjustment,204,0,221.75,,,,Stock-take adjustment,,,Physical 221.75 vs book 17.75,0
1944,11,2026-07-31,adjustment,0,14,35.25,,,,Stock-take adjustment,,,Physical 37.25 vs book 51.25,0
1945,12,2026-07-31,adjustment,0,2.5,100.25,,,,Stock-take adjustment,,,Physical 101.25 vs book 103.75,0
1946,14,2026-07-31,adjustment,0,14.5,0,,,,Stock-take adjustment,,,Physical 0 vs book 14.5,0
1947,16,2026-07-31,adjustment,0,75.5,239.85,,,,Stock-take adjustment,,,Physical 240.1 vs book 315.6,0
1948,17,2026-07-31,adjustment,0,0.5,5,,,,Stock-take adjustment,,,Physical 4.25 vs book 4.75,0
1949,18,2026-07-31,adjustment,0,2.5,3,,,,Stock-take adjustment,,,Physical 3.5 vs book 6,0
1950,20,2026-07-31,adjustment,0,1,48.5,,,,Stock-take adjustment,,,Physical 2 vs book 3,0
1951,21,2026-07-31,adjustment,44,0,16,,,,Stock-take adjustment,,,Physical 44 vs book 0,0
1952,16,2026-07-26,issue,0,0.25,315.35,unknown,,,Stock-take adjustment,,,,0
1953,17,2026-07-13,issue,0,2,2.75,asset,188,,CR-02,,,,0
1954,17,2026-07-13,issue,0,1,1.75,asset,368,,WB-02,,,,0
1955,17,2026-07-13,issue,0,1,0.75,asset,185,,BS-04,,,,0
1956,17,2026-07-14,receipt,14,0,14.75,,,,L/P,166925,,,0
1957,17,2026-07-14,issue,0,0.5,14.25,unknown,,,Tinkering W/S,,,,0
1958,17,2026-07-14,issue,0,1,13.25,,,,,,,,0
1959,17,2026-07-14,issue,0,2,11.25,asset,349,,HEX-18,,,,0
1960,17,2026-07-14,issue,0,3,8.25,asset,360,,HEX-37,,,,0
1961,17,2026-07-14,issue,0,1,7.25,asset,3,,LB-03,,,,0
1962,17,2026-07-16,issue,0,1,6.25,asset,343,,DB-04,,,,0
1963,17,2026-07-17,receipt,15,0,21.25,,,,L/P,166930,,,0
1964,17,2026-07-18,issue,0,2,19.25,asset,266,,DT-22,,,,0
1965,17,2026-07-18,issue,0,0.5,18.75,asset,410,,BIE-8538,,,,0
1966,17,2026-07-18,issue,0,0.5,18.25,asset,408,,BGG-6941,,,,0
1967,17,2026-07-20,issue,0,0.25,18,asset,240,,SC-11,,,,0
1968,17,2026-07-20,issue,0,1,17,asset,240,,SC-11,,,,0
1969,17,2026-07-21,issue,0,1,16,asset,207,,DC-20,,,,0
1970,17,2026-07-21,issue,0,1,15,asset,384,,FL-03,,,,0
1971,17,2026-07-21,issue,0,0.5,14.5,asset,231,,HCC-10,,,,0
1972,17,2026-07-21,issue,0,2,12.5,internal,,,Lathe Shop,,,,0
1973,17,2026-07-22,issue,0,1,11.5,asset,244,,SC-15,,,,0
1974,17,2026-07-23,issue,0,2,9.5,asset,201,,DC-12,,,,0
1975,17,2026-07-23,issue,0,1,8.5,asset,363,,HEX-41,,,,0
1976,17,2026-07-23,issue,0,0.5,8,asset,388,,MB-19,,,,0
1977,17,2026-07-23,issue,0,0.5,7.5,asset,351,,HEX-21,,,,0
1978,17,2026-07-24,issue,0,1,6.5,asset,266,,DT-22,,,,0
1979,17,2026-07-25,issue,0,0.5,6,asset,189,,BM-01,,,,0
1980,17,2026-07-25,issue,0,0.5,5.5,asset,266,,DT-22,,,,0
1981,18,2026-07-14,issue,0,0.5,5.5,asset,351,,HEX-21,,,,0
1982,18,2026-07-17,receipt,4,0,9.5,,,,L/P,166930,,,0
1983,18,2026-07-18,issue,0,0.5,9,asset,220,,57-3062,,,,0
1984,18,2026-07-21,issue,0,0.25,8.75,asset,53,,SR-06,,,,0
1985,18,2026-07-21,issue,0,2,6.75,asset,408,,BGG-6941,,,,0
1986,18,2026-07-22,issue,0,0.5,6.25,asset,194,,PC-01,,,,0
1987,18,2026-07-22,issue,0,0.5,5.75,,,,,,,,0
1988,18,2026-07-22,issue,0,0.25,5.5,asset,388,,MB-19,,,,0
1989,19,2026-07-14,issue,0,0.5,39.3,asset,254,,DT-11,,,,0
1990,19,2026-07-16,issue,0,2,37.3,asset,428,,SMG-02,,,,0
1991,19,2026-07-17,issue,0,0.5,36.8,asset,428,,SMG-02,,,,0
1992,19,2026-07-17,issue,0,0.5,36.3,asset,254,,DT-11,,,,0
1993,19,2026-07-19,issue,0,0.5,35.8,asset,192,,BM-04,,,,0
1994,19,2026-07-22,issue,0,0.2,35.6,asset,194,,PC-01,,,,0
1995,19,2026-07-23,issue,0,0.5,35.1,asset,266,,DT-22,,,,0
1996,19,2026-07-25,issue,0,1,34.1,asset,266,,DT-22,,,,0
1997,20,2026-07-08,issue,0,1,2,internal,,,Work Shop,,,,0
1998,20,2026-07-09,issue,0,1,1,internal,,,Work Shop,,,,0
1999,20,2026-07-10,receipt,10,0,11,,,,L/P,166919,,,0
2000,20,2026-07-10,issue,0,1,10,internal,,,Service Team,,,,0
2001,20,2026-07-10,issue,0,0.5,9.5,internal,,,Work Shop,,,,0
2002,20,2026-07-12,issue,0,1,8.5,internal,,,Work Shop,,,,0
2003,20,2026-07-13,issue,0,1,7.5,internal,,,Work Shop,,,,0
2004,20,2026-07-14,issue,0,1,6.5,internal,,,Work Shop,,,,0
2005,20,2026-07-15,issue,0,1,5.5,internal,,,Work Shop,,,,0
2006,20,2026-07-16,receipt,8,0,13.5,,,,L/P,166925,,,0
2007,20,2026-07-16,issue,0,1,12.5,internal,,,Work Shop,,,,0
2008,20,2026-07-17,receipt,40,0,52.5,,,,L/P,166928,,,0
2009,20,2026-07-17,issue,0,1,51.5,unknown,,,166928,,,,0
2010,20,2026-07-18,issue,0,1,50.5,internal,,,Work Shop,,,,0
2011,20,2026-07-19,issue,0,1,49.5,internal,,,Work Shop,,,,0
2012,1,2026-07-25,receipt,200,0,321.5,,,,Main Stores,166802,,,0
2013,1,2026-07-25,issue,0,200,121.5,internal,,,Service Truck,,,,0
2014,1,2026-07-27,issue,0,20,101.5,project,,1,CEP-03 Project,03505	,58643,,0
2015,1,2026-07-27,receipt,50,0,151.5,,,,Retuned From Service Truck,,,,0
2016,1,2026-07-27,issue,0,50,101.5,project,,5,Muthur Plant,81445	,58641,,0
2017,1,2026-08-02,issue,0,2,141,asset,76,,VR-12,,,,0
2018,1,2026-08-02,issue,0,15,126,project,,1,CEP-03 Project,143493	,57946,Wadakada,0
2019,1,2026-08-04,issue,0,5,121,asset,201,,DC-12,,,,0
2020,1,2026-08-04,issue,0,50,71,project,,4,Batticaloa Project,03518	,58648,LOT-03,0
2021,1,2026-08-04,issue,0,40,31,project,,4,Batticaloa Project,03515	,58647,Lot-02,0
2022,1,2026-08-05,issue,0,1,30,asset,201,,DC-12,,,,0
2023,1,2026-08-05,issue,0,1,29,asset,429,,BDI-5685,,,,0
2024,1,2026-08-09,issue,0,1,28,asset,185,,BS-04,,,,0
2025,1,2026-08-10,issue,0,0.5,27.5,asset,348,,HEX-17,,,,0
2026,4,2026-08-07,issue,0,0.5,144.5,asset,29,,LD-05,,,,0
2027,5,2026-08-04,issue,0,30,26.5,project,,5,Muthur Plant,81445	,58650,,0
2028,21,2026-07-27,issue,0,10,-10,project,,16,Kotugoda Bridge,207237	,58642,,0
2029,21,2026-07-27,issue,0,18,-28,asset,349,,HEX-18,,,,0
2030,21,2026-08-03,receipt,200,0,216,,,,Main Stores,166806,,,0
2031,21,2026-08-04,issue,0,20,196,project,,5,Muthur Plant,81445	,58650,,0
2032,21,2026-08-04,issue,0,80,116,project,,4,Batticaloa Project,03610	,58648,Lot-03,0
2033,21,2026-08-04,issue,0,40,76,project,,4,Batticaloa Project,03578	,58647,Lot-02,0
2034,21,2026-08-05,issue,0,40,36,asset,148,,MG-06,,,,0
2035,21,2026-08-05,receipt,200,0,236,,,,Main Stores,166807,,,0
2036,21,2026-08-05,issue,0,67,169,asset,3,,LB-03,,,,0
2037,21,2026-08-07,issue,0,10,159,project,,17,Gampaha Project,143836	,57947,,0
2038,21,2026-08-08,issue,0,20,139,internal,,,Service Truck,,,,0
2039,11,2026-07-27,issue,0,1,50.25,asset,266,,DT-22,,,,0
2040,11,2026-07-30,issue,0,1,49.25,asset,207,,DC-20,,,,0
2041,11,2026-08-05,issue,0,0.5,34.75,asset,370,,WB-20,,,,0
2042,11,2026-08-06,issue,0,1,33.75,asset,370,,WB-20,,,,0
2043,11,2026-08-06,issue,0,1,32.75,asset,370,,WB-20,,,,0
2044,11,2026-08-09,issue,0,0.5,32.25,asset,3,,LB-03,,,,0
2045,12,2026-07-27,issue,0,1,102.75,asset,274,,DT-30,,,,0
2046,12,2026-08-01,issue,0,13,87.25,asset,324,,DT-80,,,,0
2047,22,2026-07-27,issue,0,1,155.5,asset,326,,DT-82,,,,0
2048,22,2026-08-04,issue,0,0.5,155,asset,201,,DC-12,,,,0
2049,15,2026-07-27,issue,0,1,84,asset,370,,WB-20,,,,0
